t,det_l,det_r,x,y,z,dist,ipd,yaw,pitch,roll,arousal,valence,change,dwell,absent,approach,attending,state,det_ms,fsm_state,fsm_row
0.243,0,0,nan,nan,nan,,,nan,nan,nan,0.000,0.000,0.000,0.00,0.00,0.000,0,unknown,225.5,ALONE,
0.359,0,0,nan,nan,nan,,,nan,nan,nan,0.000,0.000,0.000,0.00,0.12,0.000,0,unknown,9.1,ALONE,
0.406,0,0,nan,nan,nan,,,nan,nan,nan,0.000,0.000,0.000,0.00,0.16,0.000,0,unknown,8.4,ALONE,
0.453,0,0,nan,nan,nan,,,nan,nan,nan,0.000,0.000,0.000,0.00,0.21,0.000,0,unknown,8.1,ALONE,
0.501,0,0,nan,nan,nan,,,nan,nan,nan,0.000,0.000,0.000,0.00,0.26,0.000,0,unknown,8.6,ALONE,
0.565,0,0,nan,nan,nan,,,nan,nan,nan,0.000,0.000,0.000,0.00,0.32,0.000,0,unknown,8.1,ALONE,
0.615,0,0,nan,nan,nan,,,nan,nan,nan,0.000,0.000,0.000,0.00,0.37,0.000,0,unknown,8.3,ALONE,
0.749,0,0,nan,nan,nan,,,nan,nan,nan,0.000,0.000,0.000,0.00,0.51,0.000,0,unknown,58.3,ALONE,
0.804,0,0,nan,nan,nan,,,nan,nan,nan,0.000,0.000,0.000,0.00,0.56,0.000,0,unknown,8.4,ALONE,
0.853,0,0,nan,nan,nan,,,nan,nan,nan,0.000,0.000,0.000,0.00,0.61,0.000,0,unknown,8.3,ALONE,
0.900,0,0,nan,nan,nan,,,nan,nan,nan,0.000,0.000,0.000,0.00,0.66,0.000,0,unknown,8.2,ALONE,
0.950,0,0,nan,nan,nan,,,nan,nan,nan,0.000,0.000,0.000,0.00,0.71,0.000,0,unknown,7.8,ALONE,
0.997,0,0,nan,nan,nan,,,nan,nan,nan,0.000,0.000,0.000,0.00,0.75,0.000,0,unknown,8.5,ALONE,
1.044,0,0,nan,nan,nan,,,nan,nan,nan,0.000,0.000,0.000,0.00,0.80,0.000,0,unknown,9.0,ALONE,
1.093,0,0,nan,nan,nan,,,nan,nan,nan,0.000,0.000,0.000,0.00,0.85,0.000,0,unknown,8.5,ALONE,
1.140,0,0,nan,nan,nan,,,nan,nan,nan,0.000,0.000,0.000,0.00,0.90,0.000,0,unknown,7.9,ALONE,
1.188,0,0,nan,nan,nan,,,nan,nan,nan,0.000,0.000,0.000,0.00,0.94,0.000,0,unknown,8.4,ALONE,
1.237,0,0,nan,nan,nan,,,nan,nan,nan,0.000,0.000,0.000,0.00,0.99,0.000,0,unknown,8.1,ALONE,
1.285,0,0,nan,nan,nan,,,nan,nan,nan,0.000,0.000,0.000,0.00,1.04,0.000,0,unknown,8.2,ALONE,
1.332,0,0,nan,nan,nan,,,nan,nan,nan,0.000,0.000,0.000,0.00,1.09,0.000,0,unknown,7.9,ALONE,
1.380,0,0,nan,nan,nan,,,nan,nan,nan,0.000,0.000,0.000,0.00,1.14,0.000,0,unknown,8.0,ALONE,
1.429,0,0,nan,nan,nan,,,nan,nan,nan,0.000,0.000,0.000,0.00,1.19,0.000,0,unknown,8.2,ALONE,
1.477,0,0,nan,nan,nan,,,nan,nan,nan,0.000,0.000,0.000,0.00,1.23,0.000,0,unknown,8.2,ALONE,
1.525,0,0,nan,nan,nan,,,nan,nan,nan,0.000,0.000,0.000,0.00,1.28,0.000,0,unknown,8.2,ALONE,
1.573,0,0,nan,nan,nan,,,nan,nan,nan,0.000,0.000,0.000,0.00,1.33,0.000,0,unknown,8.3,ALONE,
1.622,0,0,nan,nan,nan,,,nan,nan,nan,0.000,0.000,0.000,0.00,1.38,0.000,0,unknown,8.3,ALONE,
1.668,0,0,nan,nan,nan,,,nan,nan,nan,0.000,0.000,0.000,0.00,1.42,0.000,0,unknown,8.1,ALONE,
1.717,0,0,nan,nan,nan,,,nan,nan,nan,0.000,0.000,0.000,0.00,1.47,0.000,0,unknown,8.4,ALONE,
1.764,0,0,nan,nan,nan,,,nan,nan,nan,0.000,0.000,0.000,0.00,1.52,0.000,0,unknown,8.2,ALONE,
1.811,0,0,nan,nan,nan,,,nan,nan,nan,0.000,0.000,0.000,0.00,1.57,0.000,0,unknown,8.1,ALONE,
1.860,0,0,nan,nan,nan,,,nan,nan,nan,0.000,0.000,0.000,0.00,1.62,0.000,0,unknown,8.3,ALONE,
1.925,0,0,nan,nan,nan,,,nan,nan,nan,0.000,0.000,0.000,0.00,1.68,0.000,0,unknown,8.7,ALONE,
1.972,0,0,nan,nan,nan,,,nan,nan,nan,0.000,0.000,0.000,0.00,1.73,0.000,0,unknown,8.7,ALONE,
2.021,0,0,nan,nan,nan,,,nan,nan,nan,0.000,0.000,0.000,0.00,1.78,0.000,0,unknown,8.1,ALONE,
2.070,0,0,nan,nan,nan,,,nan,nan,nan,0.000,0.000,0.000,0.00,1.83,0.000,0,unknown,8.0,ALONE,
2.118,0,0,nan,nan,nan,,,nan,nan,nan,0.000,0.000,0.000,0.00,1.87,0.000,0,unknown,8.3,ALONE,
2.164,0,0,nan,nan,nan,,,nan,nan,nan,0.000,0.000,0.000,0.00,1.92,0.000,0,unknown,8.2,ALONE,
2.213,0,0,nan,nan,nan,,,nan,nan,nan,0.000,0.000,0.000,0.00,1.97,0.000,0,unknown,8.1,ALONE,
2.262,0,0,nan,nan,nan,,,nan,nan,nan,0.000,0.000,0.000,0.00,2.02,0.000,0,unknown,8.3,ALONE,
2.326,0,0,nan,nan,nan,,,nan,nan,nan,0.000,0.000,0.000,0.00,2.08,0.000,0,unknown,8.4,ALONE,
2.372,0,0,nan,nan,nan,,,nan,nan,nan,0.000,0.000,0.000,0.00,2.13,0.000,0,unknown,8.2,ALONE,
2.420,0,0,nan,nan,nan,,,nan,nan,nan,0.000,0.000,0.000,0.00,2.18,0.000,0,unknown,7.8,ALONE,
2.470,0,0,nan,nan,nan,,,nan,nan,nan,0.000,0.000,0.000,0.00,2.23,0.000,0,unknown,8.1,ALONE,
2.518,0,0,nan,nan,nan,,,nan,nan,nan,0.000,0.000,0.000,0.00,2.27,0.000,0,unknown,8.2,ALONE,
2.565,0,0,nan,nan,nan,,,nan,nan,nan,0.000,0.000,0.000,0.00,2.32,0.000,0,unknown,8.1,ALONE,
2.610,0,0,nan,nan,nan,,,nan,nan,nan,0.000,0.000,0.000,0.00,2.37,0.000,0,unknown,8.2,ALONE,
2.658,0,0,nan,nan,nan,,,nan,nan,nan,0.000,0.000,0.000,0.00,2.42,0.000,0,unknown,8.4,ALONE,
2.726,0,0,nan,nan,nan,,,nan,nan,nan,0.000,0.000,0.000,0.00,2.48,0.000,0,unknown,9.2,ALONE,
2.772,0,0,nan,nan,nan,,,nan,nan,nan,0.000,0.000,0.000,0.00,2.53,0.000,0,unknown,8.3,ALONE,
2.819,0,0,nan,nan,nan,,,nan,nan,nan,0.000,0.000,0.000,0.00,2.58,0.000,0,unknown,8.1,ALONE,
2.867,0,0,nan,nan,nan,,,nan,nan,nan,0.000,0.000,0.000,0.00,2.62,0.000,0,unknown,8.4,ALONE,
2.917,0,0,nan,nan,nan,,,nan,nan,nan,0.000,0.000,0.000,0.00,2.67,0.000,0,unknown,8.0,ALONE,
2.965,0,0,nan,nan,nan,,,nan,nan,nan,0.000,0.000,0.000,0.00,2.72,0.000,0,unknown,8.4,ALONE,
3.012,0,0,nan,nan,nan,,,nan,nan,nan,0.000,0.000,0.000,0.00,2.77,0.000,0,unknown,7.9,ALONE,
3.064,1,0,nan,nan,nan,,,-25.73,-11.61,8.59,0.083,-0.003,0.000,0.00,0.00,0.000,0,calibrating,12.4,ALONE,
3.132,0,0,nan,nan,nan,,,nan,nan,nan,0.083,-0.003,0.000,0.00,0.07,0.000,0,unknown,16.3,ALONE,
3.187,0,0,nan,nan,nan,,,nan,nan,nan,0.083,-0.003,0.000,0.00,0.12,0.000,0,unknown,8.6,ALONE,
3.235,0,0,nan,nan,nan,,,nan,nan,nan,0.083,-0.003,0.000,0.00,0.17,0.000,0,unknown,8.1,ALONE,
3.285,0,0,nan,nan,nan,,,nan,nan,nan,0.083,-0.003,0.000,0.00,0.22,0.000,0,unknown,8.3,ALONE,
3.332,0,0,nan,nan,nan,,,nan,nan,nan,0.083,-0.003,0.000,0.00,0.27,0.000,0,unknown,8.1,ALONE,
3.380,0,0,nan,nan,nan,,,nan,nan,nan,0.083,-0.003,0.000,0.00,0.32,0.000,0,unknown,8.5,ALONE,
3.427,0,0,nan,nan,nan,,,nan,nan,nan,0.083,-0.003,0.000,0.00,0.36,0.000,0,unknown,7.9,ALONE,
3.476,0,0,nan,nan,nan,,,nan,nan,nan,0.083,-0.003,0.000,0.00,0.41,0.000,0,unknown,8.4,ALONE,
3.525,0,0,nan,nan,nan,,,nan,nan,nan,0.083,-0.003,0.000,0.00,0.46,0.000,0,unknown,8.3,ALONE,
3.572,0,0,nan,nan,nan,,,nan,nan,nan,0.083,-0.003,0.000,0.00,0.51,0.000,0,unknown,8.1,ALONE,
3.619,0,0,nan,nan,nan,,,nan,nan,nan,0.083,-0.003,0.000,0.00,0.55,0.000,0,unknown,8.1,ALONE,
3.668,0,0,nan,nan,nan,,,nan,nan,nan,0.083,-0.003,0.000,0.00,0.60,0.000,0,unknown,8.2,ALONE,
3.716,0,0,nan,nan,nan,,,nan,nan,nan,0.083,-0.003,0.000,0.00,0.65,0.000,0,unknown,8.2,ALONE,
3.766,1,0,nan,nan,nan,,,-20.16,-8.39,5.19,0.219,-0.004,1.191,0.05,0.00,0.000,1,calibrating,10.0,ALONE,
3.814,0,0,nan,nan,nan,,,nan,nan,nan,0.219,-0.004,1.191,0.05,0.05,0.000,0,unknown,10.1,ALONE,
3.860,0,0,nan,nan,nan,,,nan,nan,nan,0.219,-0.004,1.191,0.05,0.09,0.000,0,unknown,7.9,ALONE,
3.908,0,0,nan,nan,nan,,,nan,nan,nan,0.219,-0.004,1.191,0.05,0.14,0.000,0,unknown,8.1,ALONE,
3.955,0,0,nan,nan,nan,,,nan,nan,nan,0.219,-0.004,1.191,0.05,0.19,0.000,0,unknown,7.8,ALONE,
4.003,0,0,nan,nan,nan,,,nan,nan,nan,0.219,-0.004,1.191,0.05,0.24,0.000,0,unknown,8.2,ALONE,
4.052,0,0,nan,nan,nan,,,nan,nan,nan,0.219,-0.004,1.191,0.05,0.29,0.000,0,unknown,8.1,ALONE,
4.100,0,0,nan,nan,nan,,,nan,nan,nan,0.219,-0.004,1.191,0.05,0.33,0.000,0,unknown,8.1,ALONE,
4.148,0,0,nan,nan,nan,,,nan,nan,nan,0.219,-0.004,1.191,0.05,0.38,0.000,0,unknown,7.8,ALONE,
4.197,0,0,nan,nan,nan,,,nan,nan,nan,0.219,-0.004,1.191,0.05,0.43,0.000,0,unknown,8.1,ALONE,
4.243,0,0,nan,nan,nan,,,nan,nan,nan,0.219,-0.004,1.191,0.05,0.48,0.000,0,unknown,8.0,ALONE,
4.293,0,0,nan,nan,nan,,,nan,nan,nan,0.219,-0.004,1.191,0.00,0.53,0.000,0,unknown,8.3,ALONE,
4.341,0,0,nan,nan,nan,,,nan,nan,nan,0.219,-0.004,1.191,0.00,0.58,0.000,0,unknown,8.3,ALONE,
4.388,0,0,nan,nan,nan,,,nan,nan,nan,0.219,-0.004,1.191,0.00,0.62,0.000,0,unknown,8.3,ALONE,
4.435,0,0,nan,nan,nan,,,nan,nan,nan,0.219,-0.004,1.191,0.00,0.67,0.000,0,unknown,8.1,ALONE,
4.485,0,0,nan,nan,nan,,,nan,nan,nan,0.219,-0.004,1.191,0.00,0.72,0.000,0,unknown,8.3,ALONE,
4.533,0,0,nan,nan,nan,,,nan,nan,nan,0.219,-0.004,1.191,0.00,0.77,0.000,0,unknown,8.6,ALONE,
4.579,0,0,nan,nan,nan,,,nan,nan,nan,0.219,-0.004,1.191,0.00,0.81,0.000,0,unknown,7.9,ALONE,
4.627,0,0,nan,nan,nan,,,nan,nan,nan,0.219,-0.004,1.191,0.00,0.86,0.000,0,unknown,8.2,ALONE,
4.677,0,0,nan,nan,nan,,,nan,nan,nan,0.219,-0.004,1.191,0.00,0.91,0.000,0,unknown,8.1,ALONE,
4.741,0,0,nan,nan,nan,,,nan,nan,nan,0.219,-0.004,1.191,0.00,0.97,0.000,0,unknown,8.7,ALONE,
4.788,0,0,nan,nan,nan,,,nan,nan,nan,0.219,-0.004,1.191,0.00,1.02,0.000,0,unknown,8.3,ALONE,
4.835,0,0,nan,nan,nan,,,nan,nan,nan,0.219,-0.004,1.191,0.00,1.07,0.000,0,unknown,8.0,ALONE,
4.885,0,0,nan,nan,nan,,,nan,nan,nan,0.219,-0.004,1.191,0.00,1.12,0.000,0,unknown,8.3,ALONE,
4.933,0,0,nan,nan,nan,,,nan,nan,nan,0.219,-0.004,1.191,0.00,1.17,0.000,0,unknown,8.4,ALONE,
4.979,0,0,nan,nan,nan,,,nan,nan,nan,0.219,-0.004,1.191,0.00,1.21,0.000,0,unknown,8.2,ALONE,
5.027,0,0,nan,nan,nan,,,nan,nan,nan,0.219,-0.004,1.191,0.00,1.26,0.000,0,unknown,8.3,ALONE,
5.076,0,0,nan,nan,nan,,,nan,nan,nan,0.219,-0.004,1.191,0.00,1.31,0.000,0,unknown,8.1,ALONE,
5.141,0,0,nan,nan,nan,,,nan,nan,nan,0.219,-0.004,1.191,0.00,1.38,0.000,0,unknown,8.7,ALONE,
5.187,0,0,nan,nan,nan,,,nan,nan,nan,0.219,-0.004,1.191,0.00,1.42,0.000,0,unknown,8.3,ALONE,
5.236,0,0,nan,nan,nan,,,nan,nan,nan,0.219,-0.004,1.191,0.00,1.47,0.000,0,unknown,8.4,ALONE,
5.285,0,0,nan,nan,nan,,,nan,nan,nan,0.219,-0.004,1.191,0.00,1.52,0.000,0,unknown,8.2,ALONE,
5.332,0,0,nan,nan,nan,,,nan,nan,nan,0.219,-0.004,1.191,0.00,1.57,0.000,0,unknown,8.1,ALONE,
5.379,0,0,nan,nan,nan,,,nan,nan,nan,0.219,-0.004,1.191,0.00,1.61,0.000,0,unknown,8.0,ALONE,
5.428,0,0,nan,nan,nan,,,nan,nan,nan,0.219,-0.004,1.191,0.00,1.66,0.000,0,unknown,8.1,ALONE,
5.476,0,0,nan,nan,nan,,,nan,nan,nan,0.219,-0.004,1.191,0.00,1.71,0.000,0,unknown,8.0,ALONE,
5.540,0,0,nan,nan,nan,,,nan,nan,nan,0.219,-0.004,1.191,0.00,1.77,0.000,0,unknown,8.3,ALONE,
5.587,0,0,nan,nan,nan,,,nan,nan,nan,0.219,-0.004,1.191,0.00,1.82,0.000,0,unknown,8.2,ALONE,
5.636,0,0,nan,nan,nan,,,nan,nan,nan,0.219,-0.004,1.191,0.00,1.87,0.000,0,unknown,8.2,ALONE,
5.685,0,0,nan,nan,nan,,,nan,nan,nan,0.219,-0.004,1.191,0.00,1.92,0.000,0,unknown,8.3,ALONE,
5.733,0,0,nan,nan,nan,,,nan,nan,nan,0.219,-0.004,1.191,0.00,1.97,0.000,0,unknown,8.1,ALONE,
5.780,0,0,nan,nan,nan,,,nan,nan,nan,0.219,-0.004,1.191,0.00,2.01,0.000,0,unknown,8.3,ALONE,
5.827,0,0,nan,nan,nan,,,nan,nan,nan,0.219,-0.004,1.191,0.00,2.06,0.000,0,unknown,8.1,ALONE,
5.877,0,0,nan,nan,nan,,,nan,nan,nan,0.219,-0.004,1.191,0.00,2.11,0.000,0,unknown,8.3,ALONE,
5.943,0,0,nan,nan,nan,,,nan,nan,nan,0.219,-0.004,1.191,0.00,2.18,0.000,0,unknown,8.7,ALONE,
5.991,1,0,nan,nan,nan,,,-23.65,-6.90,11.13,0.316,-0.005,1.035,0.05,0.00,0.000,1,neutral,10.3,ALONE,
6.037,0,0,nan,nan,nan,,,nan,nan,nan,0.316,-0.005,1.035,0.05,0.05,0.000,0,unknown,9.6,ALONE,
6.084,0,0,nan,nan,nan,,,nan,nan,nan,0.316,-0.005,1.035,0.05,0.09,0.000,0,unknown,7.9,ALONE,
6.133,0,0,nan,nan,nan,,,nan,nan,nan,0.316,-0.005,1.035,0.05,0.14,0.000,0,unknown,8.2,ALONE,
6.180,0,0,nan,nan,nan,,,nan,nan,nan,0.316,-0.005,1.035,0.05,0.19,0.000,0,unknown,8.3,ALONE,
6.227,0,0,nan,nan,nan,,,nan,nan,nan,0.316,-0.005,1.035,0.05,0.24,0.000,0,unknown,8.0,ALONE,
6.276,0,0,nan,nan,nan,,,nan,nan,nan,0.316,-0.005,1.035,0.05,0.29,0.000,0,unknown,8.4,ALONE,
6.340,0,0,nan,nan,nan,,,nan,nan,nan,0.316,-0.005,1.035,0.05,0.35,0.000,0,unknown,7.7,ALONE,
6.387,0,0,nan,nan,nan,,,nan,nan,nan,0.316,-0.005,1.035,0.05,0.40,0.000,0,unknown,8.1,ALONE,
6.438,1,0,nan,nan,nan,,,-24.41,-4.50,11.37,0.485,-0.006,2.345,0.10,0.00,0.000,1,angry,10.4,ALONE,
6.488,1,0,nan,nan,nan,,,-28.08,-5.71,11.67,0.546,-0.017,2.936,0.00,0.00,0.000,0,angry,11.9,ALONE,
6.533,0,0,nan,nan,nan,,,nan,nan,nan,0.546,-0.017,2.936,0.00,0.04,0.000,0,unknown,10.0,ALONE,
6.580,0,0,nan,nan,nan,,,nan,nan,nan,0.546,-0.017,2.936,0.00,0.09,0.000,0,unknown,8.0,ALONE,
6.627,0,0,nan,nan,nan,,,nan,nan,nan,0.546,-0.017,2.936,0.00,0.14,0.000,0,unknown,8.1,ALONE,
6.676,0,0,nan,nan,nan,,,nan,nan,nan,0.546,-0.017,2.936,0.00,0.19,0.000,0,unknown,8.2,ALONE,
6.740,0,0,nan,nan,nan,,,nan,nan,nan,0.546,-0.017,2.936,0.00,0.25,0.000,0,unknown,8.6,ALONE,
6.787,0,0,nan,nan,nan,,,nan,nan,nan,0.546,-0.017,2.936,0.00,0.30,0.000,0,unknown,7.9,ALONE,
6.836,0,0,nan,nan,nan,,,nan,nan,nan,0.546,-0.017,2.936,0.00,0.35,0.000,0,unknown,8.4,ALONE,
6.884,0,0,nan,nan,nan,,,nan,nan,nan,0.546,-0.017,2.936,0.00,0.40,0.000,0,unknown,8.2,ALONE,
6.933,0,0,nan,nan,nan,,,nan,nan,nan,0.546,-0.017,2.936,0.00,0.44,0.000,0,unknown,8.2,ALONE,
6.980,0,0,nan,nan,nan,,,nan,nan,nan,0.546,-0.017,2.936,0.00,0.49,0.000,0,unknown,8.0,ALONE,
7.028,0,0,nan,nan,nan,,,nan,nan,nan,0.546,-0.017,2.936,0.00,0.54,0.000,0,unknown,8.3,ALONE,
7.071,0,0,nan,nan,nan,,,nan,nan,nan,0.546,-0.017,2.936,0.00,0.58,0.000,0,unknown,2.6,ALONE,
7.124,0,0,nan,nan,nan,,,nan,nan,nan,0.546,-0.017,2.936,0.00,0.64,0.000,0,unknown,8.2,ALONE,
7.172,0,0,nan,nan,nan,,,nan,nan,nan,0.546,-0.017,2.936,0.00,0.68,0.000,0,unknown,8.3,ALONE,
7.219,0,0,nan,nan,nan,,,nan,nan,nan,0.546,-0.017,2.936,0.00,0.73,0.000,0,unknown,7.9,ALONE,
7.268,0,0,nan,nan,nan,,,nan,nan,nan,0.546,-0.017,2.936,0.00,0.78,0.000,0,unknown,8.5,ALONE,
7.316,0,0,nan,nan,nan,,,nan,nan,nan,0.546,-0.017,2.936,0.00,0.83,0.000,0,unknown,8.0,ALONE,
7.363,0,0,nan,nan,nan,,,nan,nan,nan,0.546,-0.017,2.936,0.00,0.87,0.000,0,unknown,8.0,ALONE,
7.411,0,0,nan,nan,nan,,,nan,nan,nan,0.546,-0.017,2.936,0.00,0.92,0.000,0,unknown,7.9,ALONE,
7.459,0,0,nan,nan,nan,,,nan,nan,nan,0.546,-0.017,2.936,0.00,0.97,0.000,0,unknown,8.1,ALONE,
7.503,0,0,nan,nan,nan,,,nan,nan,nan,0.546,-0.017,2.936,0.00,1.01,0.000,0,unknown,2.3,ALONE,
7.550,0,0,nan,nan,nan,,,nan,nan,nan,0.546,-0.017,2.936,0.00,1.06,0.000,0,unknown,2.6,ALONE,
7.604,0,0,nan,nan,nan,,,nan,nan,nan,0.546,-0.017,2.936,0.00,1.12,0.000,0,unknown,8.4,ALONE,
7.656,0,0,nan,nan,nan,,,nan,nan,nan,0.546,-0.017,2.936,0.00,1.17,0.000,0,unknown,8.4,ALONE,
7.696,0,0,nan,nan,nan,,,nan,nan,nan,0.546,-0.017,2.936,0.00,1.21,0.000,0,unknown,2.7,ALONE,
7.747,0,0,nan,nan,nan,,,nan,nan,nan,0.546,-0.017,2.936,0.00,1.26,0.000,0,unknown,8.0,ALONE,
7.795,0,0,nan,nan,nan,,,nan,nan,nan,0.546,-0.017,2.936,0.00,1.31,0.000,0,unknown,7.8,ALONE,
7.845,0,0,nan,nan,nan,,,nan,nan,nan,0.546,-0.017,2.936,0.00,1.36,0.000,0,unknown,8.0,ALONE,
7.890,0,0,nan,nan,nan,,,nan,nan,nan,0.546,-0.017,2.936,0.00,1.40,0.000,0,unknown,8.4,ALONE,
7.957,0,0,nan,nan,nan,,,nan,nan,nan,0.546,-0.017,2.936,0.00,1.47,0.000,0,unknown,8.8,ALONE,
8.005,1,0,nan,nan,nan,,,-31.78,-20.47,14.59,0.444,-0.039,4.802,0.00,0.00,0.000,0,neutral,10.1,ALONE,
8.060,1,0,nan,nan,nan,,,-37.22,-14.47,17.69,0.406,-0.078,4.513,0.00,0.00,0.000,0,neutral,17.1,ALONE,
8.110,1,0,nan,nan,nan,,,-24.22,-12.46,4.86,0.378,-0.071,4.210,0.05,0.00,0.000,1,neutral,16.6,ALONE,
8.168,1,0,nan,nan,nan,,,-38.65,-12.71,22.97,0.329,-0.057,3.778,0.00,0.00,0.000,0,neutral,12.7,ALONE,
8.208,0,0,nan,nan,nan,,,nan,nan,nan,0.329,-0.057,3.778,0.00,0.04,0.000,0,unknown,4.2,ALONE,
8.260,0,0,nan,nan,nan,,,nan,nan,nan,0.329,-0.057,3.778,0.00,0.09,0.000,0,unknown,8.6,ALONE,
8.303,0,0,nan,nan,nan,,,nan,nan,nan,0.329,-0.057,3.778,0.00,0.14,0.000,0,unknown,2.7,ALONE,
8.356,0,0,nan,nan,nan,,,nan,nan,nan,0.329,-0.057,3.778,0.00,0.19,0.000,0,unknown,8.2,ALONE,
8.403,0,0,nan,nan,nan,,,nan,nan,nan,0.329,-0.057,3.778,0.00,0.24,0.000,0,unknown,7.9,ALONE,
8.446,0,0,nan,nan,nan,,,nan,nan,nan,0.329,-0.057,3.778,0.00,0.28,0.000,0,unknown,2.5,ALONE,
8.500,0,0,nan,nan,nan,,,nan,nan,nan,0.329,-0.057,3.778,0.00,0.33,0.000,0,unknown,8.3,ALONE,
8.548,0,0,nan,nan,nan,,,nan,nan,nan,0.329,-0.057,3.778,0.00,0.38,0.000,0,unknown,7.9,ALONE,
8.596,0,0,nan,nan,nan,,,nan,nan,nan,0.329,-0.057,3.778,0.00,0.43,0.000,0,unknown,8.2,ALONE,
8.644,0,0,nan,nan,nan,,,nan,nan,nan,0.329,-0.057,3.778,0.00,0.48,0.000,0,unknown,8.1,ALONE,
8.692,0,0,nan,nan,nan,,,nan,nan,nan,0.329,-0.057,3.778,0.00,0.52,0.000,0,unknown,8.2,ALONE,
8.756,0,0,nan,nan,nan,,,nan,nan,nan,0.329,-0.057,3.778,0.00,0.59,0.000,0,unknown,8.6,ALONE,
8.805,0,0,nan,nan,nan,,,nan,nan,nan,0.329,-0.057,3.778,0.00,0.64,0.000,0,unknown,8.3,ALONE,
8.854,1,0,nan,nan,nan,,,-42.42,-9.05,22.38,0.270,-0.063,3.474,0.00,0.00,0.000,0,neutral,9.9,ALONE,
8.901,1,0,nan,nan,nan,,,-33.02,-13.01,6.46,0.265,-0.054,3.478,0.00,0.00,0.000,0,neutral,9.6,ALONE,
8.955,0,0,nan,nan,nan,,,nan,nan,nan,0.265,-0.054,3.478,0.00,0.05,0.000,0,unknown,15.5,ALONE,
9.011,0,0,nan,nan,nan,,,nan,nan,nan,0.265,-0.054,3.478,0.00,0.11,0.000,0,unknown,8.5,ALONE,
9.062,1,0,nan,nan,nan,,,-38.48,-11.27,22.23,0.220,-0.039,3.435,0.00,0.00,0.000,0,neutral,9.8,ALONE,
9.118,1,0,nan,nan,nan,,,-40.09,-5.14,21.96,0.209,-0.009,3.166,0.00,0.00,0.000,0,neutral,17.5,ALONE,
9.179,0,0,nan,nan,nan,,,nan,nan,nan,0.209,-0.009,3.166,0.00,0.06,0.000,0,unknown,15.5,ALONE,
9.238,1,0,nan,nan,nan,,,-37.79,-13.06,20.24,0.168,0.107,3.888,0.00,0.00,0.000,0,neutral,10.1,ALONE,
9.292,0,0,nan,nan,nan,,,nan,nan,nan,0.168,0.107,3.888,0.00,0.05,0.000,0,unknown,15.6,ALONE,
9.347,0,0,nan,nan,nan,,,nan,nan,nan,0.168,0.107,3.888,0.00,0.11,0.000,0,unknown,8.1,ALONE,
9.398,1,0,nan,nan,nan,,,-44.21,-3.27,19.11,0.323,0.080,6.525,0.00,0.00,0.000,0,neutral,9.9,ALONE,
9.453,1,0,nan,nan,nan,,,-28.85,-6.74,15.25,0.343,0.057,6.622,0.00,0.00,0.000,0,neutral,17.1,ALONE,
9.510,0,0,nan,nan,nan,,,nan,nan,nan,0.343,0.057,6.622,0.00,0.06,0.000,0,unknown,10.4,ALONE,
9.550,0,0,nan,nan,nan,,,nan,nan,nan,0.343,0.057,6.622,0.00,0.10,0.000,0,unknown,2.6,ALONE,
9.598,0,0,nan,nan,nan,,,nan,nan,nan,0.343,0.057,6.622,0.00,0.14,0.000,0,unknown,2.5,ALONE,
9.645,0,0,nan,nan,nan,,,nan,nan,nan,0.343,0.057,6.622,0.00,0.19,0.000,0,unknown,2.7,ALONE,
9.699,0,0,nan,nan,nan,,,nan,nan,nan,0.343,0.057,6.622,0.00,0.25,0.000,0,unknown,8.5,ALONE,
9.743,0,0,nan,nan,nan,,,nan,nan,nan,0.343,0.057,6.622,0.00,0.29,0.000,0,unknown,2.6,ALONE,
9.789,0,0,nan,nan,nan,,,nan,nan,nan,0.343,0.057,6.622,0.00,0.34,0.000,0,unknown,2.4,ALONE,
9.837,0,0,nan,nan,nan,,,nan,nan,nan,0.343,0.057,6.622,0.00,0.38,0.000,0,unknown,2.5,ALONE,
9.885,0,0,nan,nan,nan,,,nan,nan,nan,0.343,0.057,6.622,0.00,0.43,0.000,0,unknown,2.7,ALONE,
9.941,0,0,nan,nan,nan,,,nan,nan,nan,0.343,0.057,6.622,0.00,0.49,0.000,0,unknown,7.7,ALONE,
9.987,0,0,nan,nan,nan,,,nan,nan,nan,0.343,0.057,6.622,0.00,0.53,0.000,0,unknown,8.0,ALONE,
10.031,0,0,nan,nan,nan,,,nan,nan,nan,0.343,0.057,6.622,0.00,0.58,0.000,0,unknown,2.6,ALONE,
10.083,0,0,nan,nan,nan,,,nan,nan,nan,0.343,0.057,6.622,0.00,0.63,0.000,0,unknown,8.3,ALONE,
10.133,0,0,nan,nan,nan,,,nan,nan,nan,0.343,0.057,6.622,0.00,0.68,0.000,0,unknown,8.1,ALONE,
10.173,0,0,nan,nan,nan,,,nan,nan,nan,0.343,0.057,6.622,0.00,0.72,0.000,0,unknown,2.3,ALONE,
10.221,0,0,nan,nan,nan,,,nan,nan,nan,0.343,0.057,6.622,0.00,0.77,0.000,0,unknown,2.4,ALONE,
10.270,0,0,nan,nan,nan,,,nan,nan,nan,0.343,0.057,6.622,0.00,0.82,0.000,0,unknown,2.9,ALONE,
10.317,0,0,nan,nan,nan,,,nan,nan,nan,0.343,0.057,6.622,0.00,0.86,0.000,0,unknown,2.5,ALONE,
10.371,0,0,nan,nan,nan,,,nan,nan,nan,0.343,0.057,6.622,0.00,0.92,0.000,0,unknown,8.1,ALONE,
10.413,0,0,nan,nan,nan,,,nan,nan,nan,0.343,0.057,6.622,0.00,0.96,0.000,0,unknown,2.4,ALONE,
10.461,0,0,nan,nan,nan,,,nan,nan,nan,0.343,0.057,6.622,0.00,1.01,0.000,0,unknown,2.7,ALONE,
10.514,0,0,nan,nan,nan,,,nan,nan,nan,0.343,0.057,6.622,0.00,1.06,0.000,0,unknown,7.6,ALONE,
10.564,0,0,nan,nan,nan,,,nan,nan,nan,0.343,0.057,6.622,0.00,1.11,0.000,0,unknown,8.2,ALONE,
10.606,0,0,nan,nan,nan,,,nan,nan,nan,0.343,0.057,6.622,0.00,1.15,0.000,0,unknown,2.4,ALONE,
10.660,0,0,nan,nan,nan,,,nan,nan,nan,0.343,0.057,6.622,0.00,1.21,0.000,0,unknown,8.4,ALONE,
10.703,0,0,nan,nan,nan,,,nan,nan,nan,0.343,0.057,6.622,0.00,1.25,0.000,0,unknown,2.7,ALONE,
10.767,0,0,nan,nan,nan,,,nan,nan,nan,0.343,0.057,6.622,0.00,1.31,0.000,0,unknown,2.9,ALONE,
10.819,0,0,nan,nan,nan,,,nan,nan,nan,0.343,0.057,6.622,0.00,1.37,0.000,0,unknown,8.4,ALONE,
10.862,0,0,nan,nan,nan,,,nan,nan,nan,0.343,0.057,6.622,0.00,1.41,0.000,0,unknown,2.4,ALONE,
10.910,0,0,nan,nan,nan,,,nan,nan,nan,0.343,0.057,6.622,0.00,1.46,0.000,0,unknown,2.7,ALONE,
10.957,0,0,nan,nan,nan,,,nan,nan,nan,0.343,0.057,6.622,0.00,1.50,0.000,0,unknown,2.4,ALONE,
11.012,0,0,nan,nan,nan,,,nan,nan,nan,0.343,0.057,6.622,0.00,1.56,0.000,0,unknown,8.1,ALONE,
11.054,0,0,nan,nan,nan,,,nan,nan,nan,0.343,0.057,6.622,0.00,1.60,0.000,0,unknown,2.4,ALONE,
11.108,0,0,nan,nan,nan,,,nan,nan,nan,0.343,0.057,6.622,0.00,1.65,0.000,0,unknown,8.2,ALONE,
11.166,0,0,nan,nan,nan,,,nan,nan,nan,0.343,0.057,6.622,0.00,1.71,0.000,0,unknown,2.6,ALONE,
11.214,0,0,nan,nan,nan,,,nan,nan,nan,0.343,0.057,6.622,0.00,1.76,0.000,0,unknown,2.8,ALONE,
11.267,0,0,nan,nan,nan,,,nan,nan,nan,0.343,0.057,6.622,0.00,1.81,0.000,0,unknown,7.8,ALONE,
11.312,0,0,nan,nan,nan,,,nan,nan,nan,0.343,0.057,6.622,0.00,1.86,0.000,0,unknown,2.8,ALONE,
11.362,0,0,nan,nan,nan,,,nan,nan,nan,0.343,0.057,6.622,0.00,1.91,0.000,0,unknown,7.8,ALONE,
11.412,0,0,nan,nan,nan,,,nan,nan,nan,0.343,0.057,6.622,0.00,1.96,0.000,0,unknown,8.2,ALONE,
11.456,0,0,nan,nan,nan,,,nan,nan,nan,0.343,0.057,6.622,0.00,2.00,0.000,0,unknown,2.8,ALONE,
11.503,0,0,nan,nan,nan,,,nan,nan,nan,0.343,0.057,6.622,0.00,2.05,0.000,0,unknown,2.8,ALONE,
11.566,0,0,nan,nan,nan,,,nan,nan,nan,0.343,0.057,6.622,0.00,2.11,0.000,0,unknown,2.5,ALONE,
11.613,0,0,nan,nan,nan,,,nan,nan,nan,0.343,0.057,6.622,0.00,2.16,0.000,0,unknown,2.5,ALONE,
11.661,0,0,nan,nan,nan,,,nan,nan,nan,0.343,0.057,6.622,0.00,2.21,0.000,0,unknown,2.5,ALONE,
11.709,0,0,nan,nan,nan,,,nan,nan,nan,0.343,0.057,6.622,0.00,2.26,0.000,0,unknown,2.4,ALONE,
11.758,0,0,nan,nan,nan,,,nan,nan,nan,0.343,0.057,6.622,0.00,2.30,0.000,0,unknown,2.4,ALONE,
11.806,0,0,nan,nan,nan,,,nan,nan,nan,0.343,0.057,6.622,0.00,2.35,0.000,0,unknown,2.9,ALONE,
11.854,0,0,nan,nan,nan,,,nan,nan,nan,0.343,0.057,6.622,0.00,2.40,0.000,0,unknown,2.7,ALONE,
11.902,0,0,nan,nan,nan,,,nan,nan,nan,0.343,0.057,6.622,0.00,2.45,0.000,0,unknown,2.5,ALONE,
11.966,0,0,nan,nan,nan,,,nan,nan,nan,0.343,0.057,6.622,0.00,2.51,0.000,0,unknown,2.8,ALONE,
12.014,0,0,nan,nan,nan,,,nan,nan,nan,0.343,0.057,6.622,0.00,2.56,0.000,0,unknown,2.5,ALONE,
12.061,0,0,nan,nan,nan,,,nan,nan,nan,0.343,0.057,6.622,0.00,2.61,0.000,0,unknown,2.7,ALONE,
12.109,0,0,nan,nan,nan,,,nan,nan,nan,0.343,0.057,6.622,0.00,2.66,0.000,0,unknown,2.6,ALONE,
12.157,0,0,nan,nan,nan,,,nan,nan,nan,0.343,0.057,6.622,0.00,2.70,0.000,0,unknown,2.7,ALONE,
12.205,0,0,nan,nan,nan,,,nan,nan,nan,0.343,0.057,6.622,0.00,2.75,0.000,0,unknown,2.8,ALONE,
12.253,0,0,nan,nan,nan,,,nan,nan,nan,0.343,0.057,6.622,0.00,2.80,0.000,0,unknown,2.5,ALONE,
12.302,0,0,nan,nan,nan,,,nan,nan,nan,0.343,0.057,6.622,0.00,2.85,0.000,0,unknown,2.7,ALONE,
12.365,0,0,nan,nan,nan,,,nan,nan,nan,0.343,0.057,6.622,0.00,2.91,0.000,0,unknown,2.6,ALONE,
12.414,0,0,nan,nan,nan,,,nan,nan,nan,0.343,0.057,6.622,0.00,2.96,0.000,0,unknown,2.7,ALONE,
12.463,0,0,nan,nan,nan,,,nan,nan,nan,0.343,0.057,6.622,0.00,3.01,0.000,0,unknown,2.5,ALONE,
12.510,0,0,nan,nan,nan,,,nan,nan,nan,0.343,0.057,6.622,0.00,3.06,0.000,0,unknown,2.7,ALONE,
12.558,0,0,nan,nan,nan,,,nan,nan,nan,0.343,0.057,6.622,0.00,3.10,0.000,0,unknown,2.5,ALONE,
12.605,0,0,nan,nan,nan,,,nan,nan,nan,0.343,0.057,6.622,0.00,3.15,0.000,0,unknown,2.4,ALONE,
12.653,0,0,nan,nan,nan,,,nan,nan,nan,0.343,0.057,6.622,0.00,3.20,0.000,0,unknown,2.5,ALONE,
12.702,0,0,nan,nan,nan,,,nan,nan,nan,0.343,0.057,6.622,0.00,3.25,0.000,0,unknown,2.7,ALONE,
12.772,0,0,nan,nan,nan,,,nan,nan,nan,0.343,0.057,6.622,0.00,3.32,0.000,0,unknown,8.6,ALONE,
12.814,0,0,nan,nan,nan,,,nan,nan,nan,0.343,0.057,6.622,0.00,3.36,0.000,0,unknown,2.6,ALONE,
12.863,0,0,nan,nan,nan,,,nan,nan,nan,0.343,0.057,6.622,0.00,3.41,0.000,0,unknown,2.7,ALONE,
12.910,0,0,nan,nan,nan,,,nan,nan,nan,0.343,0.057,6.622,0.00,3.46,0.000,0,unknown,2.5,ALONE,
12.958,0,0,nan,nan,nan,,,nan,nan,nan,0.343,0.057,6.622,0.00,3.50,0.000,0,unknown,2.7,ALONE,
13.006,0,0,nan,nan,nan,,,nan,nan,nan,0.343,0.057,6.622,0.00,3.55,0.000,0,unknown,2.6,ALONE,
13.054,0,0,nan,nan,nan,,,nan,nan,nan,0.343,0.057,6.622,0.00,3.60,0.000,0,unknown,2.5,ALONE,
13.102,0,0,nan,nan,nan,,,nan,nan,nan,0.343,0.057,6.622,0.00,3.65,0.000,0,unknown,2.4,ALONE,
13.150,0,0,nan,nan,nan,,,nan,nan,nan,0.343,0.057,6.622,0.00,3.70,0.000,0,unknown,2.9,ALONE,
13.198,0,0,nan,nan,nan,,,nan,nan,nan,0.343,0.057,6.622,0.00,3.75,0.000,0,unknown,2.7,ALONE,
13.245,0,0,nan,nan,nan,,,nan,nan,nan,0.343,0.057,6.622,0.00,3.79,0.000,0,unknown,2.5,ALONE,
13.299,0,0,nan,nan,nan,,,nan,nan,nan,0.343,0.057,6.622,0.00,3.85,0.000,0,unknown,8.6,ALONE,
13.348,0,0,nan,nan,nan,,,nan,nan,nan,0.343,0.057,6.622,0.00,3.90,0.000,0,unknown,8.1,ALONE,
13.396,0,0,nan,nan,nan,,,nan,nan,nan,0.343,0.057,6.622,0.00,3.94,0.000,0,unknown,8.4,ALONE,
13.443,0,0,nan,nan,nan,,,nan,nan,nan,0.343,0.057,6.622,0.00,3.99,0.000,0,unknown,8.2,ALONE,
13.492,0,0,nan,nan,nan,,,nan,nan,nan,0.343,0.057,6.622,0.00,4.04,0.000,0,unknown,8.2,ALONE,
13.535,0,0,nan,nan,nan,,,nan,nan,nan,0.343,0.057,6.622,0.00,4.08,0.000,0,unknown,2.8,ALONE,
13.588,0,0,nan,nan,nan,,,nan,nan,nan,0.343,0.057,6.622,0.00,4.13,0.000,0,unknown,8.4,ALONE,
13.636,0,0,nan,nan,nan,,,nan,nan,nan,0.343,0.057,6.622,0.00,4.18,0.000,0,unknown,8.0,ALONE,
13.684,0,0,nan,nan,nan,,,nan,nan,nan,0.343,0.057,6.622,0.00,4.23,0.000,0,unknown,8.1,ALONE,
13.732,0,0,nan,nan,nan,,,nan,nan,nan,0.343,0.057,6.622,0.00,4.28,0.000,0,unknown,8.4,ALONE,
13.779,0,0,nan,nan,nan,,,nan,nan,nan,0.343,0.057,6.622,0.00,4.33,0.000,0,unknown,8.0,ALONE,
13.827,0,0,nan,nan,nan,,,nan,nan,nan,0.343,0.057,6.622,0.00,4.37,0.000,0,unknown,8.3,ALONE,
13.876,0,0,nan,nan,nan,,,nan,nan,nan,0.343,0.057,6.622,0.00,4.42,0.000,0,unknown,8.0,ALONE,
13.924,0,0,nan,nan,nan,,,nan,nan,nan,0.343,0.057,6.622,0.00,4.47,0.000,0,unknown,8.3,ALONE,
13.988,0,0,nan,nan,nan,,,nan,nan,nan,0.343,0.057,6.622,0.00,4.53,0.000,0,unknown,8.6,ALONE,
14.035,0,0,nan,nan,nan,,,nan,nan,nan,0.343,0.057,6.622,0.00,4.58,0.000,0,unknown,8.3,ALONE,
14.084,0,0,nan,nan,nan,,,nan,nan,nan,0.343,0.057,6.622,0.00,4.63,0.000,0,unknown,8.3,ALONE,
14.132,0,0,nan,nan,nan,,,nan,nan,nan,0.343,0.057,6.622,0.00,4.68,0.000,0,unknown,8.5,ALONE,
14.179,0,0,nan,nan,nan,,,nan,nan,nan,0.343,0.057,6.622,0.00,4.73,0.000,0,unknown,8.1,ALONE,
14.227,0,0,nan,nan,nan,,,nan,nan,nan,0.343,0.057,6.622,0.00,4.77,0.000,0,unknown,8.3,ALONE,
14.277,0,0,nan,nan,nan,,,nan,nan,nan,0.343,0.057,6.622,0.00,4.82,0.000,0,unknown,8.0,ALONE,
14.325,0,0,nan,nan,nan,,,nan,nan,nan,0.343,0.057,6.622,0.00,4.87,0.000,0,unknown,8.5,ALONE,
14.388,0,0,nan,nan,nan,,,nan,nan,nan,0.343,0.057,6.622,0.00,4.94,0.000,0,unknown,8.8,ALONE,
14.430,0,0,nan,nan,nan,,,nan,nan,nan,0.343,0.057,6.622,0.00,4.98,0.000,0,unknown,2.6,ALONE,
14.479,0,0,nan,nan,nan,,,nan,nan,nan,0.343,0.057,6.622,0.00,5.03,0.000,0,unknown,2.6,ALONE,
14.525,0,0,nan,nan,nan,,,nan,nan,nan,0.343,0.057,6.622,0.00,5.07,0.000,0,unknown,2.5,ALONE,
14.581,0,1,nan,nan,nan,,,-30.22,-4.72,0.71,0.404,0.119,6.634,0.00,0.00,0.000,0,neutral,9.8,ALONE,
14.632,1,1,-0.1521,0.1978,-0.3763,0.4515,0.0465,-35.58,-7.80,7.74,0.504,0.099,6.653,0.00,0.00,0.000,0,excited,10.3,ALONE,
14.678,1,1,-0.1539,0.1987,-0.3769,0.4530,0.0662,-34.54,-19.59,10.13,0.444,0.080,7.708,0.00,0.00,-0.007,0,excited,9.9,ALONE,
14.726,1,1,-0.1563,0.2004,-0.3789,0.4562,0.0559,-36.60,-18.14,10.25,0.398,0.074,6.304,0.00,0.00,-0.018,0,neutral,10.2,ALONE,
14.790,1,1,-0.1593,0.2024,-0.3825,0.4611,0.0535,-36.82,-18.43,10.41,0.354,0.074,5.170,0.00,0.00,-0.030,0,neutral,10.5,ALONE,
14.838,1,1,-0.1621,0.2036,-0.3853,0.4650,0.0642,-35.64,-17.70,10.31,0.319,0.075,4.177,0.00,0.00,-0.040,0,neutral,10.0,ALONE,
14.886,1,1,-0.1654,0.2055,-0.3895,0.4704,0.0566,-37.16,-17.17,11.03,0.297,0.078,3.428,0.00,0.00,-0.054,0,neutral,10.2,ALONE,
14.934,1,1,-0.1664,0.2046,-0.3896,0.4705,0.0609,-38.07,-17.95,11.42,0.278,0.059,3.093,0.00,0.00,-0.044,0,neutral,10.1,ALONE,
14.982,1,1,-0.1668,0.2034,-0.3893,0.4698,0.0671,-36.44,-16.70,10.54,0.271,0.092,3.263,0.00,0.00,-0.032,0,neutral,10.1,ALONE,
15.030,1,1,-0.1676,0.2030,-0.3901,0.4707,0.0542,-37.39,-16.28,11.38,0.270,0.079,3.238,0.00,0.00,-0.029,0,neutral,10.0,ALONE,
15.078,1,1,-0.1680,0.2024,-0.3904,0.4708,0.0791,-37.34,-17.12,11.48,0.259,0.060,2.815,0.00,0.00,-0.024,0,neutral,10.2,ALONE,
15.126,1,1,-0.1702,0.2030,-0.3933,0.4742,0.0767,-38.75,-16.85,11.11,0.255,0.059,2.477,0.00,0.00,-0.033,0,neutral,10.0,ALONE,
15.190,1,1,-0.1715,0.2023,-0.3948,0.4756,0.0607,-39.33,-15.30,11.01,0.251,0.053,2.034,0.00,0.00,-0.031,0,neutral,10.7,ALONE,
15.238,1,1,-0.1734,0.2019,-0.3968,0.4777,0.0726,-38.50,-15.58,9.67,0.269,0.052,1.980,0.00,0.00,-0.034,0,neutral,10.2,ALONE,
15.286,1,1,-0.1751,0.2013,-0.3982,0.4793,0.0875,-39.47,-15.86,10.89,0.259,0.065,2.025,0.00,0.00,-0.033,0,neutral,10.1,ALONE,
15.334,1,1,-0.1760,0.2002,-0.3982,0.4792,0.0647,-38.48,-14.78,5.66,0.269,0.080,1.910,0.00,0.00,-0.026,0,neutral,10.1,ALONE,
15.382,1,1,-0.1776,0.2000,-0.3997,0.4810,0.1039,-38.32,-14.61,8.90,0.278,0.076,1.781,0.00,0.00,-0.028,0,neutral,10.0,ALONE,
15.430,1,1,-0.1787,0.1996,-0.4004,0.4817,0.0820,-38.60,-15.09,9.65,0.292,0.103,1.924,0.00,0.00,-0.026,0,neutral,10.1,ALONE,
15.478,1,1,-0.1788,0.1987,-0.3997,0.4808,0.0762,-37.85,-14.83,8.28,0.294,0.096,2.012,0.00,0.00,-0.017,0,neutral,10.0,ALONE,
15.526,1,1,-0.1770,0.1956,-0.3956,0.4755,0.0898,-37.13,-14.01,9.01,0.288,0.080,1.832,0.00,0.00,0.009,0,neutral,10.0,ALONE,
15.589,1,1,-0.1768,0.1948,-0.3948,0.4745,0.0830,-37.53,-15.11,10.00,0.293,0.072,1.598,0.00,0.00,0.010,0,neutral,9.9,NOTICING,2
15.641,1,1,-0.1779,0.1953,-0.3967,0.4766,0.0752,-37.93,-13.20,9.60,0.280,0.073,1.543,0.00,0.00,-0.000,0,neutral,10.7,NOTICING,
15.703,1,1,-0.1776,0.1939,-0.3955,0.4750,0.0929,-37.19,-13.24,10.43,0.279,0.073,1.338,0.00,0.00,0.005,0,neutral,10.3,NOTICING,
15.750,1,1,-0.1788,0.1944,-0.3973,0.4771,0.0886,-37.45,-15.44,9.04,0.280,0.070,1.142,0.00,0.00,-0.005,0,neutral,10.1,NOTICING,
15.798,1,1,-0.1790,0.1940,-0.3974,0.4771,0.0789,-37.07,-14.31,8.14,0.280,0.113,1.671,0.00,0.00,-0.004,0,neutral,10.3,NOTICING,
15.846,1,1,-0.1779,0.1923,-0.3956,0.4745,0.0842,-37.34,-13.55,9.63,0.276,0.142,1.425,0.00,0.00,0.008,0,neutral,9.7,NOTICING,
15.894,1,1,-0.1756,0.1899,-0.3919,0.4696,0.0821,-37.68,-14.29,9.68,0.261,0.127,1.784,0.00,0.00,0.027,0,neutral,10.0,NOTICING,
15.945,1,1,-0.1764,0.1906,-0.3939,0.4718,0.0831,-36.80,-12.84,8.90,0.262,0.131,1.744,0.00,0.00,0.012,0,neutral,10.2,NOTICING,
16.006,1,1,-0.1757,0.1895,-0.3925,0.4699,0.0682,-37.86,-13.55,9.32,0.262,0.136,1.408,0.00,0.00,0.016,0,neutral,10.6,NOTICING,
16.054,1,1,-0.1757,0.1897,-0.3931,0.4705,0.0857,-37.10,-13.84,9.14,0.268,0.143,1.253,0.00,0.00,0.010,0,neutral,10.2,NOTICING,
16.103,1,1,-0.1741,0.1881,-0.3904,0.4670,0.0827,-37.62,-13.37,10.77,0.255,0.156,1.308,0.00,0.00,0.022,0,neutral,10.2,NOTICING,
16.150,1,1,-0.1751,0.1895,-0.3929,0.4701,0.0661,-38.07,-13.91,10.41,0.250,0.149,1.331,0.00,0.00,0.005,0,neutral,10.0,NOTICING,
16.197,1,1,-0.1760,0.1905,-0.3951,0.4727,0.0929,-37.08,-13.37,10.49,0.258,0.160,1.381,0.00,0.00,-0.007,0,neutral,9.9,NOTICING,
16.245,1,1,-0.1750,0.1897,-0.3938,0.4709,0.0954,-37.09,-13.44,10.29,0.249,0.131,1.754,0.00,0.00,0.002,0,neutral,9.9,NOTICING,
16.295,1,1,-0.1740,0.1886,-0.3921,0.4686,0.0769,-37.39,-13.61,9.32,0.242,0.128,1.687,0.00,0.00,0.010,0,neutral,10.3,NOTICING,
16.343,1,1,-0.1747,0.1893,-0.3934,0.4702,0.0802,-37.77,-13.16,10.38,0.243,0.125,1.471,0.00,0.00,0.002,0,neutral,10.0,NOTICING,
16.390,1,1,-0.1748,0.1897,-0.3944,0.4713,0.0775,-37.12,-13.98,9.65,0.238,0.126,1.299,0.00,0.00,-0.003,0,neutral,10.0,NOTICING,
16.437,1,1,-0.1736,0.1885,-0.3928,0.4690,0.0775,-37.14,-14.14,10.84,0.231,0.110,1.320,0.00,0.00,0.007,0,neutral,10.0,NOTICING,
16.486,1,1,-0.1734,0.1880,-0.3922,0.4682,0.0898,-36.75,-13.61,11.00,0.229,0.114,1.327,0.00,0.00,0.009,0,neutral,10.2,NOTICING,
16.534,1,1,-0.1724,0.1866,-0.3898,0.4652,0.0672,-37.12,-13.01,9.51,0.251,0.114,1.453,0.00,0.00,0.020,0,neutral,10.1,NOTICING,
16.582,1,1,-0.1725,0.1865,-0.3897,0.4652,0.0861,-37.17,-13.69,10.82,0.239,0.110,1.646,0.00,0.00,0.016,0,neutral,10.2,NOTICING,
16.631,1,1,-0.1723,0.1863,-0.3893,0.4647,0.0793,-36.62,-13.57,9.81,0.233,0.116,1.469,0.00,0.00,0.015,0,neutral,10.2,NOTICING,
16.678,1,1,-0.1703,0.1839,-0.3849,0.4594,0.0715,-36.05,-14.15,10.50,0.227,0.118,1.228,0.00,0.00,0.034,0,neutral,9.9,NOTICING,
16.726,1,1,-0.1707,0.1844,-0.3856,0.4602,0.0780,-36.81,-13.23,10.29,0.234,0.111,1.214,0.00,0.00,0.024,0,neutral,10.1,NOTICING,
16.774,1,1,-0.1691,0.1824,-0.3825,0.4563,0.0834,-35.77,-13.92,11.38,0.231,0.120,1.237,0.00,0.00,0.036,0,neutral,10.0,NOTICING,
16.821,1,1,-0.1691,0.1825,-0.3827,0.4565,0.0835,-36.35,-13.53,10.83,0.230,0.107,1.314,0.00,0.00,0.028,0,neutral,10.1,NOTICING,
16.870,1,1,-0.1695,0.1826,-0.3836,0.4574,0.0977,-37.12,-14.05,12.07,0.228,0.106,1.199,0.00,0.00,0.018,0,neutral,10.2,NOTICING,
16.918,1,1,-0.1703,0.1834,-0.3853,0.4594,0.0814,-36.14,-13.11,9.07,0.239,0.097,1.213,0.00,0.00,0.006,0,neutral,10.1,NOTICING,
16.966,1,1,-0.1711,0.1840,-0.3868,0.4613,0.0760,-35.98,-13.87,9.88,0.247,0.129,1.623,0.00,0.00,-0.003,0,neutral,10.0,NOTICING,
17.014,1,1,-0.1704,0.1832,-0.3856,0.4597,0.0867,-36.49,-13.12,10.58,0.241,0.112,2.004,0.00,0.00,0.004,0,neutral,10.1,NOTICING,
17.062,1,1,-0.1696,0.1822,-0.3842,0.4578,0.0833,-36.17,-12.54,10.38,0.240,0.140,2.266,0.00,0.00,0.011,0,neutral,10.1,NOTICING,
17.110,1,1,-0.1684,0.1812,-0.3823,0.4553,0.0735,-36.51,-13.31,10.72,0.243,0.111,2.631,0.00,0.00,0.019,0,neutral,10.0,NOTICING,
17.157,1,1,-0.1696,0.1825,-0.3847,0.4583,0.0832,-36.36,-13.02,10.47,0.242,0.107,2.407,0.00,0.00,0.003,0,neutral,10.1,NOTICING,
17.206,1,1,-0.1709,0.1839,-0.3871,0.4614,0.0856,-36.67,-12.75,11.42,0.240,0.108,1.995,0.00,0.00,-0.010,0,neutral,10.2,NOTICING,
17.254,1,1,-0.1701,0.1828,-0.3855,0.4593,0.0784,-36.81,-12.31,10.97,0.230,0.092,1.905,0.00,0.00,0.000,0,neutral,10.0,NOTICING,
17.302,1,1,-0.1693,0.1816,-0.3838,0.4570,0.0772,-36.86,-12.58,11.12,0.232,0.080,1.681,0.00,0.00,0.010,0,neutral,10.0,NOTICING,
17.350,1,1,-0.1696,0.1816,-0.3838,0.4572,0.0777,-36.35,-14.64,10.43,0.225,0.110,1.984,0.00,0.00,0.007,0,neutral,10.1,NOTICING,
17.399,1,1,-0.1692,0.1813,-0.3833,0.4565,0.0691,-36.78,-13.35,10.92,0.228,0.107,2.006,0.00,0.00,0.009,0,neutral,10.2,NOTICING,
17.446,1,1,-0.1685,0.1805,-0.3818,0.4547,0.0655,-36.17,-12.15,10.26,0.224,0.103,1.715,0.00,0.00,0.014,0,neutral,10.0,NOTICING,
17.495,1,1,-0.1693,0.1815,-0.3835,0.4568,0.0608,-36.71,-12.40,10.13,0.227,0.089,1.577,0.00,0.00,0.003,0,neutral,10.2,NOTICING,
17.542,1,1,-0.1701,0.1823,-0.3850,0.4586,0.0741,-35.90,-12.73,10.57,0.231,0.090,1.464,0.00,0.00,-0.005,0,neutral,10.1,NOTICING,
17.606,1,1,-0.1701,0.1826,-0.3850,0.4588,0.0717,-37.24,-13.06,9.44,0.215,0.079,1.447,0.00,0.00,-0.005,0,neutral,10.9,NOTICING,
17.653,1,1,-0.1692,0.1819,-0.3839,0.4573,0.0727,-36.04,-11.96,9.02,0.223,0.063,1.515,0.00,0.00,0.003,0,neutral,9.7,NOTICING,
17.703,1,1,-0.1704,0.1832,-0.3863,0.4602,0.0782,-35.78,-12.28,10.81,0.218,0.061,1.465,0.00,0.00,-0.010,0,neutral,10.2,NOTICING,
17.750,1,1,-0.1698,0.1824,-0.3846,0.4583,0.0820,-36.71,-13.76,11.62,0.217,0.053,1.308,0.00,0.00,0.000,0,neutral,10.2,NOTICING,
17.798,1,1,-0.1703,0.1830,-0.3855,0.4594,0.0857,-36.63,-13.10,11.06,0.208,0.053,1.233,0.00,0.00,-0.004,0,neutral,10.1,NOTICING,
17.846,1,1,-0.1705,0.1833,-0.3858,0.4600,0.0862,-36.03,-13.05,10.78,0.209,0.057,1.117,0.00,0.00,-0.006,0,neutral,10.2,NOTICING,
17.894,1,1,-0.1720,0.1849,-0.3888,0.4637,0.0690,-36.34,-13.15,11.09,0.216,0.064,1.015,0.00,0.00,-0.020,0,neutral,10.0,NOTICING,
17.943,1,1,-0.1723,0.1849,-0.3892,0.4641,0.0769,-36.25,-13.45,10.92,0.217,0.072,0.906,0.00,0.00,-0.018,0,neutral,10.1,NOTICING,
18.006,1,1,-0.1721,0.1845,-0.3883,0.4631,0.0909,-35.94,-13.50,10.96,0.226,0.083,0.851,0.00,0.00,-0.011,0,neutral,10.7,NOTICING,
18.053,1,1,-0.1710,0.1831,-0.3862,0.4604,0.0777,-36.00,-12.94,11.21,0.232,0.079,0.901,0.00,0.00,0.003,0,neutral,10.1,NOTICING,
18.103,1,1,-0.1713,0.1834,-0.3866,0.4609,0.0789,-37.28,-12.74,11.33,0.232,0.075,0.805,0.00,0.00,0.000,0,neutral,10.0,NOTICING,
18.149,1,1,-0.1729,0.1854,-0.3902,0.4653,0.0776,-36.14,-13.02,11.44,0.225,0.073,0.765,0.00,0.00,-0.019,0,neutral,9.8,NOTICING,
18.198,1,1,-0.1735,0.1854,-0.3907,0.4660,0.0735,-36.84,-12.33,11.48,0.230,0.089,0.951,0.00,0.00,-0.018,0,neutral,10.3,NOTICING,
18.246,1,1,-0.1722,0.1841,-0.3883,0.4629,0.0714,-35.98,-13.08,11.96,0.217,0.070,1.350,0.00,0.00,-0.002,0,neutral,10.1,NOTICING,
18.295,1,1,-0.1721,0.1836,-0.3875,0.4620,0.0793,-37.25,-13.30,13.23,0.204,0.088,1.628,0.00,0.00,0.002,0,neutral,10.0,NOTICING,
18.342,1,1,-0.1720,0.1833,-0.3873,0.4617,0.0726,-36.98,-12.48,12.88,0.182,0.067,1.930,0.00,0.00,0.003,0,neutral,10.0,NOTICING,
18.406,1,1,-0.1729,0.1847,-0.3895,0.4644,0.0696,-37.40,-12.36,11.82,0.174,0.049,1.646,0.00,0.00,-0.006,0,neutral,10.8,NOTICING,
18.454,1,1,-0.1717,0.1834,-0.3872,0.4616,0.0715,-36.01,-11.47,9.32,0.183,0.068,1.912,0.00,0.00,0.007,0,neutral,10.2,NOTICING,
18.502,1,1,-0.1706,0.1822,-0.3848,0.4587,0.0703,-36.57,-11.23,9.07,0.163,0.060,2.099,0.00,0.00,0.018,0,neutral,10.2,NOTICING,
18.550,1,1,-0.1713,0.1825,-0.3852,0.4594,0.0511,-37.64,-10.19,6.91,0.145,0.129,2.951,0.00,0.00,0.011,0,neutral,10.3,NOTICING,
18.598,1,1,-0.1710,0.1818,-0.3842,0.4581,0.0676,-37.34,-11.02,8.25,0.124,0.125,3.320,0.00,0.00,0.014,0,neutral,10.2,NOTICING,
18.646,1,1,-0.1725,0.1835,-0.3868,0.4616,0.0861,-37.53,-11.42,10.36,0.120,0.136,2.961,0.00,0.00,-0.003,0,neutral,10.0,NOTICING,
18.694,1,1,-0.1726,0.1836,-0.3870,0.4619,0.0819,-36.74,-12.53,11.85,0.114,0.111,2.923,0.00,0.00,-0.003,0,neutral,10.2,NOTICING,
18.742,1,1,-0.1718,0.1829,-0.3852,0.4598,0.0697,-37.01,-11.66,10.02,0.106,0.087,2.450,0.00,0.00,0.006,0,neutral,10.0,NOTICING,
18.806,1,1,-0.1735,0.1850,-0.3883,0.4638,0.0774,-37.13,-11.65,10.28,0.102,0.071,2.011,0.00,0.00,-0.008,0,neutral,10.6,NOTICING,
18.854,1,1,-0.1740,0.1853,-0.3890,0.4647,0.0724,-37.40,-12.69,11.65,0.102,0.072,1.821,0.00,0.00,-0.010,0,neutral,10.1,NOTICING,
18.903,1,1,-0.1735,0.1849,-0.3883,0.4637,0.0778,-37.08,-12.88,11.79,0.113,0.060,1.746,0.00,0.00,-0.004,0,neutral,10.2,NOTICING,
18.952,1,1,-0.1746,0.1859,-0.3903,0.4663,0.0705,-37.66,-12.10,12.39,0.119,0.049,1.448,0.00,0.00,-0.013,0,neutral,10.2,NOTICING,
18.998,1,1,-0.1758,0.1871,-0.3927,0.4692,0.0629,-37.07,-11.25,9.33,0.120,0.082,1.909,0.00,0.00,-0.024,0,neutral,9.9,NOTICING,
19.046,1,1,-0.1743,0.1858,-0.3907,0.4664,0.0659,-36.20,-12.94,11.95,0.130,0.099,1.734,0.00,0.00,-0.007,0,neutral,10.0,NOTICING,
19.094,1,1,-0.1731,0.1846,-0.3882,0.4634,0.0807,-36.73,-13.17,12.10,0.134,0.085,1.820,0.00,0.00,0.007,0,neutral,10.1,NOTICING,
19.142,1,1,-0.1730,0.1843,-0.3879,0.4630,0.0604,-37.23,-12.13,11.47,0.154,0.105,2.054,0.00,0.00,0.007,0,neutral,10.0,NOTICING,
19.189,1,1,-0.1720,0.1833,-0.3860,0.4606,0.0691,-36.53,-12.81,10.62,0.164,0.117,1.763,0.00,0.00,0.016,0,neutral,9.8,NOTICING,
19.237,1,1,-0.1715,0.1828,-0.3855,0.4599,0.0705,-36.69,-11.69,10.19,0.153,0.142,1.813,0.00,0.00,0.016,0,neutral,9.8,NOTICING,
19.286,1,1,-0.1702,0.1811,-0.3830,0.4566,0.0676,-36.85,-12.91,11.46,0.171,0.143,1.959,0.00,0.00,0.026,0,neutral,10.0,NOTICING,
19.334,1,1,-0.1684,0.1792,-0.3794,0.4521,0.0640,-35.84,-12.52,10.65,0.179,0.126,1.878,0.00,0.00,0.039,0,neutral,10.2,NOTICING,
19.398,1,1,-0.1679,0.1783,-0.3779,0.4504,0.0741,-36.52,-12.65,10.20,0.189,0.168,2.201,0.00,0.00,0.037,0,neutral,10.8,NOTICING,
19.446,1,1,-0.1707,0.1814,-0.3832,0.4571,0.0744,-36.47,-12.89,10.79,0.198,0.179,2.096,0.00,0.00,0.002,0,neutral,10.2,NOTICING,
19.495,1,1,-0.1707,0.1815,-0.3832,0.4571,0.0689,-35.98,-13.09,10.36,0.209,0.155,2.226,0.00,0.00,0.002,0,neutral,10.1,NOTICING,
19.542,1,1,-0.1696,0.1802,-0.3810,0.4543,0.0890,-35.67,-12.01,10.33,0.202,0.139,2.057,0.00,0.00,0.013,0,neutral,10.1,NOTICING,
19.590,1,1,-0.1702,0.1808,-0.3822,0.4558,0.0799,-35.87,-12.47,9.82,0.215,0.169,2.397,0.00,0.00,0.004,0,neutral,10.0,NOTICING,
19.638,1,1,-0.1708,0.1813,-0.3838,0.4575,0.0849,-36.29,-12.02,10.60,0.208,0.151,2.651,0.00,0.00,-0.004,0,neutral,10.0,NOTICING,
19.686,1,1,-0.1707,0.1811,-0.3838,0.4574,0.0777,-35.79,-11.58,11.04,0.194,0.135,2.259,0.00,0.00,-0.003,0,neutral,10.1,NOTICING,
19.734,1,1,-0.1708,0.1814,-0.3841,0.4578,0.0703,-36.39,-11.64,9.86,0.185,0.148,2.241,0.00,0.00,-0.004,0,neutral,10.2,NOTICING,
19.782,1,1,-0.1715,0.1817,-0.3850,0.4589,0.0799,-36.17,-11.11,10.75,0.195,0.147,2.118,0.00,0.00,-0.008,0,neutral,10.1,NOTICING,
19.830,1,1,-0.1724,0.1825,-0.3865,0.4609,0.0668,-36.23,-10.90,9.83,0.212,0.154,1.901,0.00,0.00,-0.015,0,neutral,10.1,NOTICING,
19.878,1,1,-0.1721,0.1817,-0.3855,0.4596,0.0820,-36.52,-11.66,10.33,0.208,0.175,1.917,0.00,0.00,-0.006,0,neutral,10.2,NOTICING,
19.927,1,1,-0.1730,0.1821,-0.3869,0.4613,0.0743,-35.78,-11.32,9.90,0.219,0.175,1.886,0.00,0.00,-0.012,0,neutral,10.1,NOTICING,
19.975,1,1,-0.1725,0.1816,-0.3859,0.4600,0.0666,-36.10,-11.00,9.48,0.212,0.150,2.013,0.00,0.00,-0.004,0,neutral,10.2,NOTICING,
20.022,1,1,-0.1724,0.1815,-0.3863,0.4603,0.0721,-35.57,-11.13,10.78,0.210,0.150,1.960,0.00,0.00,-0.005,0,neutral,10.1,NOTICING,
20.069,1,1,-0.1704,0.1797,-0.3830,0.4561,0.0759,-35.20,-10.68,11.96,0.208,0.121,2.075,0.00,0.00,0.014,0,neutral,10.2,NOTICING,
20.118,1,1,-0.1703,0.1797,-0.3831,0.4561,0.0781,-35.46,-11.18,10.03,0.205,0.117,1.970,0.00,0.00,0.011,0,neutral,10.1,NOTICING,
20.166,1,1,-0.1693,0.1787,-0.3810,0.4536,0.0683,-35.87,-11.20,10.86,0.205,0.122,1.710,0.00,0.00,0.019,0,neutral,10.1,NOTICING,
20.214,1,1,-0.1685,0.1777,-0.3793,0.4515,0.0763,-35.25,-11.66,10.92,0.203,0.114,1.568,0.00,0.00,0.024,0,neutral,10.0,NOTICING,
20.262,1,1,-0.1683,0.1774,-0.3790,0.4510,0.0742,-35.90,-11.62,11.54,0.208,0.099,1.430,0.00,0.00,0.021,0,neutral,10.1,NOTICING,
20.311,1,1,-0.1708,0.1802,-0.3841,0.4573,0.0816,-35.31,-11.21,11.02,0.212,0.098,1.314,0.00,0.00,-0.009,0,neutral,10.3,NOTICING,
20.358,1,1,-0.1706,0.1798,-0.3834,0.4565,0.0808,-35.71,-10.69,10.86,0.215,0.092,1.151,0.00,0.00,-0.003,0,neutral,10.1,NOTICING,
20.423,1,1,-0.1696,0.1789,-0.3818,0.4545,0.0748,-35.36,-12.44,12.18,0.193,0.067,1.297,0.00,0.00,0.004,0,neutral,10.8,NOTICING,
20.469,1,1,-0.1687,0.1777,-0.3799,0.4521,0.0858,-35.94,-11.44,11.85,0.197,0.062,1.438,0.00,0.00,0.013,0,neutral,10.1,NOTICING,
20.519,1,1,-0.1697,0.1785,-0.3818,0.4544,0.0901,-35.92,-11.14,11.32,0.199,0.069,1.333,0.00,0.00,0.001,0,neutral,10.1,NOTICING,
20.565,1,1,-0.1712,0.1800,-0.3847,0.4579,0.0857,-35.80,-11.57,11.55,0.202,0.073,1.103,0.00,0.00,-0.014,0,neutral,10.0,NOTICING,
20.754,1,1,-0.1693,0.1777,-0.3805,0.4528,0.0772,-35.40,-11.40,11.22,0.207,0.082,0.910,0.00,0.00,-0.006,0,neutral,149.6,NOTICING,
20.822,1,1,-0.1694,0.1779,-0.3812,0.4535,0.0952,-35.67,-11.37,10.63,0.201,0.070,0.970,0.00,0.00,-0.007,0,neutral,10.9,NOTICING,
20.870,1,1,-0.1686,0.1770,-0.3800,0.4518,0.0779,-35.54,-11.12,12.44,0.204,0.063,0.923,0.00,0.00,0.002,0,neutral,10.1,NOTICING,
20.919,1,1,-0.1693,0.1775,-0.3817,0.4537,0.0681,-34.94,-9.62,7.97,0.223,0.081,1.197,0.00,0.00,-0.006,0,neutral,10.3,NOTICING,
20.967,1,1,-0.1684,0.1766,-0.3810,0.4525,0.0843,-33.63,-9.30,8.80,0.252,0.072,1.412,0.00,0.00,-0.000,0,neutral,10.3,NOTICING,
21.014,1,1,-0.1678,0.1765,-0.3809,0.4521,0.0724,-34.00,-10.64,10.78,0.234,0.054,1.829,0.00,0.00,0.002,0,neutral,10.2,NOTICING,
21.062,1,1,-0.1666,0.1754,-0.3792,0.4498,0.0703,-34.29,-10.58,10.65,0.238,0.070,2.024,0.00,0.00,0.011,0,neutral,10.2,NOTICING,
21.110,1,1,-0.1665,0.1754,-0.3793,0.4499,0.0633,-34.24,-9.86,9.86,0.248,0.077,1.769,0.00,0.00,0.008,0,neutral,10.1,NOTICING,
21.158,1,1,-0.1630,0.1727,-0.3738,0.4428,0.0679,-32.24,-11.46,11.79,0.245,0.064,1.767,0.00,0.00,0.036,0,neutral,10.1,NOTICING,
21.222,1,1,-0.1598,0.1705,-0.3696,0.4373,0.0616,-31.54,-11.61,10.29,0.233,0.057,1.546,0.00,0.00,0.046,0,neutral,10.8,NOTICING,
21.269,1,1,-0.1575,0.1698,-0.3683,0.4350,0.0723,-29.73,-12.88,10.41,0.228,0.051,1.299,0.00,0.00,0.047,0,neutral,10.2,NOTICING,
21.319,1,1,-0.1562,0.1708,-0.3701,0.4365,0.0614,-27.68,-11.27,9.38,0.230,0.047,1.145,0.00,0.00,0.031,0,neutral,10.1,NOTICING,
21.366,1,1,-0.1537,0.1705,-0.3692,0.4347,0.0587,-26.10,-11.39,9.14,0.232,0.042,0.946,0.00,0.00,0.033,0,neutral,10.1,NOTICING,
21.414,1,1,-0.1504,0.1694,-0.3674,0.4316,0.0590,-25.00,-11.79,8.72,0.222,0.031,0.995,0.00,0.00,0.039,0,neutral,10.1,NOTICING,
21.462,1,1,-0.1473,0.1690,-0.3679,0.4308,0.0631,-21.79,-9.30,8.17,0.219,0.027,0.916,0.05,0.00,0.035,1,neutral,10.1,NOTICING,
21.510,1,1,-0.1435,0.1679,-0.3667,0.4280,0.0699,-19.85,-9.57,7.28,0.215,0.024,0.769,0.10,0.00,0.039,1,neutral,10.2,NOTICING,
21.558,1,1,-0.1406,0.1684,-0.3680,0.4284,0.0649,-18.78,-9.63,7.14,0.204,0.019,0.769,0.14,0.00,0.030,1,neutral,9.9,NOTICING,
21.622,1,1,-0.1382,0.1691,-0.3696,0.4293,0.0651,-17.45,-9.26,6.80,0.193,0.014,0.636,0.21,0.00,0.021,1,neutral,10.7,NOTICING,
21.670,1,1,-0.1355,0.1690,-0.3698,0.4286,0.0671,-16.87,-9.42,6.94,0.190,0.014,0.608,0.26,0.00,0.020,1,neutral,9.8,NOTICING,
21.719,1,1,-0.1334,0.1689,-0.3695,0.4276,0.0687,-17.21,-9.86,6.41,0.191,0.010,0.567,0.30,0.00,0.020,1,neutral,10.3,NOTICING,
21.766,1,1,-0.1321,0.1690,-0.3699,0.4276,0.0655,-16.85,-9.44,5.87,0.193,0.009,0.476,0.35,0.00,0.016,1,neutral,10.3,NOTICING,
21.813,1,1,-0.1309,0.1686,-0.3692,0.4265,0.0643,-17.02,-9.60,6.38,0.186,0.005,0.536,0.40,0.00,0.018,1,neutral,10.0,NOTICING,
21.862,1,1,-0.1302,0.1685,-0.3690,0.4260,0.0644,-16.84,-8.45,5.85,0.179,0.007,0.518,0.45,0.00,0.016,1,neutral,10.3,NOTICING,
21.910,1,1,-0.1293,0.1678,-0.3680,0.4246,0.0676,-17.11,-9.38,6.40,0.184,0.006,0.586,0.50,0.00,0.019,1,neutral,10.1,NOTICING,
21.958,1,1,-0.1289,0.1677,-0.3678,0.4243,0.0647,-17.10,-9.79,6.46,0.182,0.003,0.576,0.54,0.00,0.016,1,neutral,10.1,NOTICING,
22.006,1,1,-0.1283,0.1675,-0.3669,0.4232,0.0685,-17.16,-8.97,5.92,0.179,0.003,0.508,0.59,0.00,0.017,1,neutral,10.0,NOTICING,
22.054,1,1,-0.1277,0.1669,-0.3658,0.4218,0.0643,-16.89,-9.68,5.88,0.180,0.001,0.456,0.64,0.00,0.020,1,neutral,10.2,NOTICING,
22.103,1,1,-0.1270,0.1664,-0.3648,0.4206,0.0674,-16.94,-9.52,6.10,0.186,0.001,0.469,0.69,0.00,0.021,1,neutral,10.2,NOTICING,
22.150,1,1,-0.1262,0.1657,-0.3635,0.4190,0.0704,-16.86,-9.59,6.12,0.189,0.001,0.410,0.74,0.00,0.023,1,neutral,10.1,NOTICING,
22.198,1,1,-0.1266,0.1662,-0.3645,0.4202,0.0686,-17.43,-8.99,6.55,0.181,-0.001,0.504,0.78,0.00,0.014,1,neutral,10.0,NOTICING,
22.246,1,1,-0.1268,0.1665,-0.3652,0.4210,0.0653,-17.44,-8.46,6.02,0.177,0.002,0.480,0.83,0.00,0.008,1,neutral,10.1,NOTICING,
22.295,1,1,-0.1268,0.1666,-0.3650,0.4208,0.0638,-18.08,-10.04,6.37,0.186,0.001,0.562,0.88,0.00,0.007,1,neutral,10.1,NOTICING,
22.342,1,1,-0.1275,0.1673,-0.3664,0.4225,0.0636,-17.59,-9.11,6.10,0.185,0.001,0.562,0.93,0.00,-0.002,1,neutral,9.9,NOTICING,
22.390,1,1,-0.1276,0.1677,-0.3666,0.4228,0.0693,-17.15,-9.75,6.21,0.177,-0.001,0.574,0.98,0.00,-0.003,1,neutral,10.1,NOTICING,
22.438,1,1,-0.1281,0.1683,-0.3679,0.4243,0.0651,-17.57,-8.41,5.81,0.176,0.005,0.603,1.02,0.00,-0.008,1,neutral,10.4,NOTICING,
22.485,1,1,-0.1274,0.1676,-0.3664,0.4226,0.0657,-17.14,-10.16,6.21,0.179,0.003,0.608,1.07,0.00,0.001,1,neutral,10.1,NOTICING,
22.535,1,1,-0.1276,0.1678,-0.3663,0.4226,0.0676,-17.71,-9.59,5.85,0.185,0.005,0.567,1.12,0.00,0.000,1,neutral,10.2,NOTICING,
22.582,1,1,-0.1281,0.1682,-0.3674,0.4239,0.0652,-17.82,-9.44,5.82,0.197,0.003,0.577,1.17,0.00,-0.005,1,neutral,9.8,NOTICING,
22.631,1,1,-0.1281,0.1680,-0.3674,0.4238,0.0660,-17.01,-9.07,5.83,0.201,0.002,0.536,1.22,0.00,-0.003,1,neutral,10.6,NOTICING,
22.679,1,1,-0.1277,0.1675,-0.3668,0.4230,0.0664,-17.46,-9.23,5.75,0.200,0.001,0.482,1.27,0.00,0.000,1,neutral,10.1,NOTICING,
22.726,1,1,-0.1281,0.1679,-0.3678,0.4242,0.0675,-17.51,-8.04,5.92,0.200,0.006,0.481,1.31,0.00,-0.005,1,neutral,10.2,NOTICING,
22.775,1,1,-0.1278,0.1674,-0.3671,0.4232,0.0662,-17.47,-8.91,6.03,0.196,0.006,0.463,1.36,0.00,0.000,1,neutral,10.2,NOTICING,
22.838,1,1,-0.1275,0.1673,-0.3669,0.4229,0.0658,-17.43,-9.04,5.70,0.192,0.006,0.392,1.42,0.00,0.001,1,neutral,10.4,NOTICING,
22.886,1,1,-0.1282,0.1681,-0.3683,0.4246,0.0671,-17.92,-9.75,6.18,0.190,0.004,0.367,1.47,0.00,-0.006,1,neutral,10.1,NOTICING,
22.934,1,1,-0.1280,0.1679,-0.3678,0.4241,0.0670,-17.67,-9.29,5.76,0.190,0.003,0.311,1.52,0.00,-0.003,1,neutral,10.5,NOTICING,
22.982,1,1,-0.1280,0.1679,-0.3679,0.4242,0.0640,-17.58,-9.14,5.89,0.185,0.002,0.324,1.57,0.00,-0.003,1,neutral,10.1,NEUTRAL,3
23.031,1,1,-0.1286,0.1687,-0.3694,0.4260,0.0685,-17.44,-9.04,6.11,0.181,0.001,0.272,1.62,0.00,-0.010,1,neutral,10.3,NEUTRAL,
23.078,1,1,-0.1283,0.1682,-0.3685,0.4249,0.0660,-17.68,-9.30,6.14,0.185,0.003,0.346,1.66,0.00,-0.003,1,neutral,10.3,NEUTRAL,
23.126,1,1,-0.1289,0.1688,-0.3697,0.4263,0.0685,-17.73,-9.30,5.93,0.180,0.003,0.397,1.71,0.00,-0.008,1,neutral,10.1,NEUTRAL,
23.173,1,1,-0.1289,0.1688,-0.3697,0.4264,0.0661,-17.72,-9.73,5.91,0.186,0.002,0.471,1.76,0.00,-0.007,1,neutral,9.8,NEUTRAL,
23.238,1,1,-0.1282,0.1680,-0.3679,0.4243,0.0660,-17.97,-9.96,6.22,0.195,0.001,0.444,1.82,0.00,0.001,1,neutral,11.0,NEUTRAL,
23.286,1,1,-0.1286,0.1687,-0.3689,0.4255,0.0653,-17.67,-10.01,5.94,0.197,0.000,0.454,1.87,0.00,-0.004,1,neutral,10.0,NEUTRAL,
23.335,1,1,-0.1285,0.1686,-0.3689,0.4255,0.0715,-17.11,-9.50,5.92,0.204,0.000,0.461,1.92,0.00,-0.003,1,neutral,10.2,NEUTRAL,
23.382,1,1,-0.1281,0.1681,-0.3678,0.4242,0.0668,-17.31,-9.82,6.08,0.208,-0.001,0.397,1.97,0.00,0.003,1,neutral,10.1,NEUTRAL,
23.430,1,1,-0.1279,0.1678,-0.3674,0.4237,0.0677,-17.50,-9.81,6.13,0.208,-0.001,0.357,2.02,0.00,0.004,1,neutral,10.1,NEUTRAL,
23.479,1,1,-0.1278,0.1676,-0.3670,0.4232,0.0705,-17.73,-9.25,5.77,0.204,-0.003,0.371,2.06,0.00,0.006,1,neutral,10.0,NEUTRAL,
23.526,1,1,-0.1271,0.1666,-0.3654,0.4212,0.0663,-17.79,-9.46,6.09,0.199,-0.004,0.310,2.11,0.00,0.013,1,neutral,10.1,NEUTRAL,
23.574,1,1,-0.1274,0.1668,-0.3659,0.4218,0.0658,-17.69,-9.19,5.98,0.197,-0.004,0.271,2.16,0.00,0.008,1,neutral,10.1,NEUTRAL,
23.639,1,1,-0.1282,0.1674,-0.3671,0.4233,0.0685,-17.75,-9.25,6.02,0.208,-0.003,0.370,2.22,0.00,0.001,1,neutral,11.0,NEUTRAL,
23.685,1,1,-0.1286,0.1679,-0.3678,0.4243,0.0671,-17.95,-9.07,6.12,0.204,-0.001,0.501,2.27,0.00,-0.003,1,neutral,10.0,NEUTRAL,
23.734,1,1,-0.1289,0.1681,-0.3683,0.4249,0.0689,-18.10,-9.41,6.09,0.202,-0.002,0.430,2.32,0.00,-0.005,1,neutral,10.1,NEUTRAL,
23.782,1,1,-0.1283,0.1673,-0.3669,0.4231,0.0664,-17.88,-9.24,6.04,0.201,0.000,0.376,2.37,0.00,0.003,1,neutral,10.2,NEUTRAL,
23.830,1,1,-0.1284,0.1674,-0.3669,0.4232,0.0702,-17.84,-9.34,6.05,0.196,0.002,0.357,2.42,0.00,0.002,1,neutral,10.1,NEUTRAL,
23.878,1,1,-0.1274,0.1663,-0.3649,0.4207,0.0670,-17.86,-10.01,6.21,0.195,0.000,0.348,2.46,0.00,0.012,1,neutral,10.0,NEUTRAL,
23.926,1,1,-0.1276,0.1666,-0.3653,0.4213,0.0687,-17.59,-8.61,5.83,0.192,0.001,0.329,2.51,0.00,0.007,1,neutral,10.1,NEUTRAL,
23.974,1,1,-0.1270,0.1659,-0.3641,0.4198,0.0696,-17.23,-9.30,6.09,0.200,-0.000,0.428,2.56,0.00,0.012,1,neutral,10.0,NEUTRAL,
24.038,1,1,-0.1281,0.1672,-0.3669,0.4231,0.0670,-18.04,-9.21,5.85,0.197,0.003,0.451,2.62,0.00,-0.000,1,neutral,10.6,NEUTRAL,
24.086,1,1,-0.1281,0.1671,-0.3670,0.4231,0.0694,-17.67,-9.19,6.34,0.201,0.003,0.464,2.67,0.00,-0.001,1,neutral,10.1,NEUTRAL,
24.134,1,1,-0.1287,0.1676,-0.3680,0.4243,0.0669,-17.66,-9.73,6.14,0.203,0.002,0.418,2.72,0.00,-0.005,1,neutral,10.2,NEUTRAL,
24.182,1,1,-0.1287,0.1673,-0.3675,0.4238,0.0680,-18.05,-8.74,6.36,0.202,0.006,0.430,2.77,0.00,-0.002,1,neutral,10.0,NEUTRAL,
24.231,1,1,-0.1291,0.1678,-0.3685,0.4250,0.0677,-18.10,-9.23,6.25,0.197,0.003,0.465,2.82,0.00,-0.007,1,neutral,10.1,NEUTRAL,
24.279,1,1,-0.1300,0.1689,-0.3706,0.4275,0.0656,-18.39,-8.92,6.24,0.197,0.005,0.464,2.87,0.00,-0.016,1,neutral,10.3,NEUTRAL,
24.326,1,1,-0.1290,0.1679,-0.3684,0.4249,0.0700,-17.47,-10.25,6.58,0.193,0.002,0.477,2.91,0.00,-0.001,1,neutral,10.0,NEUTRAL,
24.376,1,1,-0.1289,0.1677,-0.3680,0.4244,0.0676,-18.24,-9.76,6.39,0.196,0.003,0.480,2.96,0.00,0.001,1,neutral,10.2,NEUTRAL,
24.438,1,1,-0.1287,0.1674,-0.3673,0.4236,0.0679,-18.21,-9.35,6.35,0.187,-0.000,0.523,3.02,0.00,0.003,1,neutral,10.6,NEUTRAL,
24.486,1,1,-0.1279,0.1665,-0.3657,0.4217,0.0642,-18.19,-10.25,6.59,0.181,-0.002,0.429,3.07,0.00,0.011,1,neutral,10.2,NEUTRAL,
24.534,1,1,-0.1282,0.1667,-0.3659,0.4220,0.0680,-18.26,-9.40,6.27,0.182,-0.002,0.434,3.12,0.00,0.007,1,neutral,10.3,NEUTRAL,
24.580,1,1,-0.1277,0.1660,-0.3644,0.4203,0.0640,-17.73,-9.46,5.71,0.186,-0.003,0.407,3.17,0.00,0.013,1,neutral,10.0,NEUTRAL,
24.630,1,1,-0.1275,0.1656,-0.3639,0.4197,0.0643,-18.00,-9.00,6.03,0.189,0.000,0.395,3.22,0.00,0.013,1,neutral,10.2,NEUTRAL,
24.679,1,1,-0.1269,0.1650,-0.3624,0.4180,0.0646,-17.92,-9.54,6.05,0.185,-0.001,0.427,3.27,0.00,0.018,1,neutral,10.1,NEUTRAL,
24.726,1,1,-0.1272,0.1653,-0.3631,0.4188,0.0647,-18.34,-9.77,6.49,0.188,-0.001,0.427,3.31,0.00,0.011,1,neutral,10.2,NEUTRAL,
24.774,1,1,-0.1272,0.1655,-0.3633,0.4190,0.0666,-17.39,-9.19,5.89,0.180,-0.003,0.501,3.36,0.00,0.008,1,neutral,10.0,NEUTRAL,
24.838,1,1,-0.1277,0.1661,-0.3644,0.4203,0.0673,-18.45,-9.75,6.30,0.179,-0.004,0.462,3.42,0.00,0.002,1,neutral,9.9,NEUTRAL,
24.886,1,1,-0.1288,0.1676,-0.3669,0.4234,0.0699,-18.29,-9.08,6.14,0.175,-0.004,0.435,3.47,0.00,-0.011,1,neutral,10.2,NEUTRAL,
24.934,1,1,-0.1289,0.1676,-0.3671,0.4236,0.0679,-18.13,-8.31,6.29,0.175,-0.005,0.415,3.52,0.00,-0.010,1,neutral,10.1,NEUTRAL,
24.981,1,1,-0.1281,0.1664,-0.3648,0.4210,0.0655,-17.79,-8.75,6.17,0.172,-0.005,0.394,3.57,0.00,0.003,1,neutral,10.1,NEUTRAL,
25.030,1,1,-0.1278,0.1664,-0.3646,0.4207,0.0655,-17.96,-9.51,6.54,0.171,-0.005,0.331,3.62,0.00,0.004,1,neutral,9.9,NEUTRAL,
25.079,1,1,-0.1277,0.1663,-0.3643,0.4203,0.0650,-18.72,-9.72,6.50,0.163,-0.007,0.369,3.67,0.00,0.005,1,neutral,10.1,NEUTRAL,
25.126,1,1,-0.1277,0.1662,-0.3643,0.4203,0.0643,-18.17,-9.05,6.42,0.162,-0.009,0.354,3.71,0.00,0.004,1,neutral,9.9,NEUTRAL,
25.175,1,1,-0.1278,0.1666,-0.3647,0.4209,0.0670,-17.81,-10.82,6.32,0.159,-0.009,0.303,3.76,0.00,0.001,1,neutral,10.1,NEUTRAL,
25.222,1,1,-0.1281,0.1669,-0.3655,0.4217,0.0650,-18.61,-9.27,6.36,0.162,-0.009,0.332,3.81,0.00,-0.003,1,neutral,10.1,NEUTRAL,
25.269,1,1,-0.1277,0.1666,-0.3645,0.4207,0.0660,-18.03,-10.14,6.37,0.166,-0.009,0.291,3.86,0.00,0.002,1,neutral,9.9,NEUTRAL,
25.318,1,1,-0.1280,0.1669,-0.3649,0.4212,0.0668,-18.30,-9.73,6.28,0.170,-0.009,0.245,3.90,0.00,-0.001,1,neutral,10.1,NEUTRAL,
25.366,1,1,-0.1287,0.1677,-0.3663,0.4229,0.0685,-18.66,-9.37,6.48,0.166,-0.009,0.302,3.95,0.00,-0.008,1,neutral,10.2,NEUTRAL,
25.414,1,1,-0.1288,0.1680,-0.3668,0.4235,0.0627,-18.18,-9.09,6.08,0.168,-0.009,0.324,4.00,0.00,-0.009,1,neutral,10.2,NEUTRAL,
25.462,1,1,-0.1292,0.1683,-0.3673,0.4242,0.0632,-18.72,-9.87,6.76,0.166,-0.010,0.336,4.05,0.00,-0.010,1,neutral,9.9,NEUTRAL,
25.510,1,1,-0.1300,0.1692,-0.3690,0.4263,0.0646,-18.77,-9.62,6.30,0.168,-0.010,0.347,4.10,0.00,-0.016,1,neutral,10.0,NEUTRAL,
25.558,1,1,-0.1290,0.1681,-0.3667,0.4235,0.0663,-17.66,-9.36,6.44,0.173,-0.010,0.328,4.14,0.00,-0.001,1,neutral,10.0,NEUTRAL,
25.606,1,1,-0.1291,0.1682,-0.3669,0.4237,0.0658,-17.94,-9.66,5.97,0.177,-0.008,0.278,4.19,0.00,-0.002,1,neutral,10.1,NEUTRAL,
25.655,1,1,-0.1293,0.1684,-0.3672,0.4241,0.0676,-18.54,-9.73,6.01,0.168,-0.011,0.420,4.24,0.00,-0.003,1,neutral,10.2,NEUTRAL,
25.702,1,1,-0.1292,0.1684,-0.3670,0.4240,0.0650,-18.64,-9.15,6.31,0.172,-0.009,0.537,4.29,0.00,-0.002,1,neutral,10.1,NEUTRAL,
25.750,1,1,-0.1295,0.1686,-0.3674,0.4245,0.0638,-18.78,-9.58,6.03,0.175,-0.009,0.453,4.34,0.00,-0.004,1,neutral,10.1,NEUTRAL,
25.797,1,1,-0.1298,0.1687,-0.3682,0.4253,0.0653,-18.32,-8.84,6.00,0.174,-0.010,0.412,4.38,0.00,-0.006,1,neutral,10.1,NEUTRAL,
25.846,1,1,-0.1300,0.1689,-0.3684,0.4256,0.0667,-18.86,-10.09,6.29,0.172,-0.010,0.361,4.43,0.00,-0.006,1,neutral,10.0,NEUTRAL,
25.893,1,1,-0.1304,0.1694,-0.3691,0.4265,0.0664,-18.81,-9.67,6.10,0.167,-0.011,0.351,4.48,0.00,-0.009,1,neutral,10.1,NEUTRAL,
25.943,1,1,-0.1297,0.1688,-0.3678,0.4250,0.0631,-18.28,-9.97,6.16,0.163,-0.013,0.288,4.53,0.00,-0.001,1,neutral,9.9,NEUTRAL,
25.993,1,1,-0.1287,0.1676,-0.3656,0.4223,0.0649,-18.02,-9.29,6.38,0.160,-0.012,0.253,4.58,0.00,0.010,1,neutral,10.2,NEUTRAL,
26.054,1,1,-0.1289,0.1678,-0.3660,0.4227,0.0647,-18.55,-9.80,6.11,0.166,-0.012,0.293,4.64,0.00,0.007,1,neutral,10.5,NEUTRAL,
26.102,1,1,-0.1284,0.1673,-0.3650,0.4216,0.0645,-18.11,-9.74,6.09,0.168,-0.012,0.253,4.69,0.00,0.010,1,neutral,10.0,NEUTRAL,
26.149,1,1,-0.1282,0.1670,-0.3646,0.4210,0.0636,-18.58,-9.35,6.30,0.166,-0.012,0.287,4.74,0.00,0.011,1,neutral,9.8,NEUTRAL,
26.198,1,1,-0.1278,0.1666,-0.3639,0.4201,0.0614,-18.73,-10.24,6.44,0.170,-0.011,0.343,4.78,0.00,0.012,1,neutral,10.2,NEUTRAL,
26.246,1,1,-0.1276,0.1664,-0.3636,0.4197,0.0631,-18.03,-10.14,6.19,0.168,-0.010,0.372,4.83,0.00,0.011,1,neutral,10.0,NEUTRAL,
26.295,1,1,-0.1277,0.1664,-0.3638,0.4200,0.0684,-18.13,-9.24,6.28,0.173,-0.009,0.426,4.88,0.00,0.008,1,neutral,10.2,NEUTRAL,
26.342,1,1,-0.1287,0.1674,-0.3663,0.4228,0.0730,-18.72,-9.48,6.34,0.177,-0.008,0.354,4.93,0.00,-0.006,1,neutral,10.1,NEUTRAL,
26.390,1,1,-0.1283,0.1669,-0.3650,0.4213,0.0634,-18.84,-9.44,6.31,0.178,-0.006,0.313,4.98,0.00,0.002,1,neutral,10.3,NEUTRAL,
26.454,1,1,-0.1281,0.1665,-0.3644,0.4206,0.0670,-18.34,-9.12,6.19,0.182,-0.005,0.285,5.04,0.00,0.004,1,neutral,10.6,NEUTRAL,
26.501,1,1,-0.1288,0.1676,-0.3662,0.4228,0.0656,-18.67,-9.70,6.21,0.185,-0.004,0.246,5.09,0.00,-0.006,1,neutral,10.0,NEUTRAL,
26.550,1,1,-0.1283,0.1669,-0.3653,0.4216,0.0666,-17.97,-9.62,6.42,0.185,-0.005,0.242,5.14,0.00,-0.000,1,neutral,10.0,NEUTRAL,
26.615,1,1,-0.1280,0.1663,-0.3645,0.4206,0.0616,-18.29,-9.22,6.16,0.181,-0.004,0.247,5.20,0.00,0.003,1,neutral,10.8,NEUTRAL,
26.680,1,1,-0.1284,0.1670,-0.3658,0.4221,0.0705,-18.00,-9.72,6.30,0.181,-0.001,0.239,5.27,0.00,-0.003,1,neutral,10.7,NEUTRAL,
26.742,1,1,-0.1290,0.1677,-0.3672,0.4238,0.0690,-18.54,-9.93,6.27,0.182,-0.003,0.236,5.33,0.00,-0.007,1,neutral,10.2,NEUTRAL,
26.790,1,1,-0.1296,0.1681,-0.3681,0.4249,0.0653,-18.52,-9.68,6.37,0.186,-0.003,0.266,5.38,0.00,-0.010,1,neutral,9.8,NEUTRAL,
26.853,1,1,-0.1297,0.1682,-0.3682,0.4251,0.0633,-18.50,-8.98,6.20,0.189,-0.002,0.218,5.44,0.00,-0.009,1,neutral,9.9,NEUTRAL,
26.903,1,1,-0.1302,0.1687,-0.3695,0.4266,0.0667,-18.71,-10.11,6.31,0.189,-0.002,0.212,5.49,0.00,-0.013,1,neutral,10.2,NEUTRAL,
26.951,1,1,-0.1298,0.1683,-0.3685,0.4254,0.0645,-18.59,-9.78,6.32,0.184,-0.002,0.269,5.54,0.00,-0.006,1,neutral,10.2,NEUTRAL,
26.998,1,1,-0.1296,0.1680,-0.3678,0.4246,0.0657,-18.13,-9.82,6.05,0.187,-0.002,0.344,5.58,0.00,-0.001,1,neutral,10.0,NEUTRAL,
27.046,1,1,-0.1297,0.1680,-0.3679,0.4247,0.0677,-18.60,-9.58,6.50,0.188,-0.002,0.302,5.63,0.00,-0.001,1,neutral,10.0,NEUTRAL,
27.095,1,1,-0.1295,0.1676,-0.3674,0.4240,0.0677,-18.44,-9.70,6.56,0.188,-0.003,0.257,5.68,0.00,0.002,1,neutral,10.0,NEUTRAL,
27.144,1,1,-0.1294,0.1674,-0.3672,0.4238,0.0696,-18.46,-9.48,6.51,0.199,-0.003,0.373,5.73,0.00,0.002,1,neutral,10.0,NEUTRAL,
27.191,1,1,-0.1287,0.1666,-0.3656,0.4219,0.0660,-18.11,-9.60,6.16,0.195,-0.003,0.501,5.78,0.00,0.010,1,neutral,9.7,NEUTRAL,
27.254,1,1,-0.1291,0.1670,-0.3663,0.4228,0.0640,-18.61,-9.92,6.41,0.196,-0.003,0.452,5.84,0.00,0.005,1,neutral,10.5,NEUTRAL,
27.304,1,1,-0.1293,0.1672,-0.3670,0.4235,0.0657,-18.34,-9.63,6.19,0.200,-0.004,0.423,5.89,0.00,0.001,1,neutral,10.3,NEUTRAL,
27.353,1,1,-0.1290,0.1667,-0.3661,0.4224,0.0664,-18.41,-9.57,6.42,0.194,-0.002,0.491,5.94,0.00,0.005,1,neutral,10.0,NEUTRAL,
27.398,1,1,-0.1300,0.1677,-0.3681,0.4249,0.0660,-18.89,-9.27,6.27,0.192,-0.003,0.432,5.98,0.00,-0.006,1,neutral,10.0,NEUTRAL,
27.446,1,1,-0.1292,0.1669,-0.3663,0.4228,0.0680,-18.00,-9.97,6.52,0.189,-0.004,0.364,6.03,0.00,0.004,1,neutral,10.0,NEUTRAL,
27.494,1,1,-0.1288,0.1665,-0.3655,0.4218,0.0662,-18.09,-9.47,6.07,0.187,-0.003,0.321,6.08,0.00,0.007,1,neutral,10.1,NEUTRAL,
27.542,1,1,-0.1291,0.1668,-0.3661,0.4226,0.0649,-18.67,-9.52,6.40,0.182,-0.003,0.318,6.13,0.00,0.002,1,neutral,9.8,NEUTRAL,
27.590,1,1,-0.1291,0.1668,-0.3658,0.4223,0.0709,-18.13,-9.77,6.19,0.182,-0.004,0.318,6.18,0.00,0.003,1,neutral,10.4,NEUTRAL,
27.654,1,1,-0.1288,0.1663,-0.3649,0.4212,0.0674,-17.97,-9.18,6.11,0.181,-0.004,0.267,6.24,0.00,0.006,1,neutral,10.4,NEUTRAL,
27.718,1,1,-0.1290,0.1664,-0.3652,0.4215,0.0681,-18.80,-9.65,6.72,0.179,-0.005,0.242,6.30,0.00,0.004,1,neutral,9.7,NEUTRAL,
27.766,1,1,-0.1285,0.1660,-0.3643,0.4204,0.0651,-17.98,-9.82,6.22,0.188,-0.001,0.395,6.35,0.00,0.007,1,neutral,10.2,NEUTRAL,
27.815,1,1,-0.1302,0.1680,-0.3681,0.4250,0.0693,-18.95,-10.19,6.13,0.180,-0.004,0.570,6.40,0.00,-0.013,1,neutral,10.0,NEUTRAL,
27.863,1,1,-0.1304,0.1683,-0.3685,0.4256,0.0676,-18.37,-8.82,5.95,0.180,-0.004,0.544,6.45,0.00,-0.013,1,neutral,10.3,NEUTRAL,
27.912,1,1,-0.1301,0.1678,-0.3674,0.4243,0.0658,-18.68,-9.25,5.81,0.181,-0.004,0.465,6.50,0.00,-0.005,1,neutral,10.3,NEUTRAL,
27.974,1,1,-0.1302,0.1682,-0.3677,0.4247,0.0688,-19.02,-9.54,5.82,0.175,-0.008,0.478,6.56,0.00,-0.005,1,neutral,10.7,NEUTRAL,
28.037,1,1,-0.1302,0.1680,-0.3673,0.4244,0.0697,-18.45,-9.39,5.49,0.180,-0.009,0.500,6.62,0.00,-0.003,1,neutral,10.2,NEUTRAL,
28.086,1,1,-0.1307,0.1686,-0.3684,0.4257,0.0705,-18.58,-8.35,5.68,0.181,-0.011,0.441,6.67,0.00,-0.008,1,neutral,10.2,NEUTRAL,
28.132,1,1,-0.1303,0.1679,-0.3672,0.4243,0.0663,-18.93,-9.93,5.79,0.185,-0.012,0.400,6.72,0.00,0.000,1,neutral,10.0,NEUTRAL,
28.182,1,1,-0.1301,0.1677,-0.3673,0.4242,0.0672,-17.84,-8.93,5.74,0.189,-0.013,0.338,6.77,0.00,0.000,1,neutral,10.6,NEUTRAL,
28.231,1,1,-0.1295,0.1671,-0.3659,0.4226,0.0699,-18.71,-9.33,5.41,0.186,-0.014,0.375,6.82,0.00,0.007,1,neutral,10.6,NEUTRAL,
28.292,1,1,-0.1295,0.1670,-0.3656,0.4223,0.0677,-18.26,-8.37,5.19,0.182,-0.016,0.311,6.88,0.00,0.007,1,neutral,10.0,NEUTRAL,
28.343,1,1,-0.1295,0.1671,-0.3656,0.4224,0.0685,-18.37,-8.59,5.29,0.179,-0.017,0.262,6.93,0.00,0.005,1,neutral,10.2,NEUTRAL,
28.395,1,1,-0.1296,0.1673,-0.3659,0.4227,0.0679,-19.03,-8.52,5.34,0.173,-0.019,0.266,6.98,0.00,0.003,1,neutral,10.2,NEUTRAL,
28.472,1,1,-0.1295,0.1671,-0.3654,0.4222,0.0677,-18.48,-9.38,5.47,0.173,-0.020,0.264,7.06,0.00,0.003,1,neutral,11.0,NEUTRAL,
28.519,1,1,-0.1304,0.1681,-0.3673,0.4245,0.0693,-19.41,-9.00,5.61,0.176,-0.020,0.246,7.11,0.00,-0.007,1,neutral,10.2,NEUTRAL,
28.568,1,1,-0.1301,0.1677,-0.3664,0.4235,0.0657,-18.56,-9.46,5.77,0.176,-0.020,0.225,7.15,0.00,-0.001,1,neutral,10.0,NEUTRAL,
28.613,1,1,-0.1309,0.1685,-0.3679,0.4253,0.0698,-18.62,-9.18,5.93,0.177,-0.018,0.220,7.20,0.00,-0.009,1,neutral,9.9,NEUTRAL,
28.662,1,1,-0.1302,0.1679,-0.3668,0.4239,0.0673,-18.66,-9.12,5.75,0.172,-0.020,0.287,7.25,0.00,-0.001,1,neutral,9.8,NEUTRAL,
28.711,1,1,-0.1291,0.1666,-0.3645,0.4211,0.0691,-18.10,-8.56,5.94,0.175,-0.021,0.337,7.30,0.00,0.010,1,neutral,10.3,NEUTRAL,
28.775,1,1,-0.1296,0.1669,-0.3655,0.4222,0.0673,-19.14,-8.86,5.99,0.172,-0.022,0.335,7.36,0.00,0.005,1,neutral,10.7,NEUTRAL,
28.822,1,1,-0.1289,0.1659,-0.3637,0.4200,0.0661,-18.29,-9.01,5.50,0.164,-0.025,0.365,7.41,0.00,0.013,1,neutral,10.1,NEUTRAL,
28.870,1,1,-0.1296,0.1666,-0.3654,0.4220,0.0723,-18.70,-8.80,5.83,0.176,-0.023,0.599,7.46,0.00,0.002,1,neutral,10.2,NEUTRAL,
28.918,1,1,-0.1297,0.1669,-0.3658,0.4225,0.0682,-18.61,-8.81,5.43,0.182,-0.023,0.534,7.50,0.00,-0.000,1,neutral,10.2,NEUTRAL,
28.966,1,1,-0.1296,0.1670,-0.3657,0.4224,0.0658,-18.34,-8.88,5.45,0.185,-0.021,0.461,7.55,0.00,0.000,1,neutral,10.2,NEUTRAL,
29.014,1,1,-0.1296,0.1672,-0.3657,0.4225,0.0690,-18.91,-9.17,5.54,0.191,-0.021,0.424,7.60,0.00,-0.000,1,neutral,9.9,NEUTRAL,
29.063,1,1,-0.1299,0.1678,-0.3663,0.4234,0.0678,-18.92,-9.57,5.57,0.194,-0.019,0.363,7.65,0.00,-0.004,1,neutral,10.2,NEUTRAL,
29.109,1,1,-0.1296,0.1674,-0.3656,0.4225,0.0681,-18.95,-9.22,5.76,0.198,-0.021,0.339,7.70,0.00,0.001,1,neutral,10.1,NEUTRAL,
29.158,1,1,-0.1295,0.1667,-0.3651,0.4218,0.0670,-18.59,-8.28,5.57,0.199,-0.021,0.307,7.74,0.00,0.004,1,neutral,10.3,NEUTRAL,
29.206,1,1,-0.1294,0.1664,-0.3650,0.4215,0.0680,-18.58,-7.83,5.38,0.203,-0.020,0.306,7.79,0.00,0.004,1,neutral,9.8,NEUTRAL,
29.269,1,1,-0.1298,0.1662,-0.3654,0.4219,0.0699,-18.02,-7.91,5.59,0.210,-0.019,0.302,7.86,0.00,0.002,1,neutral,10.1,NEUTRAL,
29.318,1,1,-0.1304,0.1669,-0.3671,0.4238,0.0708,-18.89,-8.54,5.76,0.204,-0.019,0.439,7.90,0.00,-0.006,1,neutral,10.3,NEUTRAL,
29.366,1,1,-0.1300,0.1666,-0.3663,0.4229,0.0698,-18.49,-9.52,5.37,0.191,-0.023,0.505,7.95,0.00,-0.001,1,neutral,10.1,NEUTRAL,
29.414,1,1,-0.1303,0.1669,-0.3669,0.4236,0.0663,-18.62,-9.25,5.45,0.188,-0.022,0.540,8.00,0.00,-0.004,1,neutral,10.1,NEUTRAL,
29.463,1,1,-0.1296,0.1661,-0.3653,0.4217,0.0676,-18.22,-8.53,5.51,0.186,-0.021,0.450,8.05,0.00,0.005,1,neutral,10.3,NEUTRAL,
29.509,1,1,-0.1295,0.1664,-0.3655,0.4220,0.0663,-18.24,-9.53,5.22,0.185,-0.021,0.385,8.10,0.00,0.003,1,neutral,10.0,NEUTRAL,
29.558,1,1,-0.1297,0.1669,-0.3664,0.4230,0.0684,-18.15,-8.63,5.32,0.185,-0.019,0.359,8.14,0.00,-0.002,1,neutral,10.2,NEUTRAL,
29.606,1,1,-0.1298,0.1675,-0.3667,0.4235,0.0691,-18.78,-9.79,5.70,0.188,-0.019,0.335,8.19,0.00,-0.004,1,neutral,10.3,NEUTRAL,
29.670,1,1,-0.1305,0.1689,-0.3679,0.4253,0.0691,-19.50,-9.89,5.33,0.192,-0.018,0.296,8.26,0.00,-0.009,1,neutral,10.6,NEUTRAL,
29.718,1,1,-0.1309,0.1700,-0.3687,0.4266,0.0661,-18.81,-11.17,5.17,0.191,-0.020,0.324,8.30,0.00,-0.012,1,neutral,10.2,NEUTRAL,
29.765,1,1,-0.1313,0.1710,-0.3693,0.4277,0.0675,-19.47,-10.79,5.35,0.195,-0.018,0.367,8.35,0.00,-0.014,1,neutral,10.0,NEUTRAL,
29.812,1,1,-0.1320,0.1720,-0.3702,0.4290,0.0708,-19.31,-10.04,5.47,0.210,-0.015,0.491,8.40,0.00,-0.017,1,neutral,10.1,NEUTRAL,
29.862,1,1,-0.1316,0.1718,-0.3693,0.4280,0.0665,-19.50,-10.65,5.62,0.207,-0.015,0.630,8.45,0.00,-0.010,1,neutral,9.8,NEUTRAL,
29.911,1,1,-0.1309,0.1707,-0.3677,0.4260,0.0677,-18.64,-10.65,6.20,0.196,-0.012,0.648,8.50,0.00,0.000,1,neutral,10.2,NEUTRAL,
29.959,1,1,-0.1302,0.1691,-0.3661,0.4238,0.0640,-18.59,-9.26,6.10,0.198,-0.010,0.686,8.55,0.00,0.009,1,neutral,10.4,NEUTRAL,
30.006,1,1,-0.1301,0.1680,-0.3658,0.4230,0.0655,-19.02,-9.69,6.31,0.198,-0.009,0.575,8.59,0.00,0.011,1,neutral,10.2,NEUTRAL,
30.070,1,1,-0.1300,0.1670,-0.3654,0.4223,0.0643,-19.12,-9.13,6.23,0.202,-0.008,0.509,8.66,0.00,0.011,1,neutral,10.8,NEUTRAL,
30.119,1,1,-0.1298,0.1659,-0.3646,0.4211,0.0701,-18.73,-8.62,6.22,0.197,-0.008,0.546,8.71,0.00,0.014,1,neutral,10.1,NEUTRAL,
30.165,1,1,-0.1293,0.1650,-0.3635,0.4196,0.0673,-18.79,-9.23,6.32,0.195,-0.008,0.468,8.75,0.00,0.017,1,neutral,10.0,NEUTRAL,
30.214,1,1,-0.1297,0.1654,-0.3645,0.4208,0.0691,-19.01,-9.72,6.40,0.192,-0.007,0.393,8.80,0.00,0.009,1,neutral,10.1,NEUTRAL,
30.262,1,1,-0.1296,0.1649,-0.3642,0.4203,0.0671,-18.91,-8.95,6.25,0.195,-0.005,0.407,8.85,0.00,0.009,1,neutral,10.0,NEUTRAL,
30.311,1,1,-0.1299,0.1652,-0.3649,0.4211,0.0658,-19.40,-8.54,6.42,0.183,-0.006,0.576,8.90,0.00,0.004,1,neutral,10.1,NEUTRAL,
30.357,1,1,-0.1305,0.1661,-0.3659,0.4225,0.0662,-19.39,-9.46,6.29,0.175,-0.007,0.480,8.94,0.00,-0.003,1,neutral,9.9,NEUTRAL,
30.406,1,1,-0.1313,0.1673,-0.3676,0.4247,0.0702,-19.70,-9.65,6.23,0.167,-0.009,0.419,8.99,0.00,-0.011,1,neutral,9.9,NEUTRAL,
30.469,1,1,-0.1306,0.1671,-0.3659,0.4229,0.0644,-19.10,-10.01,5.99,0.163,-0.010,0.367,9.06,0.00,-0.003,1,neutral,10.3,NEUTRAL,
30.518,1,1,-0.1307,0.1682,-0.3664,0.4238,0.0640,-19.50,-11.08,6.07,0.160,-0.011,0.309,9.10,0.00,-0.006,1,neutral,10.1,NEUTRAL,
30.565,1,1,-0.1317,0.1702,-0.3682,0.4265,0.0687,-19.76,-10.63,5.67,0.159,-0.010,0.304,9.15,0.00,-0.017,1,neutral,9.9,NEUTRAL,
30.614,1,1,-0.1315,0.1707,-0.3675,0.4260,0.0688,-19.50,-11.37,5.71,0.169,-0.009,0.397,9.20,0.00,-0.011,1,neutral,10.2,NEUTRAL,
30.662,1,1,-0.1314,0.1709,-0.3670,0.4256,0.0662,-19.53,-11.29,6.05,0.164,-0.006,0.506,9.25,0.00,-0.007,1,neutral,10.2,NEUTRAL,
30.711,1,1,-0.1307,0.1706,-0.3660,0.4244,0.0680,-19.39,-10.49,5.98,0.166,-0.003,0.481,9.30,0.00,-0.001,1,neutral,9.7,NEUTRAL,
30.758,1,1,-0.1306,0.1704,-0.3657,0.4241,0.0692,-19.75,-11.57,6.05,0.172,-0.003,0.482,9.34,0.00,0.000,1,neutral,10.1,NEUTRAL,
30.805,1,1,-0.1298,0.1691,-0.3643,0.4221,0.0705,-19.00,-10.74,6.38,0.170,-0.005,0.506,9.39,0.00,0.009,1,neutral,10.2,NEUTRAL,
30.870,1,1,-0.1301,0.1689,-0.3651,0.4228,0.0696,-18.91,-10.43,6.55,0.165,-0.007,0.452,9.46,0.00,0.005,1,neutral,10.7,NEUTRAL,
30.918,1,1,-0.1296,0.1675,-0.3644,0.4215,0.0632,-18.97,-9.75,6.38,0.160,-0.009,0.387,9.50,0.00,0.009,1,neutral,10.0,NEUTRAL,
30.966,1,1,-0.1293,0.1664,-0.3637,0.4204,0.0687,-19.02,-8.30,5.90,0.162,-0.009,0.420,9.55,0.00,0.012,1,neutral,10.2,NEUTRAL,
31.014,1,1,-0.1289,0.1652,-0.3625,0.4187,0.0635,-18.86,-9.10,5.92,0.160,-0.010,0.406,9.60,0.00,0.017,1,neutral,10.0,NEUTRAL,
31.062,1,1,-0.1291,0.1651,-0.3631,0.4193,0.0673,-18.95,-8.90,6.09,0.155,-0.011,0.377,9.65,0.00,0.011,1,neutral,10.0,NEUTRAL,
31.110,1,1,-0.1287,0.1642,-0.3619,0.4178,0.0679,-19.46,-8.39,5.87,0.166,-0.009,0.546,9.70,0.00,0.015,1,neutral,10.3,NEUTRAL,
31.158,1,1,-0.1280,0.1629,-0.3602,0.4155,0.0714,-19.01,-9.28,5.92,0.168,-0.008,0.548,9.74,0.00,0.021,1,neutral,10.1,NEUTRAL,
31.206,1,1,-0.1279,0.1626,-0.3600,0.4152,0.0702,-19.10,-9.19,6.07,0.174,-0.005,0.537,9.79,0.00,0.019,1,neutral,10.2,NEUTRAL,
31.254,1,1,-0.1281,0.1627,-0.3606,0.4159,0.0650,-19.31,-9.47,6.02,0.170,-0.004,0.582,9.84,0.00,0.012,1,neutral,9.8,NEUTRAL,
31.303,1,1,-0.1286,0.1635,-0.3622,0.4177,0.0660,-18.83,-9.14,5.76,0.168,-0.004,0.498,9.89,0.00,0.002,1,neutral,10.1,NEUTRAL,
31.349,1,1,-0.1291,0.1646,-0.3634,0.4193,0.0691,-19.14,-9.70,6.13,0.172,-0.003,0.485,9.94,0.00,-0.005,1,neutral,10.0,NEUTRAL,
31.397,1,1,-0.1291,0.1647,-0.3630,0.4190,0.0678,-19.00,-9.37,5.52,0.171,-0.001,0.446,9.98,0.00,-0.003,1,neutral,10.2,NEUTRAL,
31.446,1,1,-0.1292,0.1654,-0.3630,0.4193,0.0644,-19.26,-10.31,5.41,0.180,0.002,0.511,10.03,0.00,-0.003,1,neutral,9.8,NEUTRAL,
31.494,1,1,-0.1294,0.1661,-0.3630,0.4196,0.0662,-20.02,-10.83,5.90,0.174,0.005,0.618,10.08,0.00,-0.004,1,neutral,10.1,NEUTRAL,
31.543,1,1,-0.1301,0.1673,-0.3643,0.4215,0.0663,-19.54,-11.01,5.89,0.174,0.004,0.590,10.13,0.00,-0.011,1,neutral,10.3,NEUTRAL,
31.588,1,1,-0.1297,0.1669,-0.3630,0.4200,0.0635,-19.43,-10.81,5.78,0.180,0.003,0.576,10.17,0.00,-0.002,1,neutral,9.9,NEUTRAL,
31.638,1,1,-0.1297,0.1669,-0.3633,0.4203,0.0631,-19.01,-10.57,5.82,0.177,0.005,0.580,10.22,0.00,-0.003,1,neutral,10.2,NEUTRAL,
31.685,1,1,-0.1293,0.1661,-0.3622,0.4189,0.0647,-19.35,-10.55,6.16,0.177,0.002,0.532,10.27,0.00,0.003,1,neutral,9.9,NEUTRAL,
31.735,1,1,-0.1294,0.1656,-0.3626,0.4191,0.0624,-19.18,-8.19,5.79,0.176,0.002,0.452,10.32,0.00,0.002,1,neutral,10.2,NEUTRAL,
31.782,1,1,-0.1304,0.1662,-0.3650,0.4218,0.0653,-19.43,-7.96,5.90,0.176,0.011,0.531,10.37,0.00,-0.010,1,neutral,10.1,NEUTRAL,
31.830,1,1,-0.1303,0.1654,-0.3644,0.4209,0.0651,-18.89,-7.98,5.67,0.178,0.014,0.515,10.42,0.00,-0.004,1,neutral,10.2,NEUTRAL,
31.878,1,1,-0.1299,0.1645,-0.3633,0.4195,0.0684,-18.97,-8.45,5.69,0.179,0.016,0.436,10.46,0.00,0.003,1,neutral,10.1,NEUTRAL,
31.926,1,1,-0.1295,0.1639,-0.3621,0.4181,0.0636,-19.55,-9.27,5.99,0.179,0.016,0.373,10.51,0.00,0.008,1,neutral,10.2,NEUTRAL,
31.974,1,1,-0.1307,0.1653,-0.3649,0.4214,0.0638,-19.65,-8.39,5.76,0.180,0.025,0.433,10.56,0.00,-0.008,1,neutral,10.1,NEUTRAL,
32.022,1,1,-0.1313,0.1661,-0.3662,0.4230,0.0673,-19.70,-8.12,5.54,0.185,0.020,0.541,10.61,0.00,-0.013,1,neutral,10.1,NEUTRAL,
32.085,1,1,-0.1315,0.1663,-0.3667,0.4236,0.0630,-18.74,-7.62,5.33,0.192,0.041,0.739,10.67,0.00,-0.012,1,neutral,10.5,NEUTRAL,
32.134,1,1,-0.1312,0.1658,-0.3662,0.4228,0.0657,-19.33,-8.88,5.52,0.195,0.043,0.833,10.72,0.00,-0.007,1,neutral,10.2,NEUTRAL,
32.181,1,1,-0.1302,0.1642,-0.3638,0.4198,0.0601,-18.50,-8.36,5.53,0.193,0.055,0.867,10.77,0.00,0.007,1,neutral,10.1,NEUTRAL,
32.230,1,1,-0.1305,0.1646,-0.3646,0.4207,0.0631,-19.15,-8.64,5.51,0.189,0.060,0.781,10.82,0.00,0.002,1,neutral,10.0,NEUTRAL,
32.278,1,1,-0.1296,0.1639,-0.3628,0.4187,0.0624,-18.86,-8.90,5.50,0.190,0.058,0.743,10.86,0.00,0.010,1,neutral,10.2,NEUTRAL,
32.326,1,1,-0.1295,0.1644,-0.3630,0.4190,0.0622,-18.85,-9.22,5.48,0.188,0.048,0.732,10.91,0.00,0.007,1,neutral,10.1,NEUTRAL,
32.373,1,1,-0.1290,0.1644,-0.3620,0.4180,0.0650,-18.59,-9.24,5.43,0.186,0.046,0.663,10.96,0.00,0.010,1,neutral,10.2,NEUTRAL,
32.422,1,1,-0.1286,0.1643,-0.3611,0.4170,0.0630,-18.66,-9.65,5.59,0.180,0.042,0.599,11.01,0.00,0.012,1,neutral,10.0,NEUTRAL,
32.485,1,1,-0.1286,0.1643,-0.3608,0.4168,0.0644,-19.36,-8.85,5.40,0.181,0.054,0.684,11.07,0.00,0.010,1,neutral,10.6,NEUTRAL,
32.533,1,1,-0.1287,0.1642,-0.3611,0.4171,0.0667,-19.05,-8.72,5.58,0.179,0.055,0.711,11.12,0.00,0.007,1,neutral,9.8,NEUTRAL,
32.582,1,1,-0.1295,0.1648,-0.3628,0.4190,0.0660,-18.80,-8.63,5.54,0.174,0.046,0.721,11.17,0.00,-0.002,1,neutral,10.1,NEUTRAL,
32.630,1,1,-0.1286,0.1634,-0.3607,0.4163,0.0632,-18.52,-8.23,5.57,0.173,0.035,0.668,11.22,0.00,0.009,1,neutral,10.1,NEUTRAL,
32.678,1,1,-0.1285,0.1632,-0.3604,0.4160,0.0680,-19.10,-9.04,5.73,0.174,0.030,0.594,11.26,0.00,0.009,1,neutral,10.2,NEUTRAL,
32.727,1,1,-0.1291,0.1638,-0.3616,0.4175,0.0670,-19.01,-8.69,5.63,0.176,0.042,0.745,11.31,0.00,0.001,1,neutral,10.2,NEUTRAL,
32.774,1,1,-0.1294,0.1643,-0.3623,0.4183,0.0672,-19.24,-9.18,5.78,0.177,0.036,0.838,11.36,0.00,-0.003,1,neutral,10.3,NEUTRAL,
32.822,1,1,-0.1303,0.1655,-0.3643,0.4208,0.0666,-19.35,-8.91,5.26,0.181,0.032,0.710,11.41,0.00,-0.013,1,neutral,10.0,NEUTRAL,
32.886,1,1,-0.1305,0.1659,-0.3652,0.4218,0.0640,-18.75,-8.81,5.64,0.185,0.037,0.666,11.47,0.00,-0.013,1,neutral,10.5,NEUTRAL,
32.935,1,1,-0.1307,0.1656,-0.3655,0.4220,0.0669,-19.16,-7.38,5.66,0.179,0.035,0.696,11.52,0.00,-0.011,1,neutral,10.3,NEUTRAL,
32.982,1,1,-0.1305,0.1650,-0.3650,0.4213,0.0640,-18.81,-7.92,5.66,0.183,0.050,0.879,11.57,0.00,-0.006,1,neutral,10.1,NEUTRAL,
33.030,1,1,-0.1303,0.1643,-0.3645,0.4205,0.0674,-19.22,-7.73,5.42,0.187,0.053,0.853,11.62,0.00,-0.002,1,neutral,10.1,NEUTRAL,
33.079,1,1,-0.1301,0.1641,-0.3641,0.4200,0.0645,-18.95,-8.45,5.60,0.185,0.062,0.819,11.66,0.00,0.001,1,neutral,10.2,NEUTRAL,
33.126,1,1,-0.1302,0.1644,-0.3642,0.4202,0.0672,-19.17,-8.85,5.35,0.190,0.057,0.886,11.71,0.00,-0.000,1,neutral,10.1,NEUTRAL,
33.174,1,1,-0.1299,0.1644,-0.3636,0.4196,0.0640,-19.03,-8.74,5.31,0.190,0.050,0.777,11.76,0.00,0.002,1,neutral,10.2,NEUTRAL,
33.222,1,1,-0.1298,0.1644,-0.3630,0.4191,0.0693,-19.67,-8.59,5.66,0.194,0.061,0.881,11.81,0.00,0.004,1,neutral,10.1,NEUTRAL,
33.286,1,1,-0.1306,0.1655,-0.3650,0.4215,0.0646,-19.22,-8.48,5.50,0.187,0.077,0.874,11.87,0.00,-0.004,1,neutral,10.7,NEUTRAL,
33.334,1,1,-0.1304,0.1652,-0.3645,0.4209,0.0606,-18.95,-8.97,5.65,0.180,0.090,0.731,11.92,0.00,-0.001,1,neutral,10.0,NEUTRAL,
33.381,1,1,-0.1301,0.1648,-0.3641,0.4203,0.0634,-18.86,-8.40,5.28,0.174,0.123,0.974,11.97,0.00,0.002,1,neutral,10.2,NEUTRAL,
33.430,1,1,-0.1299,0.1644,-0.3634,0.4195,0.0654,-19.03,-8.20,5.61,0.178,0.132,1.060,12.02,0.00,0.005,1,neutral,10.2,NEUTRAL,
33.478,1,1,-0.1304,0.1650,-0.3644,0.4207,0.0638,-19.05,-7.66,5.04,0.176,0.173,1.419,12.06,0.00,-0.001,1,neutral,10.0,NEUTRAL,
33.526,1,1,-0.1303,0.1648,-0.3637,0.4200,0.0676,-19.42,-8.60,5.70,0.175,0.141,2.175,12.11,0.00,0.002,1,neutral,10.2,NEUTRAL,
33.573,1,1,-0.1295,0.1641,-0.3619,0.4180,0.0651,-18.71,-8.48,5.44,0.166,0.121,1.897,12.16,0.00,0.010,1,neutral,9.8,NEUTRAL,
33.622,1,1,-0.1299,0.1650,-0.3632,0.4195,0.0676,-19.40,-8.74,5.35,0.174,0.103,1.770,12.21,0.00,0.002,1,neutral,10.1,NEUTRAL,
33.686,1,1,-0.1310,0.1665,-0.3657,0.4226,0.0651,-19.52,-8.46,5.20,0.174,0.118,1.773,12.27,0.00,-0.008,1,neutral,10.8,NEUTRAL,
33.733,1,1,-0.1303,0.1660,-0.3642,0.4209,0.0648,-18.79,-9.10,5.52,0.180,0.120,1.607,12.32,0.00,0.001,1,neutral,10.0,NEUTRAL,
33.782,1,1,-0.1305,0.1660,-0.3647,0.4214,0.0647,-19.11,-8.47,5.36,0.185,0.112,1.449,12.37,0.00,-0.001,1,neutral,10.0,NEUTRAL,
33.830,1,1,-0.1298,0.1651,-0.3634,0.4197,0.0636,-18.74,-8.06,5.22,0.177,0.101,1.377,12.42,0.00,0.006,1,neutral,10.1,NEUTRAL,
33.878,1,1,-0.1293,0.1641,-0.3621,0.4180,0.0654,-19.46,-8.46,5.23,0.175,0.092,1.179,12.46,0.00,0.012,1,neutral,10.2,NEUTRAL,
33.927,1,1,-0.1289,0.1632,-0.3613,0.4169,0.0663,-18.53,-7.56,5.04,0.167,0.094,1.128,12.51,0.00,0.014,1,neutral,10.3,NEUTRAL,
33.974,1,1,-0.1293,0.1634,-0.3623,0.4179,0.0667,-18.60,-7.62,5.30,0.157,0.087,1.048,12.56,0.00,0.007,1,neutral,9.9,NEUTRAL,
34.021,1,1,-0.1297,0.1639,-0.3632,0.4191,0.0643,-18.75,-7.60,5.32,0.155,0.085,0.934,12.61,0.00,0.001,1,neutral,10.0,NEUTRAL,
34.086,1,1,-0.1296,0.1639,-0.3629,0.4187,0.0647,-19.02,-9.14,5.51,0.155,0.070,0.907,12.67,0.00,0.002,1,neutral,10.9,NEUTRAL,
34.134,1,1,-0.1299,0.1644,-0.3631,0.4192,0.0650,-18.89,-7.93,5.42,0.152,0.072,0.957,12.72,0.00,-0.001,1,neutral,10.0,NEUTRAL,
34.181,1,1,-0.1294,0.1642,-0.3623,0.4183,0.0648,-18.83,-8.59,5.13,0.152,0.065,0.925,12.77,0.00,0.003,1,neutral,10.1,NEUTRAL,
34.231,1,1,-0.1292,0.1639,-0.3617,0.4176,0.0655,-19.13,-9.42,5.74,0.154,0.052,0.860,12.82,0.00,0.005,1,neutral,10.2,NEUTRAL,
34.278,1,1,-0.1298,0.1646,-0.3633,0.4194,0.0681,-19.24,-9.14,5.41,0.153,0.054,0.882,12.86,0.00,-0.003,1,neutral,10.0,NEUTRAL,
34.326,1,1,-0.1298,0.1642,-0.3632,0.4192,0.0667,-19.25,-8.22,5.27,0.155,0.048,0.827,12.91,0.00,-0.002,1,neutral,10.0,NEUTRAL,
34.374,1,1,-0.1303,0.1646,-0.3645,0.4206,0.0661,-19.05,-7.56,5.17,0.148,0.075,1.204,12.96,0.00,-0.007,1,neutral,10.1,NEUTRAL,
34.422,1,1,-0.1304,0.1645,-0.3644,0.4205,0.0685,-18.99,-7.54,5.31,0.162,0.095,1.275,13.01,0.00,-0.005,1,neutral,10.3,NEUTRAL,
34.470,1,1,-0.1305,0.1647,-0.3647,0.4209,0.0643,-18.68,-8.14,4.99,0.165,0.090,1.368,13.06,0.00,-0.006,1,neutral,10.3,NEUTRAL,
34.518,1,1,-0.1303,0.1644,-0.3639,0.4200,0.0655,-18.46,-8.15,5.23,0.166,0.093,1.200,13.10,0.00,-0.001,1,neutral,9.9,NEUTRAL,
34.566,1,1,-0.1305,0.1648,-0.3645,0.4208,0.0646,-18.99,-8.12,5.37,0.165,0.079,1.218,13.15,0.00,-0.004,1,neutral,10.1,NEUTRAL,
34.614,1,1,-0.1302,0.1643,-0.3634,0.4195,0.0657,-18.97,-8.92,5.40,0.164,0.071,0.996,13.20,0.00,0.002,1,neutral,10.0,NEUTRAL,
34.662,1,1,-0.1295,0.1633,-0.3616,0.4174,0.0651,-18.25,-8.31,5.21,0.169,0.087,1.193,13.25,0.00,0.011,1,neutral,10.2,NEUTRAL,
34.711,1,1,-0.1294,0.1629,-0.3612,0.4168,0.0652,-18.69,-8.38,5.55,0.162,0.082,1.277,13.30,0.00,0.011,1,neutral,10.3,NEUTRAL,
34.757,1,1,-0.1293,0.1623,-0.3610,0.4164,0.0668,-18.49,-7.92,5.90,0.161,0.086,1.168,13.34,0.00,0.010,1,neutral,10.4,NEUTRAL,
34.806,1,1,-0.1303,0.1635,-0.3636,0.4194,0.0637,-18.47,-7.45,5.20,0.173,0.110,1.327,13.39,0.00,-0.004,1,neutral,10.4,NEUTRAL,
34.854,1,1,-0.1308,0.1640,-0.3645,0.4205,0.0708,-18.93,-7.63,5.37,0.187,0.143,1.332,13.44,0.00,-0.008,1,neutral,10.0,NEUTRAL,
34.903,1,1,-0.1303,0.1636,-0.3634,0.4193,0.0632,-17.95,-7.66,5.14,0.182,0.155,1.395,13.49,0.00,-0.001,1,neutral,10.1,NEUTRAL,
34.952,1,1,-0.1308,0.1644,-0.3643,0.4206,0.0640,-18.87,-7.96,5.05,0.186,0.182,1.420,13.54,0.00,-0.006,1,neutral,10.3,NEUTRAL,
34.999,1,1,-0.1308,0.1645,-0.3640,0.4203,0.0623,-18.77,-8.57,5.01,0.178,0.194,1.361,13.58,0.00,-0.004,1,neutral,9.9,NEUTRAL,
35.045,1,1,-0.1305,0.1646,-0.3637,0.4200,0.0652,-18.55,-7.34,5.01,0.161,0.205,1.273,13.63,0.00,-0.002,1,neutral,10.0,NEUTRAL,
35.094,1,1,-0.1300,0.1641,-0.3628,0.4189,0.0648,-18.38,-7.62,5.25,0.155,0.220,1.173,13.68,0.00,0.003,1,content,10.2,NEUTRAL,
35.142,1,1,-0.1298,0.1639,-0.3627,0.4186,0.0644,-18.47,-8.53,5.34,0.152,0.204,1.385,13.73,0.00,0.004,1,content,9.7,NEUTRAL,
35.189,1,1,-0.1290,0.1628,-0.3612,0.4167,0.0642,-17.62,-7.34,5.29,0.150,0.213,1.451,13.78,0.00,0.011,1,content,10.0,NEUTRAL,
35.238,1,1,-0.1292,0.1629,-0.3615,0.4170,0.0617,-19.06,-8.01,5.25,0.155,0.223,1.290,13.82,0.00,0.007,1,content,10.1,NEUTRAL,
35.302,1,1,-0.1294,0.1631,-0.3618,0.4174,0.0641,-18.54,-6.74,5.13,0.156,0.233,1.083,13.89,0.00,0.005,1,content,10.7,NEUTRAL,
35.350,1,1,-0.1299,0.1636,-0.3626,0.4184,0.0646,-18.80,-7.46,5.27,0.156,0.234,0.973,13.94,0.00,-0.000,1,content,10.3,NEUTRAL,
35.401,1,1,-0.1302,0.1641,-0.3628,0.4189,0.0629,-18.43,-8.24,5.15,0.162,0.258,1.137,13.99,0.00,-0.002,1,content,10.3,NEUTRAL,
35.447,1,1,-0.1302,0.1643,-0.3626,0.4188,0.0639,-19.24,-7.83,5.55,0.165,0.299,1.314,14.03,0.00,-0.001,1,content,10.0,NEUTRAL,
35.493,1,1,-0.1308,0.1652,-0.3639,0.4205,0.0640,-19.19,-8.05,5.23,0.162,0.294,1.677,14.08,0.00,-0.008,1,content,10.0,NEUTRAL,
35.542,1,1,-0.1308,0.1650,-0.3635,0.4201,0.0604,-19.24,-8.71,5.39,0.156,0.289,1.419,14.13,0.00,-0.005,1,content,10.1,NEUTRAL,
35.590,1,1,-0.1305,0.1646,-0.3633,0.4197,0.0651,-18.47,-8.40,5.60,0.150,0.237,1.943,14.18,0.00,-0.002,1,content,9.9,NEUTRAL,
35.638,1,1,-0.1298,0.1636,-0.3616,0.4176,0.0644,-18.55,-7.66,5.31,0.147,0.230,2.090,14.22,0.00,0.007,1,content,10.4,NEUTRAL,
35.702,1,1,-0.1305,0.1640,-0.3628,0.4190,0.0642,-19.81,-8.20,5.58,0.145,0.230,1.743,14.29,0.00,0.001,1,content,10.6,NEUTRAL,
35.750,1,1,-0.1300,0.1636,-0.3620,0.4180,0.0672,-18.71,-8.06,5.52,0.147,0.214,1.671,14.34,0.00,0.005,1,content,10.2,NEUTRAL,
35.797,1,1,-0.1302,0.1640,-0.3623,0.4185,0.0654,-19.00,-8.28,5.24,0.151,0.195,1.460,14.38,0.00,0.002,1,content,10.0,NEUTRAL,
35.846,1,1,-0.1307,0.1647,-0.3635,0.4200,0.0638,-19.56,-8.12,5.21,0.152,0.229,1.946,14.43,0.00,-0.005,1,content,10.0,NEUTRAL,
35.893,1,1,-0.1311,0.1654,-0.3649,0.4215,0.0615,-18.24,-7.49,5.54,0.160,0.272,1.882,14.48,0.00,-0.010,1,content,9.9,NEUTRAL,
35.945,1,1,-0.1306,0.1648,-0.3636,0.4200,0.0567,-18.37,-8.40,6.14,0.142,0.243,2.509,14.53,0.00,-0.002,1,content,10.1,NEUTRAL,
35.990,1,1,-0.1306,0.1644,-0.3631,0.4194,0.0651,-18.67,-7.86,5.62,0.135,0.224,2.136,14.58,0.00,0.001,1,content,10.0,NEUTRAL,
36.038,1,1,-0.1308,0.1644,-0.3636,0.4199,0.0700,-18.86,-8.37,5.49,0.127,0.186,2.081,14.62,0.00,-0.001,1,content,10.0,NEUTRAL,
36.102,1,1,-0.1307,0.1643,-0.3634,0.4197,0.0681,-18.69,-7.59,5.58,0.118,0.154,1.735,14.69,0.00,-0.001,1,content,10.7,NEUTRAL,
36.149,1,1,-0.1307,0.1644,-0.3634,0.4197,0.0655,-19.30,-8.96,5.68,0.119,0.142,1.632,14.74,0.00,-0.000,1,content,10.1,NEUTRAL,
36.198,1,1,-0.1307,0.1644,-0.3632,0.4196,0.0644,-19.66,-7.66,5.63,0.121,0.164,1.817,14.78,0.00,0.000,1,content,10.1,NEUTRAL,
36.246,1,1,-0.1299,0.1638,-0.3613,0.4174,0.0643,-18.70,-7.80,5.21,0.131,0.139,2.150,14.83,0.00,0.009,1,content,10.1,NEUTRAL,
36.293,1,1,-0.1304,0.1647,-0.3628,0.4192,0.0649,-19.57,-7.67,5.25,0.127,0.145,2.185,14.88,0.00,-0.000,1,content,10.0,NEUTRAL,
36.343,1,1,-0.1314,0.1657,-0.3648,0.4217,0.0644,-19.78,-8.23,5.38,0.132,0.129,2.096,14.93,0.00,-0.010,1,content,10.2,NEUTRAL,
36.389,1,1,-0.1309,0.1651,-0.3639,0.4205,0.0641,-18.70,-8.86,5.57,0.134,0.122,1.750,14.98,0.00,-0.003,1,neutral,9.9,NEUTRAL,
36.439,1,1,-0.1307,0.1646,-0.3636,0.4199,0.0675,-18.93,-7.24,5.67,0.138,0.150,1.960,15.03,0.00,-0.000,1,neutral,10.0,NEUTRAL,
36.502,1,1,-0.1307,0.1642,-0.3633,0.4195,0.0640,-19.56,-8.07,5.42,0.137,0.159,1.744,15.09,0.00,0.001,1,neutral,10.5,NEUTRAL,
36.549,1,1,-0.1297,0.1630,-0.3610,0.4168,0.0684,-18.59,-7.12,5.15,0.136,0.153,1.598,15.14,0.00,0.013,1,neutral,10.0,NEUTRAL,
36.597,1,1,-0.1301,0.1636,-0.3618,0.4179,0.0628,-19.14,-7.82,5.25,0.140,0.156,1.428,15.18,0.00,0.006,1,neutral,10.0,NEUTRAL,
36.646,1,1,-0.1305,0.1641,-0.3625,0.4187,0.0656,-19.15,-7.69,5.52,0.137,0.135,1.542,15.23,0.00,0.001,1,neutral,10.0,NEUTRAL,
36.693,1,1,-0.1312,0.1651,-0.3637,0.4204,0.0645,-19.43,-8.19,5.28,0.142,0.192,2.456,15.28,0.00,-0.006,1,neutral,10.0,NEUTRAL,
36.742,1,1,-0.1321,0.1662,-0.3660,0.4231,0.0643,-19.14,-7.59,5.07,0.140,0.187,2.737,15.33,0.00,-0.016,1,neutral,10.2,NEUTRAL,
36.789,1,1,-0.1322,0.1662,-0.3662,0.4233,0.0645,-19.16,-8.03,5.38,0.144,0.186,2.309,15.38,0.00,-0.014,1,neutral,9.9,NEUTRAL,
36.838,1,1,-0.1318,0.1651,-0.3649,0.4217,0.0639,-19.48,-6.49,5.09,0.140,0.186,1.980,15.42,0.00,-0.004,1,neutral,10.3,NEUTRAL,
36.903,1,1,-0.1322,0.1651,-0.3656,0.4223,0.0646,-19.45,-6.99,5.42,0.140,0.176,1.712,15.49,0.00,-0.006,1,neutral,10.6,NEUTRAL,
36.951,1,1,-0.1327,0.1652,-0.3661,0.4230,0.0673,-20.12,-7.95,5.73,0.147,0.181,1.590,15.54,0.00,-0.007,1,neutral,10.1,NEUTRAL,
36.998,1,1,-0.1323,0.1640,-0.3650,0.4215,0.0694,-19.57,-5.93,5.79,0.151,0.185,1.297,15.58,0.00,0.001,1,neutral,10.2,NEUTRAL,
37.046,1,1,-0.1330,0.1642,-0.3663,0.4229,0.0644,-20.41,-6.45,5.62,0.148,0.198,1.209,15.63,0.00,-0.005,1,neutral,10.3,NEUTRAL,
37.093,1,1,-0.1326,0.1629,-0.3648,0.4210,0.0623,-20.68,-5.74,5.63,0.135,0.184,1.414,15.68,0.00,0.004,1,neutral,10.0,NEUTRAL,
37.142,1,1,-0.1326,0.1621,-0.3645,0.4204,0.0627,-20.37,-4.67,5.40,0.133,0.204,1.649,15.73,0.00,0.006,1,content,10.1,NEUTRAL,
37.190,1,1,-0.1323,0.1611,-0.3641,0.4196,0.0673,-20.14,-5.12,5.75,0.138,0.199,1.662,15.78,0.00,0.008,1,content,10.1,NEUTRAL,
37.238,1,1,-0.1319,0.1596,-0.3635,0.4183,0.0642,-19.60,-4.46,5.27,0.132,0.164,1.899,15.82,0.00,0.012,1,content,10.1,NEUTRAL,
37.286,1,1,-0.1319,0.1584,-0.3640,0.4183,0.0642,-20.08,-3.07,5.40,0.121,0.166,2.024,15.87,0.00,0.009,1,content,9.9,NEUTRAL,
37.334,1,1,-0.1313,0.1567,-0.3629,0.4165,0.0623,-19.04,-2.27,5.09,0.114,0.148,1.953,15.92,0.00,0.015,1,content,9.8,NEUTRAL,
37.382,1,1,-0.1309,0.1549,-0.3627,0.4156,0.0663,-19.83,-1.14,5.86,0.112,0.175,2.240,15.97,0.00,0.016,1,content,10.0,NEUTRAL,
37.430,1,1,-0.1305,0.1531,-0.3626,0.4147,0.0678,-19.92,-0.77,5.49,0.114,0.172,2.187,16.02,0.00,0.016,1,content,10.3,NEUTRAL,
37.477,1,1,-0.1292,0.1501,-0.3597,0.4107,0.0670,-19.69,0.93,5.07,0.111,0.180,1.941,16.06,0.00,0.030,1,content,9.9,NEUTRAL,
37.526,1,1,-0.1298,0.1499,-0.3613,0.4121,0.0670,-19.84,-0.14,4.80,0.109,0.178,1.673,16.11,0.00,0.018,1,content,10.2,NEUTRAL,
37.574,1,1,-0.1297,0.1489,-0.3610,0.4115,0.0616,-19.65,0.77,4.85,0.103,0.176,1.421,16.16,0.00,0.017,1,content,10.0,NEUTRAL,
37.622,1,1,-0.1294,0.1484,-0.3605,0.4107,0.0637,-19.32,-0.11,5.29,0.103,0.180,1.267,16.21,0.00,0.017,1,content,9.9,NEUTRAL,
37.670,1,1,-0.1287,0.1472,-0.3591,0.4089,0.0681,-18.87,0.82,5.01,0.103,0.177,1.106,16.26,0.00,0.021,1,content,10.2,NEUTRAL,
37.719,1,1,-0.1288,0.1472,-0.3598,0.4095,0.0682,-19.01,0.22,4.95,0.107,0.165,1.073,16.31,0.00,0.014,1,content,10.1,NEUTRAL,
37.765,1,1,-0.1286,0.1470,-0.3596,0.4092,0.0656,-18.90,-0.05,4.87,0.113,0.155,0.920,16.35,0.00,0.013,1,content,9.9,NEUTRAL,
37.813,1,1,-0.1295,0.1479,-0.3614,0.4114,0.0666,-19.88,-0.44,4.81,0.120,0.183,1.336,16.40,0.00,0.001,1,content,9.9,NEUTRAL,
37.862,1,1,-0.1292,0.1475,-0.3610,0.4108,0.0657,-19.03,-0.49,4.95,0.126,0.185,1.387,16.45,0.00,0.003,1,content,9.8,NEUTRAL,
37.910,1,1,-0.1287,0.1467,-0.3600,0.4095,0.0683,-19.46,0.23,4.99,0.129,0.201,1.333,16.50,0.00,0.008,1,content,10.2,NEUTRAL,
37.958,1,1,-0.1291,0.1468,-0.3604,0.4100,0.0706,-19.80,-1.11,5.47,0.133,0.192,1.408,16.54,0.00,0.004,1,content,10.0,NEUTRAL,
38.006,1,1,-0.1289,0.1466,-0.3601,0.4096,0.0692,-18.90,-0.38,4.54,0.146,0.206,1.510,16.59,0.00,0.005,1,content,10.0,NEUTRAL,
38.054,1,1,-0.1290,0.1469,-0.3604,0.4100,0.0697,-18.10,0.24,4.78,0.148,0.241,1.622,16.64,0.00,0.002,1,content,10.0,NEUTRAL,
38.118,1,1,-0.1291,0.1472,-0.3602,0.4100,0.0690,-18.17,-0.69,4.45,0.142,0.253,1.501,16.70,0.00,0.002,1,content,10.5,NEUTRAL,
38.166,1,1,-0.1296,0.1482,-0.3609,0.4111,0.0700,-19.18,-1.03,4.32,0.150,0.255,1.420,16.75,0.00,-0.003,1,content,10.0,NEUTRAL,
38.213,1,1,-0.1288,0.1481,-0.3593,0.4094,0.0679,-18.42,-1.04,4.52,0.144,0.229,1.648,16.80,0.00,0.005,1,content,10.1,NEUTRAL,
38.262,1,1,-0.1293,0.1495,-0.3604,0.4110,0.0649,-18.91,-2.20,4.44,0.144,0.234,1.731,16.85,0.00,-0.003,1,content,10.0,NEUTRAL,
38.313,1,1,-0.1293,0.1502,-0.3607,0.4116,0.0664,-19.12,-2.24,4.57,0.137,0.192,2.117,16.90,0.00,-0.005,1,content,10.2,NEUTRAL,
38.357,1,1,-0.1292,0.1507,-0.3606,0.4116,0.0665,-18.87,-2.05,4.14,0.136,0.208,2.552,16.94,0.00,-0.004,1,content,9.9,NEUTRAL,
38.406,1,1,-0.1295,0.1519,-0.3621,0.4134,0.0666,-18.66,-2.85,4.38,0.134,0.187,2.584,16.99,0.00,-0.011,1,content,10.1,NEUTRAL,
38.454,1,1,-0.1285,0.1515,-0.3607,0.4117,0.0664,-17.43,-2.04,3.82,0.133,0.200,2.540,17.04,0.00,-0.001,1,content,9.8,NEUTRAL,
38.518,1,1,-0.1270,0.1505,-0.3581,0.4087,0.0648,-16.86,-2.54,4.16,0.132,0.196,2.203,17.10,0.00,0.008,1,content,10.8,NEUTRAL,
38.566,1,1,-0.1252,0.1491,-0.3548,0.4047,0.0664,-16.92,-3.31,4.15,0.139,0.193,1.887,17.15,0.00,0.023,1,content,10.4,NEUTRAL,
38.614,1,1,-0.1231,0.1476,-0.3514,0.4005,0.0652,-15.35,-2.12,3.92,0.126,0.209,1.922,17.20,0.00,0.036,1,content,10.1,NEUTRAL,
38.663,1,1,-0.1214,0.1468,-0.3497,0.3982,0.0666,-13.99,-0.67,3.86,0.112,0.171,2.355,17.25,0.00,0.039,1,content,10.2,CONTENT,8
38.711,1,1,-0.1192,0.1458,-0.3472,0.3950,0.0642,-12.62,-0.62,3.82,0.101,0.154,2.080,17.30,0.00,0.044,1,content,10.1,CONTENT,
38.758,1,1,-0.1168,0.1447,-0.3449,0.3919,0.0661,-12.40,-0.76,3.69,0.095,0.118,2.055,17.34,0.00,0.048,1,content,9.9,CONTENT,
38.805,1,1,-0.1134,0.1426,-0.3409,0.3865,0.0679,-11.12,1.45,3.62,0.104,0.166,2.918,17.39,0.00,0.061,1,content,9.9,CONTENT,
38.855,1,1,-0.1096,0.1411,-0.3375,0.3819,0.0653,-10.57,1.22,3.20,0.101,0.137,3.402,17.44,0.00,0.068,1,content,10.2,CONTENT,
38.918,1,1,-0.1058,0.1401,-0.3346,0.3778,0.0647,-9.58,2.22,2.82,0.105,0.140,3.039,17.50,0.00,0.067,1,content,10.6,CONTENT,
38.966,1,1,-0.1013,0.1380,-0.3293,0.3711,0.0670,-9.47,2.23,2.58,0.102,0.118,2.842,17.55,0.00,0.082,1,content,9.9,CONTENT,
39.014,1,1,-0.0975,0.1370,-0.3259,0.3668,0.0636,-9.37,3.06,2.51,0.101,0.104,2.326,17.60,0.00,0.084,1,neutral,10.3,CONTENT,
39.063,1,1,-0.0939,0.1353,-0.3213,0.3611,0.0640,-9.61,2.50,2.53,0.099,0.082,2.058,17.65,0.00,0.090,1,neutral,10.2,CONTENT,
39.111,1,1,-0.0907,0.1331,-0.3160,0.3546,0.0639,-9.69,3.97,2.68,0.100,0.061,1.716,17.70,0.00,0.099,1,neutral,10.2,CONTENT,
39.158,1,1,-0.0882,0.1308,-0.3111,0.3488,0.0649,-10.77,4.04,2.50,0.096,0.049,1.450,17.74,0.00,0.104,1,neutral,10.3,CONTENT,
39.205,1,1,-0.0855,0.1282,-0.3048,0.3416,0.0641,-10.40,3.37,2.65,0.103,0.067,1.649,17.79,0.00,0.114,1,neutral,10.1,CONTENT,
39.254,1,1,-0.0832,0.1259,-0.2988,0.3348,0.0673,-10.38,3.47,2.60,0.103,0.048,1.866,17.84,0.00,0.119,1,neutral,10.1,CONTENT,
39.318,1,1,-0.0813,0.1238,-0.2928,0.3281,0.0635,-11.03,2.47,2.32,0.116,0.059,1.851,17.90,0.00,0.116,1,neutral,10.7,CONTENT,
39.366,1,1,-0.0805,0.1230,-0.2890,0.3242,0.0630,-11.82,2.83,1.90,0.117,0.063,1.655,17.95,0.00,0.109,1,neutral,10.2,CONTENT,
39.414,1,1,-0.0800,0.1216,-0.2842,0.3193,0.0668,-11.93,2.71,1.68,0.119,0.055,1.506,18.00,0.00,0.108,1,neutral,10.2,CONTENT,
39.462,1,1,-0.0788,0.1186,-0.2771,0.3116,0.0661,-11.59,3.30,1.54,0.118,0.056,1.331,18.05,0.00,0.118,1,neutral,10.3,CONTENT,
39.510,1,1,-0.0785,0.1165,-0.2723,0.3064,0.0653,-11.55,3.84,1.37,0.122,0.046,1.262,18.10,0.00,0.116,1,neutral,10.3,CONTENT,
39.558,1,1,-0.0786,0.1147,-0.2680,0.3020,0.0682,-12.36,2.90,1.61,0.120,0.048,1.191,18.14,0.00,0.111,1,neutral,10.1,CONTENT,
39.606,1,1,-0.0786,0.1125,-0.2636,0.2972,0.0662,-12.85,2.77,1.47,0.128,0.045,1.115,18.19,0.00,0.109,1,neutral,10.0,CONTENT,
39.655,1,1,-0.0794,0.1111,-0.2606,0.2942,0.0652,-13.30,2.23,1.30,0.126,0.090,1.676,18.24,0.00,0.099,1,neutral,10.3,CONTENT,
39.719,1,1,-0.0802,0.1095,-0.2580,0.2915,0.0661,-13.76,1.01,1.31,0.128,0.103,1.603,18.31,0.00,0.088,1,neutral,10.9,CONTENT,
39.766,1,1,-0.0811,0.1075,-0.2555,0.2888,0.0652,-14.45,1.06,1.54,0.127,0.084,1.776,18.35,0.00,0.082,1,neutral,10.4,CONTENT,
39.814,1,1,-0.0820,0.1056,-0.2538,0.2869,0.0665,-14.34,1.97,1.56,0.124,0.076,1.522,18.40,0.00,0.074,1,neutral,10.1,CONTENT,
39.863,1,1,-0.0823,0.1028,-0.2519,0.2843,0.0660,-13.29,3.28,1.90,0.119,0.057,1.412,18.45,0.00,0.070,1,neutral,10.3,CONTENT,
39.911,1,1,-0.0828,0.1004,-0.2517,0.2834,0.0658,-13.35,4.74,2.18,0.125,0.052,1.340,18.50,0.00,0.059,1,neutral,10.2,CONTENT,
39.958,1,1,-0.0831,0.0979,-0.2511,0.2821,0.0647,-13.52,5.24,2.15,0.131,0.040,1.206,18.54,0.00,0.053,1,neutral,10.4,CONTENT,
40.006,1,1,-0.0835,0.0953,-0.2496,0.2799,0.0655,-14.59,5.29,2.06,0.128,0.025,1.129,18.59,0.00,0.052,1,neutral,10.3,CONTENT,
40.055,1,1,-0.0842,0.0927,-0.2476,0.2775,0.0656,-16.53,5.60,2.10,0.127,0.017,0.960,18.64,0.00,0.051,1,neutral,10.4,CONTENT,
40.118,1,1,-0.0862,0.0915,-0.2478,0.2779,0.0693,-18.14,5.70,2.07,0.129,0.017,0.852,18.70,0.00,0.040,1,neutral,10.6,CONTENT,
40.166,1,1,-0.0882,0.0904,-0.2474,0.2778,0.0654,-19.66,4.57,1.68,0.129,0.021,0.754,18.75,0.00,0.032,1,neutral,10.0,CONTENT,
40.214,1,1,-0.0896,0.0895,-0.2469,0.2775,0.0653,-19.73,5.61,1.79,0.131,0.017,0.721,18.80,0.00,0.027,1,neutral,10.3,CONTENT,
40.262,1,1,-0.0906,0.0887,-0.2467,0.2774,0.0673,-19.33,5.57,1.93,0.132,0.010,0.656,18.85,0.00,0.022,1,neutral,10.3,CONTENT,
40.311,1,1,-0.0910,0.0877,-0.2458,0.2764,0.0677,-19.44,5.75,1.79,0.137,0.007,0.602,18.90,0.00,0.022,1,neutral,10.2,CONTENT,
40.358,1,1,-0.0915,0.0871,-0.2455,0.2761,0.0666,-19.90,5.23,1.95,0.136,0.004,0.570,18.94,0.00,0.019,1,neutral,10.4,CONTENT,
40.406,1,1,-0.0920,0.0866,-0.2454,0.2760,0.0679,-19.70,6.08,1.73,0.137,0.029,0.902,18.99,0.00,0.015,1,neutral,10.4,CONTENT,
40.454,1,1,-0.0923,0.0862,-0.2450,0.2756,0.0639,-19.91,5.54,1.63,0.140,0.035,0.935,19.04,0.00,0.014,1,neutral,10.3,CONTENT,
40.502,1,1,-0.0925,0.0859,-0.2443,0.2750,0.0631,-19.81,5.19,1.67,0.148,0.046,0.888,19.09,0.00,0.014,1,neutral,10.1,CONTENT,
40.549,1,1,-0.0925,0.0853,-0.2437,0.2743,0.0675,-20.44,4.72,2.10,0.151,0.047,0.848,19.14,0.00,0.014,1,neutral,10.3,CONTENT,
40.598,1,1,-0.0923,0.0850,-0.2427,0.2732,0.0661,-19.85,3.65,2.31,0.158,0.073,1.106,19.18,0.00,0.015,1,neutral,10.3,CONTENT,
40.646,1,1,-0.0920,0.0846,-0.2419,0.2723,0.0663,-20.04,4.71,2.14,0.160,0.067,1.302,19.23,0.00,0.016,1,neutral,10.5,CONTENT,
40.693,1,1,-0.0922,0.0849,-0.2421,0.2726,0.0657,-19.59,4.79,2.02,0.158,0.077,1.294,19.28,0.00,0.012,1,neutral,10.2,CONTENT,
40.743,1,1,-0.0923,0.0853,-0.2427,0.2733,0.0667,-19.27,4.44,2.01,0.157,0.065,1.360,19.33,0.00,0.006,1,neutral,10.4,CONTENT,
40.789,1,1,-0.0923,0.0857,-0.2433,0.2740,0.0657,-19.29,4.15,2.13,0.154,0.074,1.421,19.38,0.00,0.002,1,neutral,10.0,CONTENT,
40.839,1,1,-0.0921,0.0859,-0.2432,0.2738,0.0650,-18.13,4.16,1.92,0.161,0.124,1.855,19.43,0.00,0.002,1,neutral,10.1,CONTENT,
40.886,1,1,-0.0931,0.0870,-0.2453,0.2764,0.0672,-19.90,4.62,2.00,0.151,0.098,2.626,19.47,0.00,-0.009,1,neutral,10.2,CONTENT,
40.936,1,1,-0.0937,0.0878,-0.2461,0.2776,0.0669,-19.89,4.22,1.98,0.149,0.086,2.265,19.52,0.00,-0.012,1,neutral,10.5,CONTENT,
40.983,1,1,-0.0939,0.0881,-0.2466,0.2782,0.0672,-20.20,4.20,2.35,0.146,0.069,1.956,19.57,0.00,-0.012,1,neutral,10.3,CONTENT,
41.030,1,1,-0.0942,0.0883,-0.2470,0.2787,0.0655,-20.11,3.96,2.67,0.146,0.051,1.659,19.62,0.00,-0.012,1,neutral,10.2,NEUTRAL,5
41.079,1,1,-0.0944,0.0883,-0.2469,0.2787,0.0635,-20.71,3.79,2.61,0.152,0.042,1.449,19.67,0.00,-0.009,1,neutral,10.5,NEUTRAL,
41.126,1,1,-0.0954,0.0890,-0.2482,0.2804,0.0667,-21.65,2.70,2.69,0.147,0.028,1.370,19.71,0.00,-0.015,1,neutral,10.0,NEUTRAL,
41.175,1,1,-0.0957,0.0896,-0.2487,0.2811,0.0642,-20.58,3.32,2.68,0.143,0.032,1.327,19.76,0.00,-0.015,1,neutral,10.1,NEUTRAL,
41.222,1,1,-0.0963,0.0907,-0.2502,0.2830,0.0689,-20.87,3.40,2.71,0.146,0.032,1.200,19.81,0.00,-0.020,1,neutral,10.1,NEUTRAL,
41.271,1,1,-0.0965,0.0915,-0.2506,0.2837,0.0663,-20.78,3.06,2.90,0.143,0.033,1.071,19.86,0.00,-0.019,1,neutral,10.3,NEUTRAL,
41.334,1,1,-0.0971,0.0925,-0.2518,0.2853,0.0662,-21.13,2.21,3.45,0.149,0.052,1.108,19.92,0.00,-0.020,1,neutral,10.8,NEUTRAL,
41.384,1,1,-0.0971,0.0931,-0.2521,0.2858,0.0655,-20.71,3.11,3.02,0.140,0.041,1.344,19.97,0.00,-0.018,1,neutral,10.2,NEUTRAL,
41.432,1,1,-0.0970,0.0934,-0.2523,0.2860,0.0642,-21.20,2.89,3.04,0.142,0.032,1.225,20.02,0.00,-0.015,1,neutral,10.0,NEUTRAL,
41.481,1,1,-0.0969,0.0936,-0.2519,0.2857,0.0665,-20.83,2.89,3.20,0.137,0.020,1.113,20.07,0.00,-0.011,1,neutral,10.3,NEUTRAL,
41.526,1,1,-0.0975,0.0942,-0.2531,0.2872,0.0673,-21.23,2.10,3.17,0.140,0.024,1.151,20.11,0.00,-0.015,1,neutral,9.9,NEUTRAL,
41.575,1,1,-0.0978,0.0945,-0.2537,0.2878,0.0658,-20.94,2.93,3.09,0.135,0.031,1.069,20.16,0.00,-0.015,1,neutral,10.4,NEUTRAL,
41.638,1,1,-0.0977,0.0942,-0.2535,0.2875,0.0707,-21.08,3.03,3.63,0.140,0.036,0.970,20.22,0.00,-0.011,1,neutral,10.0,NEUTRAL,
41.687,1,1,-0.0979,0.0940,-0.2538,0.2878,0.0644,-20.89,3.53,3.43,0.145,0.067,1.211,20.27,0.00,-0.010,1,neutral,10.0,NEUTRAL,
41.735,1,1,-0.0982,0.0941,-0.2543,0.2884,0.0649,-20.74,4.31,3.37,0.148,0.069,1.295,20.32,0.00,-0.010,1,neutral,10.5,NEUTRAL,
41.782,1,1,-0.0984,0.0944,-0.2546,0.2888,0.0670,-21.35,2.78,3.54,0.144,0.060,1.255,20.37,0.00,-0.010,1,neutral,10.5,NEUTRAL,
41.830,1,1,-0.0979,0.0942,-0.2536,0.2877,0.0640,-21.03,2.79,3.60,0.145,0.086,1.563,20.42,0.00,-0.004,1,neutral,10.1,NEUTRAL,
41.879,1,1,-0.0984,0.0951,-0.2547,0.2891,0.0638,-21.75,3.14,3.60,0.151,0.077,1.724,20.46,0.00,-0.009,1,neutral,10.3,NEUTRAL,
41.927,1,1,-0.0985,0.0955,-0.2551,0.2896,0.0675,-21.41,3.08,3.33,0.150,0.069,1.480,20.51,0.00,-0.009,1,neutral,10.0,NEUTRAL,
41.975,1,1,-0.0984,0.0957,-0.2550,0.2896,0.0697,-21.30,1.99,3.52,0.150,0.076,1.399,20.56,0.00,-0.007,1,neutral,10.6,NEUTRAL,
42.022,1,1,-0.0988,0.0962,-0.2558,0.2906,0.0663,-21.69,2.25,3.96,0.146,0.065,1.415,20.61,0.00,-0.010,1,neutral,10.2,NEUTRAL,
42.070,1,1,-0.0989,0.0962,-0.2559,0.2908,0.0648,-21.94,2.67,3.25,0.147,0.080,1.538,20.66,0.00,-0.009,1,neutral,10.3,NEUTRAL,
42.134,1,1,-0.0981,0.0949,-0.2542,0.2886,0.0669,-20.82,3.37,3.56,0.144,0.072,1.480,20.72,0.00,0.000,1,neutral,10.7,NEUTRAL,
42.182,1,1,-0.0981,0.0943,-0.2543,0.2884,0.0657,-21.67,3.61,3.66,0.144,0.062,1.255,20.77,0.00,0.001,1,neutral,10.6,NEUTRAL,
42.230,1,1,-0.0980,0.0940,-0.2540,0.2880,0.0714,-20.86,3.93,3.62,0.140,0.078,1.400,20.82,0.00,0.002,1,neutral,10.2,NEUTRAL,
42.280,1,1,-0.0979,0.0938,-0.2541,0.2880,0.0684,-21.21,2.99,3.57,0.132,0.064,1.549,20.87,0.00,0.002,1,neutral,10.4,NEUTRAL,
42.327,1,1,-0.0982,0.0940,-0.2545,0.2885,0.0650,-21.48,3.60,3.66,0.133,0.060,1.413,20.91,0.00,-0.001,1,neutral,10.1,NEUTRAL,
42.374,1,1,-0.0988,0.0947,-0.2553,0.2897,0.0663,-22.29,2.11,3.98,0.138,0.064,1.285,20.96,0.00,-0.005,1,neutral,10.0,NEUTRAL,
42.422,1,1,-0.0991,0.0949,-0.2555,0.2900,0.0669,-21.89,2.74,3.76,0.141,0.071,1.077,21.01,0.00,-0.006,1,neutral,10.4,NEUTRAL,
42.470,1,1,-0.0993,0.0949,-0.2556,0.2902,0.0677,-22.02,3.06,3.98,0.139,0.065,1.062,21.06,0.00,-0.006,1,neutral,10.2,NEUTRAL,
42.534,1,1,-0.0999,0.0954,-0.2567,0.2915,0.0682,-22.10,1.76,4.22,0.134,0.050,0.986,21.12,0.00,-0.009,1,neutral,10.5,NEUTRAL,
42.582,1,1,-0.0997,0.0949,-0.2562,0.2908,0.0687,-21.33,3.10,3.84,0.136,0.053,1.035,21.17,0.00,-0.004,1,neutral,10.2,NEUTRAL,
42.630,1,1,-0.0988,0.0942,-0.2547,0.2890,0.0689,-21.32,2.43,3.85,0.132,0.045,1.022,21.22,0.00,0.004,1,neutral,10.3,NEUTRAL,
42.678,1,1,-0.0992,0.0948,-0.2556,0.2901,0.0692,-21.79,1.95,3.60,0.128,0.030,0.963,21.26,0.00,-0.001,1,neutral,10.2,NEUTRAL,
42.727,1,1,-0.0990,0.0950,-0.2553,0.2898,0.0655,-21.45,2.57,3.70,0.140,0.049,1.326,21.31,0.00,0.000,1,neutral,10.3,NEUTRAL,
42.772,1,1,-0.0995,0.0960,-0.2561,0.2910,0.0672,-22.11,1.81,3.91,0.141,0.060,1.218,21.36,0.00,-0.005,1,neutral,10.2,NEUTRAL,
42.822,1,1,-0.0988,0.0957,-0.2549,0.2896,0.0665,-21.40,2.13,3.80,0.146,0.049,1.285,21.41,0.00,0.002,1,neutral,10.2,NEUTRAL,
42.870,1,1,-0.0993,0.0959,-0.2553,0.2903,0.0707,-22.31,2.44,3.97,0.149,0.042,1.035,21.46,0.00,-0.001,1,neutral,10.3,NEUTRAL,
42.934,1,1,-0.0990,0.0952,-0.2546,0.2893,0.0658,-21.96,3.13,3.94,0.144,0.037,0.940,21.52,0.00,0.002,1,neutral,10.7,NEUTRAL,
42.981,1,1,-0.0990,0.0947,-0.2544,0.2889,0.0675,-21.82,3.02,3.66,0.138,0.028,0.846,21.57,0.00,0.003,1,neutral,10.3,NEUTRAL,
43.031,1,1,-0.0994,0.0948,-0.2549,0.2895,0.0689,-22.23,3.03,4.11,0.137,0.019,0.740,21.62,0.00,0.000,1,neutral,10.2,NEUTRAL,
43.076,1,1,-0.0992,0.0948,-0.2548,0.2894,0.0667,-21.31,2.49,3.84,0.133,0.017,0.709,21.66,0.00,0.001,1,neutral,10.3,NEUTRAL,
43.126,1,1,-0.0994,0.0950,-0.2553,0.2899,0.0656,-21.58,3.00,3.79,0.134,0.023,0.700,21.71,0.00,-0.002,1,neutral,10.4,NEUTRAL,
43.174,1,1,-0.0988,0.0945,-0.2540,0.2884,0.0715,-21.09,1.76,4.18,0.137,0.017,0.724,21.76,0.00,0.005,1,neutral,10.2,NEUTRAL,
43.222,1,1,-0.0988,0.0946,-0.2537,0.2882,0.0671,-21.87,2.45,3.93,0.146,0.025,0.821,21.81,0.00,0.005,1,neutral,10.2,NEUTRAL,
43.270,1,1,-0.0993,0.0953,-0.2548,0.2896,0.0710,-21.55,3.38,3.73,0.147,0.028,0.779,21.86,0.00,-0.002,1,neutral,10.4,NEUTRAL,
43.318,1,1,-0.0990,0.0948,-0.2537,0.2884,0.0678,-22.07,1.85,4.18,0.138,0.016,0.901,21.90,0.00,0.004,1,neutral,10.2,NEUTRAL,
43.366,1,1,-0.0992,0.0949,-0.2543,0.2890,0.0690,-21.50,3.01,3.92,0.142,0.039,1.286,21.95,0.00,0.000,1,neutral,10.4,NEUTRAL,
43.413,1,1,-0.0996,0.0950,-0.2548,0.2896,0.0746,-21.87,2.75,3.85,0.141,0.032,1.451,22.00,0.00,-0.002,1,neutral,10.3,NEUTRAL,
43.462,1,1,-0.0995,0.0948,-0.2547,0.2894,0.0693,-21.77,3.13,4.27,0.139,0.024,1.225,22.05,0.00,-0.001,1,neutral,10.2,NEUTRAL,
43.511,1,1,-0.1003,0.0957,-0.2565,0.2916,0.0651,-21.94,2.24,3.98,0.135,0.030,1.197,22.10,0.00,-0.010,1,neutral,10.4,NEUTRAL,
43.557,1,1,-0.1003,0.0958,-0.2562,0.2914,0.0700,-22.07,2.53,3.93,0.135,0.044,1.135,22.14,0.00,-0.007,1,neutral,10.4,NEUTRAL,
43.606,1,1,-0.1010,0.0965,-0.2572,0.2927,0.0700,-22.74,2.09,3.96,0.133,0.044,1.100,22.19,0.00,-0.011,1,neutral,10.0,NEUTRAL,
43.655,1,1,-0.1014,0.0971,-0.2581,0.2938,0.0683,-22.77,1.84,4.30,0.141,0.049,1.061,22.24,0.00,-0.013,1,neutral,10.5,NEUTRAL,
43.702,1,1,-0.1009,0.0966,-0.2573,0.2927,0.0696,-21.47,2.56,4.42,0.143,0.050,0.951,22.29,0.00,-0.006,1,neutral,10.2,NEUTRAL,
43.750,1,1,-0.1015,0.0971,-0.2587,0.2944,0.0694,-22.27,3.19,3.74,0.143,0.047,0.819,22.34,0.00,-0.012,1,neutral,10.4,NEUTRAL,
43.797,1,1,-0.1011,0.0965,-0.2580,0.2935,0.0678,-21.92,3.20,4.10,0.141,0.043,0.695,22.38,0.00,-0.005,1,neutral,10.3,NEUTRAL,
43.847,1,1,-0.1008,0.0957,-0.2571,0.2922,0.0675,-22.69,2.63,3.98,0.146,0.036,0.658,22.43,0.00,0.001,1,neutral,10.3,NEUTRAL,
43.893,1,1,-0.1005,0.0954,-0.2567,0.2917,0.0642,-21.70,2.60,3.98,0.138,0.043,0.811,22.48,0.00,0.003,1,neutral,9.9,NEUTRAL,
43.944,1,1,-0.1002,0.0952,-0.2560,0.2910,0.0686,-21.27,2.51,4.17,0.142,0.084,1.229,22.53,0.00,0.005,1,neutral,10.4,NEUTRAL,
43.993,1,1,-0.1004,0.0958,-0.2565,0.2917,0.0660,-22.39,2.87,3.77,0.136,0.081,1.546,22.58,0.00,0.001,1,neutral,10.4,NEUTRAL,
44.054,1,1,-0.1004,0.0960,-0.2560,0.2912,0.0644,-22.91,1.62,3.89,0.140,0.074,1.364,22.64,0.00,0.002,1,neutral,10.7,NEUTRAL,
44.102,1,1,-0.1001,0.0959,-0.2545,0.2898,0.0659,-22.72,1.92,3.81,0.134,0.074,1.267,22.69,0.00,0.008,1,neutral,10.2,NEUTRAL,
44.149,1,1,-0.1006,0.0964,-0.2550,0.2906,0.0644,-23.33,2.24,3.95,0.145,0.063,1.337,22.74,0.00,0.003,1,neutral,9.9,NEUTRAL,
44.198,1,1,-0.1011,0.0969,-0.2557,0.2915,0.0704,-22.92,2.41,3.81,0.153,0.068,1.286,22.78,0.00,-0.002,1,neutral,10.2,NEUTRAL,
44.246,1,1,-0.1014,0.0970,-0.2562,0.2922,0.0708,-22.88,2.69,4.28,0.159,0.080,1.162,22.83,0.00,-0.004,1,neutral,10.3,NEUTRAL,
44.292,1,1,-0.1017,0.0971,-0.2570,0.2929,0.0686,-22.70,3.31,3.71,0.157,0.081,1.109,22.88,0.00,-0.006,1,neutral,10.3,NEUTRAL,
44.343,1,1,-0.1019,0.0967,-0.2570,0.2929,0.0688,-22.91,2.16,3.85,0.151,0.072,1.056,22.93,0.00,-0.005,1,neutral,10.3,NEUTRAL,
44.389,1,1,-0.1017,0.0964,-0.2565,0.2923,0.0687,-22.90,3.12,3.43,0.145,0.055,1.033,22.98,0.00,-0.002,1,neutral,10.0,NEUTRAL,
44.438,1,1,-0.1013,0.0960,-0.2562,0.2918,0.0670,-22.11,3.79,3.67,0.141,0.056,1.069,23.02,0.00,0.001,1,neutral,10.3,NEUTRAL,
44.487,1,1,-0.1014,0.0962,-0.2565,0.2921,0.0639,-22.09,3.45,3.50,0.138,0.093,1.441,23.07,0.00,-0.001,1,neutral,10.3,NEUTRAL,
44.550,1,1,-0.1010,0.0960,-0.2560,0.2915,0.0652,-21.78,3.58,3.31,0.139,0.148,1.506,23.14,0.00,0.002,1,neutral,10.8,NEUTRAL,
44.598,1,1,-0.1005,0.0959,-0.2552,0.2906,0.0622,-21.62,2.90,4.11,0.133,0.206,1.506,23.18,0.00,0.005,1,neutral,10.2,NEUTRAL,
44.647,1,1,-0.1005,0.0958,-0.2554,0.2907,0.0646,-21.48,3.10,4.14,0.128,0.258,1.342,23.23,0.00,0.004,1,content,10.6,NEUTRAL,
44.693,1,1,-0.0998,0.0951,-0.2540,0.2890,0.0639,-21.14,3.33,3.95,0.131,0.352,2.042,23.28,0.00,0.010,1,content,10.2,NEUTRAL,
44.744,1,1,-0.1004,0.0956,-0.2551,0.2903,0.0649,-21.73,3.72,3.52,0.118,0.396,2.107,23.33,0.00,0.003,1,content,10.6,NEUTRAL,
44.790,1,1,-0.1004,0.0958,-0.2554,0.2906,0.0601,-21.81,3.77,3.57,0.111,0.418,1.884,23.38,0.00,0.001,1,content,10.3,NEUTRAL,
44.838,1,1,-0.1003,0.0959,-0.2558,0.2910,0.0610,-20.72,4.64,3.60,0.109,0.461,1.965,23.42,0.00,-0.001,1,content,10.0,NEUTRAL,
44.886,1,1,-0.0998,0.0953,-0.2545,0.2896,0.0644,-21.10,3.21,4.06,0.109,0.464,2.074,23.47,0.00,0.006,1,content,10.3,NEUTRAL,
44.951,1,1,-0.0996,0.0951,-0.2544,0.2893,0.0606,-20.73,4.09,4.13,0.109,0.501,2.088,23.54,0.00,0.005,1,content,10.9,NEUTRAL,
44.998,1,1,-0.0998,0.0951,-0.2547,0.2896,0.0629,-21.77,3.36,4.14,0.112,0.493,2.286,23.58,0.00,0.003,1,content,10.2,NEUTRAL,
45.047,1,1,-0.0994,0.0946,-0.2538,0.2885,0.0638,-20.69,4.70,3.78,0.112,0.518,2.331,23.63,0.00,0.007,1,content,10.1,NEUTRAL,
45.093,1,1,-0.1002,0.0954,-0.2556,0.2906,0.0637,-20.95,3.61,4.25,0.118,0.499,2.524,23.68,0.00,-0.004,1,content,10.1,NEUTRAL,
45.142,1,1,-0.0994,0.0947,-0.2540,0.2888,0.0655,-20.60,3.39,4.31,0.119,0.484,2.087,23.73,0.00,0.005,1,content,10.4,NEUTRAL,
45.190,1,1,-0.0996,0.0950,-0.2546,0.2894,0.0607,-21.57,3.47,4.03,0.120,0.474,1.691,23.78,0.00,0.001,1,content,10.2,NEUTRAL,
45.238,1,1,-0.0998,0.0951,-0.2547,0.2896,0.0634,-21.43,2.99,4.24,0.121,0.463,1.421,23.82,0.00,0.000,1,content,10.1,NEUTRAL,
45.285,1,1,-0.1005,0.0959,-0.2562,0.2915,0.0614,-21.53,3.52,4.03,0.126,0.476,1.517,23.87,0.00,-0.008,1,content,10.2,NEUTRAL,
45.350,1,1,-0.0999,0.0951,-0.2548,0.2897,0.0594,-20.88,3.91,3.81,0.130,0.471,1.405,23.94,0.00,-0.001,1,content,10.7,NEUTRAL,
45.398,1,1,-0.1003,0.0954,-0.2557,0.2907,0.0592,-21.50,3.53,3.66,0.135,0.479,1.347,23.98,0.00,-0.005,1,content,10.5,NEUTRAL,
45.446,1,1,-0.0999,0.0949,-0.2547,0.2896,0.0582,-21.32,3.45,3.86,0.139,0.488,1.107,24.03,0.00,0.001,1,content,10.2,NEUTRAL,
45.493,1,1,-0.1000,0.0949,-0.2549,0.2898,0.0570,-21.19,3.32,3.71,0.137,0.460,1.467,24.08,0.00,-0.000,1,content,10.1,NEUTRAL,
45.543,1,1,-0.0993,0.0944,-0.2535,0.2881,0.0580,-20.54,3.50,3.71,0.142,0.480,1.827,24.13,0.00,0.006,1,content,10.5,NEUTRAL,
45.590,1,1,-0.0988,0.0939,-0.2525,0.2869,0.0600,-20.76,3.59,4.10,0.143,0.507,1.676,24.18,0.00,0.010,1,content,10.0,NEUTRAL,
45.638,1,1,-0.0994,0.0943,-0.2535,0.2881,0.0600,-21.48,3.32,3.77,0.147,0.502,1.753,24.22,0.00,0.003,1,content,10.2,NEUTRAL,
45.686,1,1,-0.0992,0.0940,-0.2534,0.2879,0.0612,-21.04,2.87,3.91,0.141,0.473,1.867,24.27,0.00,0.004,1,content,10.3,NEUTRAL,
45.751,1,1,-0.0990,0.0938,-0.2531,0.2875,0.0591,-21.62,4.19,3.49,0.136,0.469,1.725,24.34,0.00,0.004,1,content,10.8,NEUTRAL,
45.798,1,1,-0.0993,0.0939,-0.2535,0.2880,0.0610,-20.99,3.65,3.61,0.146,0.475,1.652,24.38,0.00,0.001,1,content,10.1,NEUTRAL,
45.847,1,1,-0.0991,0.0937,-0.2529,0.2873,0.0573,-20.85,3.82,3.71,0.148,0.481,1.406,24.43,0.00,0.004,1,content,10.4,NEUTRAL,
45.892,1,1,-0.0996,0.0941,-0.2536,0.2883,0.0570,-21.41,3.65,3.60,0.151,0.475,1.302,24.48,0.00,-0.001,1,content,10.2,NEUTRAL,
45.944,1,1,-0.0995,0.0942,-0.2539,0.2885,0.0597,-21.18,3.02,3.91,0.147,0.473,1.155,24.53,0.00,-0.002,1,content,10.5,NEUTRAL,
45.989,1,1,-0.0997,0.0944,-0.2542,0.2889,0.0599,-21.94,2.79,3.97,0.149,0.459,1.181,24.58,0.00,-0.003,1,content,10.1,NEUTRAL,
46.038,1,1,-0.0996,0.0943,-0.2538,0.2885,0.0628,-20.77,3.65,3.85,0.145,0.481,1.497,24.62,0.00,-0.001,1,content,10.1,NEUTRAL,
46.086,1,1,-0.0993,0.0940,-0.2532,0.2878,0.0604,-20.62,3.78,3.73,0.143,0.476,1.558,24.67,0.00,0.002,1,content,10.3,NEUTRAL,
46.150,1,1,-0.0990,0.0937,-0.2523,0.2867,0.0589,-21.18,2.86,3.84,0.146,0.470,1.307,24.74,0.00,0.005,1,content,10.7,CONTENT,8
46.197,1,1,-0.0988,0.0937,-0.2521,0.2865,0.0590,-20.98,2.28,3.97,0.152,0.464,1.112,24.78,0.00,0.005,1,content,10.3,CONTENT,
46.247,1,1,-0.0983,0.0935,-0.2513,0.2856,0.0617,-20.73,3.55,3.47,0.152,0.499,1.536,24.83,0.00,0.008,1,content,10.3,CONTENT,
46.311,1,1,-0.0979,0.0932,-0.2506,0.2847,0.0581,-21.54,3.04,3.99,0.144,0.476,1.854,24.90,0.00,0.009,1,content,10.7,CONTENT,
46.374,1,1,-0.0975,0.0927,-0.2499,0.2838,0.0606,-21.06,3.84,3.74,0.137,0.490,1.881,24.96,0.00,0.010,1,content,10.1,CONTENT,
46.422,1,1,-0.0978,0.0931,-0.2507,0.2848,0.0595,-21.07,2.95,3.99,0.136,0.496,1.611,25.01,0.00,0.004,1,content,10.4,CONTENT,
46.470,1,1,-0.0982,0.0935,-0.2514,0.2856,0.0603,-20.89,3.00,4.00,0.141,0.520,1.621,25.06,0.00,-0.000,1,content,9.8,CONTENT,
46.518,1,1,-0.0986,0.0936,-0.2518,0.2862,0.0563,-21.53,2.95,3.42,0.144,0.491,2.069,25.10,0.00,-0.003,1,content,9.8,CONTENT,
46.566,1,1,-0.0989,0.0940,-0.2526,0.2871,0.0612,-20.93,3.33,3.56,0.146,0.486,1.924,25.15,0.00,-0.006,1,content,9.8,CONTENT,
46.614,1,1,-0.0988,0.0938,-0.2520,0.2865,0.0594,-21.45,3.05,3.95,0.149,0.506,1.930,25.20,0.00,-0.002,1,content,10.1,CONTENT,
46.660,1,1,-0.0990,0.0939,-0.2523,0.2868,0.0599,-20.88,3.77,3.77,0.146,0.531,1.759,25.25,0.00,-0.003,1,content,9.9,CONTENT,
46.712,1,1,-0.0992,0.0938,-0.2523,0.2869,0.0594,-21.06,3.30,3.64,0.145,0.520,1.873,25.30,0.00,-0.003,1,content,10.4,CONTENT,
46.758,1,1,-0.0988,0.0935,-0.2515,0.2859,0.0585,-20.64,3.28,3.65,0.149,0.530,1.817,25.34,0.00,0.002,1,content,10.3,CONTENT,
46.806,1,1,-0.0991,0.0938,-0.2524,0.2869,0.0587,-21.39,3.21,3.67,0.150,0.515,1.824,25.39,0.00,-0.003,1,content,10.1,CONTENT,
46.853,1,1,-0.0989,0.0934,-0.2518,0.2862,0.0595,-21.45,3.93,3.50,0.147,0.495,1.622,25.44,0.00,0.001,1,content,10.0,CONTENT,
46.903,1,1,-0.0995,0.0941,-0.2529,0.2876,0.0614,-21.51,3.77,3.74,0.137,0.506,1.749,25.49,0.00,-0.005,1,content,10.3,CONTENT,
46.967,1,1,-0.0992,0.0939,-0.2524,0.2870,0.0622,-21.42,3.66,3.91,0.132,0.465,2.030,25.55,0.00,-0.002,1,content,10.9,CONTENT,
47.014,1,1,-0.0996,0.0942,-0.2529,0.2877,0.0647,-21.75,3.46,3.87,0.134,0.487,2.526,25.60,0.00,-0.004,1,content,10.2,CONTENT,
47.062,1,1,-0.1002,0.0950,-0.2545,0.2895,0.0616,-21.39,3.53,3.97,0.136,0.476,2.481,25.65,0.00,-0.011,1,content,10.1,CONTENT,
47.110,1,1,-0.1004,0.0951,-0.2547,0.2898,0.0617,-21.59,3.85,4.02,0.136,0.495,2.434,25.70,0.00,-0.010,1,content,10.2,CONTENT,
47.157,1,1,-0.1003,0.0950,-0.2544,0.2895,0.0633,-21.93,3.50,4.13,0.131,0.483,2.390,25.74,0.00,-0.007,1,content,10.1,CONTENT,
47.206,1,1,-0.1007,0.0954,-0.2549,0.2902,0.0630,-22.13,2.56,4.06,0.136,0.445,2.414,25.79,0.00,-0.008,1,content,10.0,CONTENT,
47.255,1,1,-0.0998,0.0947,-0.2533,0.2882,0.0617,-21.59,3.03,4.12,0.134,0.425,2.087,25.84,0.00,0.002,1,content,10.6,CONTENT,
47.302,1,1,-0.1000,0.0948,-0.2535,0.2885,0.0620,-21.84,3.46,4.21,0.127,0.429,2.014,25.89,0.00,0.000,1,content,10.1,CONTENT,
47.366,1,1,-0.1001,0.0947,-0.2535,0.2885,0.0617,-22.19,3.87,3.88,0.125,0.450,1.847,25.95,0.00,-0.000,1,content,11.1,CONTENT,
47.413,1,1,-0.1004,0.0950,-0.2539,0.2891,0.0655,-21.54,2.59,4.39,0.126,0.440,1.935,26.00,0.00,-0.003,1,content,10.1,CONTENT,
47.462,1,1,-0.1001,0.0947,-0.2535,0.2885,0.0628,-21.18,3.63,4.13,0.120,0.468,2.143,26.05,0.00,0.000,1,content,10.3,CONTENT,
47.511,1,1,-0.0996,0.0942,-0.2527,0.2875,0.0653,-20.97,3.62,4.46,0.125,0.447,2.408,26.10,0.00,0.004,1,content,10.3,CONTENT,
47.558,1,1,-0.1004,0.0949,-0.2541,0.2893,0.0654,-21.99,3.55,4.21,0.125,0.457,2.375,26.14,0.00,-0.004,1,content,10.4,CONTENT,
47.607,1,1,-0.1006,0.0950,-0.2545,0.2896,0.0611,-21.99,2.99,4.03,0.117,0.462,2.039,26.19,0.00,-0.005,1,content,10.1,CONTENT,
47.654,1,1,-0.1005,0.0949,-0.2543,0.2895,0.0619,-21.72,2.94,4.04,0.122,0.471,1.826,26.24,0.00,-0.003,1,content,10.2,CONTENT,
47.703,1,1,-0.1006,0.0950,-0.2545,0.2897,0.0675,-21.26,3.02,4.18,0.123,0.465,1.674,26.29,0.00,-0.003,1,content,10.1,CONTENT,
47.766,1,1,-0.1008,0.0951,-0.2546,0.2898,0.0627,-21.97,2.68,4.20,0.123,0.452,1.455,26.35,0.00,-0.003,1,content,11.0,CONTENT,
47.812,1,1,-0.1003,0.0948,-0.2540,0.2891,0.0618,-21.16,3.72,4.13,0.120,0.461,1.498,26.40,0.00,0.001,1,content,10.1,CONTENT,
47.861,1,1,-0.1007,0.0950,-0.2544,0.2897,0.0624,-22.53,2.58,4.44,0.125,0.456,1.418,26.45,0.00,-0.002,1,content,9.9,CONTENT,
47.911,1,1,-0.1003,0.0946,-0.2534,0.2885,0.0637,-21.07,3.67,4.05,0.120,0.487,1.704,26.50,0.00,0.003,1,content,10.3,CONTENT,
47.957,1,1,-0.1007,0.0951,-0.2544,0.2897,0.0648,-21.78,2.80,4.04,0.121,0.467,2.102,26.54,0.00,-0.002,1,content,10.2,CONTENT,
48.006,1,1,-0.1006,0.0947,-0.2536,0.2888,0.0648,-22.50,3.67,4.67,0.129,0.458,1.816,26.59,0.00,0.002,1,content,10.3,CONTENT,
48.054,1,1,-0.1011,0.0951,-0.2548,0.2901,0.0620,-22.06,3.32,4.66,0.134,0.435,1.707,26.64,0.00,-0.004,1,content,10.3,CONTENT,
48.101,1,1,-0.1010,0.0948,-0.2541,0.2894,0.0642,-22.33,3.00,4.28,0.132,0.429,1.570,26.69,0.00,-0.000,1,content,10.1,CONTENT,
48.166,1,1,-0.1010,0.0946,-0.2536,0.2889,0.0602,-22.55,2.71,4.32,0.125,0.416,1.394,26.75,0.00,0.001,1,content,10.8,CONTENT,
48.213,1,1,-0.1008,0.0945,-0.2532,0.2885,0.0637,-22.14,3.00,4.53,0.126,0.411,1.266,26.80,0.00,0.003,1,content,10.2,CONTENT,
48.262,1,1,-0.1012,0.0950,-0.2537,0.2892,0.0639,-22.06,2.76,4.32,0.128,0.404,1.071,26.85,0.00,-0.001,1,content,10.3,CONTENT,
48.311,1,1,-0.1011,0.0950,-0.2535,0.2889,0.0663,-21.78,2.87,4.38,0.131,0.396,0.910,26.90,0.00,0.000,1,content,10.4,CONTENT,
48.358,1,1,-0.1007,0.0944,-0.2524,0.2877,0.0649,-22.07,2.70,4.27,0.127,0.377,0.965,26.94,0.00,0.006,1,content,10.5,CONTENT,
48.406,1,1,-0.1017,0.0954,-0.2544,0.2901,0.0653,-22.85,2.63,4.82,0.130,0.362,0.892,26.99,0.00,-0.006,1,content,10.2,CONTENT,
48.454,1,1,-0.1018,0.0954,-0.2545,0.2902,0.0659,-21.96,2.67,4.42,0.128,0.337,0.975,27.04,0.00,-0.005,1,content,10.3,CONTENT,
48.503,1,1,-0.1013,0.0949,-0.2534,0.2889,0.0614,-21.92,2.95,4.33,0.124,0.350,1.320,27.09,0.00,0.001,1,content,10.2,CONTENT,
48.566,1,1,-0.1021,0.0957,-0.2548,0.2907,0.0632,-22.74,2.41,4.38,0.122,0.337,1.352,27.15,0.00,-0.005,1,content,10.8,CONTENT,
48.614,1,1,-0.1018,0.0952,-0.2538,0.2896,0.0614,-23.25,1.96,4.93,0.131,0.304,1.498,27.20,0.00,0.001,1,content,10.1,CONTENT,
48.662,1,1,-0.1022,0.0955,-0.2546,0.2905,0.0675,-21.93,3.35,4.05,0.126,0.325,1.973,27.25,0.00,-0.003,1,content,10.3,CONTENT,
48.711,1,1,-0.1024,0.0958,-0.2550,0.2910,0.0627,-22.04,3.62,4.30,0.128,0.328,1.801,27.30,0.00,-0.004,1,content,10.4,CONTENT,
48.758,1,1,-0.1023,0.0956,-0.2545,0.2905,0.0618,-22.30,2.79,4.50,0.132,0.324,1.550,27.34,0.00,-0.001,1,content,10.3,CONTENT,
48.806,1,1,-0.1017,0.0949,-0.2532,0.2888,0.0648,-22.01,2.25,4.81,0.144,0.336,1.520,27.39,0.00,0.006,1,content,10.3,CONTENT,
48.855,1,1,-0.1020,0.0951,-0.2534,0.2892,0.0646,-22.77,1.96,4.69,0.139,0.311,1.819,27.44,0.00,0.003,1,content,10.6,CONTENT,
48.900,1,1,-0.1024,0.0955,-0.2541,0.2901,0.0631,-22.84,2.68,3.97,0.130,0.289,1.548,27.49,0.00,-0.002,1,content,10.2,CONTENT,
48.966,1,1,-0.1020,0.0950,-0.2530,0.2888,0.0656,-22.33,3.63,4.49,0.133,0.308,1.686,27.55,0.00,0.003,1,content,10.9,CONTENT,
49.014,1,1,-0.1017,0.0945,-0.2522,0.2879,0.0627,-22.57,3.03,4.74,0.141,0.291,1.876,27.60,0.00,0.006,1,content,10.2,CONTENT,
49.064,1,1,-0.1026,0.0954,-0.2539,0.2900,0.0644,-22.85,2.25,4.27,0.144,0.290,1.681,27.65,0.00,-0.003,1,content,10.1,CONTENT,
49.110,1,1,-0.1023,0.0952,-0.2537,0.2896,0.0631,-22.72,2.94,4.79,0.142,0.266,1.750,27.70,0.00,-0.001,1,content,10.4,CONTENT,
49.158,1,1,-0.1021,0.0951,-0.2536,0.2894,0.0614,-22.29,3.35,4.27,0.140,0.249,1.419,27.74,0.00,-0.000,1,content,10.3,CONTENT,
49.206,1,1,-0.1023,0.0951,-0.2538,0.2897,0.0632,-22.05,3.59,4.29,0.137,0.304,2.265,27.79,0.00,-0.001,1,content,10.3,CONTENT,
49.254,1,1,-0.1025,0.0953,-0.2543,0.2903,0.0653,-22.47,3.30,4.29,0.136,0.306,2.461,27.84,0.00,-0.004,1,content,10.3,CONTENT,
49.303,1,1,-0.1025,0.0952,-0.2538,0.2898,0.0657,-22.57,3.21,4.41,0.134,0.307,1.982,27.89,0.00,-0.001,1,content,10.3,CONTENT,
49.350,1,1,-0.1022,0.0949,-0.2532,0.2890,0.0650,-22.09,3.04,4.53,0.133,0.331,1.973,27.94,0.00,0.003,1,content,10.2,CONTENT,
49.400,1,1,-0.1025,0.0950,-0.2534,0.2894,0.0655,-22.75,3.15,4.05,0.131,0.336,1.789,27.99,0.00,0.001,1,content,10.4,CONTENT,
49.446,1,1,-0.1020,0.0943,-0.2521,0.2878,0.0641,-22.92,2.02,4.60,0.129,0.317,1.808,28.03,0.00,0.007,1,content,10.3,CONTENT,
49.493,1,1,-0.1026,0.0950,-0.2532,0.2893,0.0604,-23.31,2.16,4.37,0.135,0.289,1.721,28.08,0.00,-0.000,1,content,10.3,CONTENT,
49.543,1,1,-0.1032,0.0957,-0.2546,0.2909,0.0639,-23.35,2.74,4.46,0.141,0.299,1.878,28.13,0.00,-0.007,1,content,10.3,CONTENT,
49.589,1,1,-0.1033,0.0957,-0.2547,0.2910,0.0622,-22.64,2.31,4.73,0.144,0.282,1.919,28.18,0.00,-0.006,1,content,10.1,CONTENT,
49.638,1,1,-0.1027,0.0952,-0.2537,0.2898,0.0644,-22.44,3.50,4.23,0.141,0.263,1.679,28.22,0.00,0.000,1,content,10.1,CONTENT,
49.686,1,1,-0.1027,0.0951,-0.2535,0.2896,0.0609,-23.10,2.95,4.35,0.143,0.278,1.825,28.27,0.00,0.001,1,content,10.3,CONTENT,
49.734,1,1,-0.1024,0.0947,-0.2526,0.2885,0.0606,-22.82,1.85,4.54,0.135,0.259,1.968,28.32,0.00,0.005,1,content,10.4,CONTENT,
49.781,1,1,-0.1024,0.0948,-0.2528,0.2888,0.0631,-22.63,3.50,4.13,0.136,0.229,1.873,28.37,0.00,0.003,1,neutral,10.2,CONTENT,
49.830,1,1,-0.1018,0.0941,-0.2515,0.2872,0.0656,-22.49,3.56,4.29,0.133,0.242,2.072,28.42,0.00,0.009,1,neutral,10.3,CONTENT,
49.878,1,1,-0.1018,0.0940,-0.2513,0.2869,0.0643,-23.04,2.18,4.16,0.130,0.227,2.058,28.46,0.00,0.008,1,neutral,10.5,CONTENT,
49.926,1,1,-0.1021,0.0944,-0.2520,0.2879,0.0627,-22.75,1.87,4.65,0.128,0.213,1.696,28.51,0.00,0.003,1,neutral,10.2,CONTENT,
49.974,1,1,-0.1024,0.0947,-0.2525,0.2885,0.0635,-23.18,2.41,4.32,0.129,0.183,1.688,28.56,0.00,-0.000,1,neutral,10.2,CONTENT,
50.022,1,1,-0.1022,0.0943,-0.2518,0.2876,0.0643,-22.90,3.50,4.23,0.131,0.226,2.433,28.61,0.00,0.003,1,neutral,10.3,CONTENT,
50.070,1,1,-0.1020,0.0939,-0.2513,0.2870,0.0607,-22.84,3.34,4.12,0.135,0.244,2.174,28.66,0.00,0.005,1,neutral,10.3,CONTENT,
50.119,1,1,-0.1020,0.0937,-0.2512,0.2868,0.0628,-23.08,3.38,4.27,0.134,0.237,2.083,28.71,0.00,0.005,1,neutral,10.4,CONTENT,
50.182,1,1,-0.1023,0.0940,-0.2515,0.2873,0.0629,-23.31,2.62,4.67,0.144,0.247,1.896,28.77,0.00,0.002,1,neutral,10.8,CONTENT,
50.231,1,1,-0.1026,0.0944,-0.2522,0.2882,0.0636,-23.20,2.00,4.34,0.140,0.208,2.303,28.82,0.00,-0.002,1,neutral,10.2,CONTENT,
50.277,1,1,-0.1024,0.0943,-0.2517,0.2876,0.0665,-22.89,1.67,4.51,0.137,0.180,1.868,28.86,0.00,0.001,1,neutral,10.4,CONTENT,
50.326,1,1,-0.1026,0.0943,-0.2519,0.2879,0.0598,-23.58,2.34,5.01,0.140,0.179,1.815,28.91,0.00,-0.000,1,neutral,10.3,CONTENT,
50.374,1,1,-0.1026,0.0943,-0.2518,0.2878,0.0632,-23.21,2.32,4.36,0.140,0.187,1.609,28.96,0.00,0.000,1,neutral,10.2,CONTENT,
50.422,1,1,-0.1024,0.0941,-0.2514,0.2873,0.0651,-22.84,3.04,4.42,0.137,0.204,1.480,29.01,0.00,0.002,1,neutral,10.4,CONTENT,
50.468,1,1,-0.1026,0.0942,-0.2520,0.2880,0.0601,-23.23,2.54,4.29,0.133,0.199,1.497,29.05,0.00,-0.001,1,neutral,10.2,CONTENT,
50.518,1,1,-0.1030,0.0945,-0.2527,0.2888,0.0642,-23.41,3.50,4.33,0.138,0.214,1.534,29.10,0.00,-0.004,1,neutral,10.3,CONTENT,
50.582,1,1,-0.1034,0.0948,-0.2532,0.2895,0.0660,-23.01,2.10,4.26,0.132,0.191,1.671,29.17,0.00,-0.005,1,neutral,10.8,CONTENT,
50.628,1,1,-0.1032,0.0945,-0.2527,0.2889,0.0635,-22.86,3.01,4.45,0.141,0.216,2.100,29.21,0.00,-0.002,1,neutral,10.2,CONTENT,
50.678,1,1,-0.1033,0.0947,-0.2529,0.2891,0.0597,-23.40,2.81,4.35,0.139,0.229,1.840,29.26,0.00,-0.002,1,neutral,10.1,CONTENT,
50.726,1,1,-0.1030,0.0944,-0.2521,0.2882,0.0634,-23.44,2.50,4.79,0.131,0.193,2.242,29.31,0.00,0.002,1,neutral,10.2,CONTENT,
50.773,1,1,-0.1027,0.0940,-0.2516,0.2875,0.0625,-23.26,3.22,4.46,0.132,0.180,2.067,29.36,0.00,0.004,1,neutral,9.9,CONTENT,
50.822,1,1,-0.1023,0.0936,-0.2509,0.2866,0.0607,-23.05,2.88,4.56,0.133,0.188,1.926,29.41,0.00,0.007,1,neutral,10.4,CONTENT,
50.870,1,1,-0.1031,0.0944,-0.2523,0.2885,0.0634,-23.46,2.24,4.57,0.129,0.170,1.950,29.46,0.00,-0.002,1,neutral,10.2,CONTENT,
50.918,1,1,-0.1028,0.0941,-0.2517,0.2877,0.0669,-23.15,3.04,4.33,0.132,0.165,1.736,29.50,0.00,0.002,1,neutral,10.2,CONTENT,
50.982,1,1,-0.1037,0.0950,-0.2533,0.2897,0.0605,-23.43,1.70,4.38,0.128,0.157,1.480,29.57,0.00,-0.005,1,neutral,10.8,CONTENT,
51.030,1,1,-0.1029,0.0943,-0.2520,0.2881,0.0617,-22.84,2.77,4.82,0.130,0.129,1.556,29.62,0.00,0.003,1,neutral,10.1,CONTENT,
51.078,1,1,-0.1034,0.0947,-0.2529,0.2892,0.0637,-23.49,2.43,4.70,0.128,0.149,1.914,29.66,0.00,-0.002,1,neutral,10.6,CONTENT,
51.126,1,1,-0.1031,0.0943,-0.2520,0.2881,0.0639,-23.53,2.84,4.40,0.127,0.139,1.948,29.71,0.00,0.003,1,neutral,10.0,CONTENT,
51.173,1,1,-0.1027,0.0938,-0.2511,0.2871,0.0608,-23.47,2.82,4.76,0.136,0.126,1.742,29.76,0.00,0.006,1,neutral,10.2,CONTENT,
51.222,1,1,-0.1032,0.0943,-0.2519,0.2881,0.0606,-24.15,2.58,4.30,0.134,0.154,2.026,29.81,0.00,0.001,1,neutral,10.2,CONTENT,
51.270,1,1,-0.1029,0.0941,-0.2511,0.2872,0.0643,-23.28,2.72,4.78,0.136,0.134,2.302,29.86,0.00,0.005,1,neutral,10.2,CONTENT,
51.319,1,1,-0.1027,0.0938,-0.2509,0.2869,0.0618,-23.31,2.95,4.64,0.140,0.145,2.274,29.91,0.00,0.005,1,neutral,10.5,CONTENT,
51.382,1,1,-0.1024,0.0935,-0.2503,0.2861,0.0626,-23.07,3.05,4.45,0.146,0.167,1.990,29.97,0.00,0.006,1,neutral,10.3,CONTENT,
51.430,1,1,-0.1032,0.0943,-0.2517,0.2879,0.0608,-23.44,1.87,4.51,0.145,0.160,1.978,30.02,0.00,-0.002,1,neutral,10.2,CONTENT,
51.478,1,1,-0.1030,0.0940,-0.2513,0.2874,0.0631,-23.06,3.76,4.77,0.146,0.176,1.922,30.06,0.00,0.000,1,neutral,10.1,CONTENT,
51.527,1,1,-0.1038,0.0948,-0.2528,0.2893,0.0657,-23.68,2.18,4.58,0.143,0.177,1.708,30.11,0.00,-0.007,1,neutral,10.4,CONTENT,
51.574,1,1,-0.1033,0.0945,-0.2521,0.2884,0.0630,-22.96,2.73,4.78,0.140,0.176,1.414,30.16,0.00,-0.002,1,neutral,10.2,CONTENT,
51.622,1,1,-0.1033,0.0944,-0.2520,0.2883,0.0652,-23.65,1.21,5.07,0.134,0.146,1.623,30.21,0.00,-0.001,1,neutral,10.2,CONTENT,
51.669,1,1,-0.1034,0.0945,-0.2523,0.2886,0.0620,-23.33,3.01,4.66,0.137,0.135,1.517,30.26,0.00,-0.002,1,neutral,10.1,CONTENT,
51.718,1,1,-0.1040,0.0950,-0.2531,0.2897,0.0632,-24.25,2.10,4.35,0.134,0.106,1.556,30.30,0.00,-0.006,1,neutral,10.2,CONTENT,
51.782,1,1,-0.1039,0.0951,-0.2533,0.2899,0.0659,-23.13,3.09,4.56,0.140,0.100,1.473,30.37,0.00,-0.006,1,neutral,10.8,NEUTRAL,5
51.830,1,1,-0.1038,0.0949,-0.2529,0.2894,0.0641,-23.10,2.79,4.20,0.137,0.155,2.144,30.42,0.00,-0.003,1,neutral,10.5,NEUTRAL,
51.878,1,1,-0.1041,0.0952,-0.2536,0.2902,0.0663,-23.52,3.20,4.50,0.141,0.156,2.381,30.46,0.00,-0.005,1,neutral,10.1,NEUTRAL,
51.926,1,1,-0.1045,0.0955,-0.2542,0.2909,0.0646,-23.63,2.15,4.53,0.143,0.170,2.103,30.51,0.00,-0.008,1,neutral,10.2,NEUTRAL,
51.973,1,1,-0.1054,0.0964,-0.2559,0.2931,0.0716,-23.34,2.43,4.39,0.139,0.208,2.167,30.56,0.00,-0.015,1,neutral,10.2,NEUTRAL,
52.022,1,1,-0.1050,0.0961,-0.2550,0.2921,0.0668,-23.17,2.65,4.39,0.137,0.201,2.320,30.61,0.00,-0.008,1,neutral,10.2,NEUTRAL,
52.070,1,1,-0.1047,0.0956,-0.2545,0.2913,0.0638,-23.44,2.15,4.47,0.133,0.192,1.927,30.66,0.00,-0.003,1,neutral,10.3,NEUTRAL,
52.118,1,1,-0.1042,0.0951,-0.2534,0.2900,0.0639,-23.15,2.48,4.33,0.135,0.195,1.732,30.70,0.00,0.003,1,neutral,10.3,NEUTRAL,
52.253,1,1,-0.1044,0.0953,-0.2541,0.2908,0.0647,-23.10,2.77,4.90,0.137,0.207,1.440,30.84,0.00,0.001,1,neutral,81.0,NEUTRAL,
52.310,1,1,-0.1050,0.0959,-0.2548,0.2918,0.0661,-23.97,1.88,4.44,0.132,0.201,1.379,30.90,0.00,-0.003,1,neutral,10.6,NEUTRAL,
52.358,1,1,-0.1055,0.0964,-0.2558,0.2930,0.0662,-23.58,2.50,4.93,0.140,0.200,1.304,30.94,0.00,-0.007,1,neutral,10.3,NEUTRAL,
52.409,1,1,-0.1050,0.0959,-0.2547,0.2917,0.0670,-23.68,2.69,4.61,0.137,0.185,1.294,30.99,0.00,-0.000,1,neutral,10.7,NEUTRAL,
52.470,1,1,-0.1050,0.0959,-0.2549,0.2919,0.0634,-23.76,2.42,4.35,0.129,0.149,1.372,31.06,0.00,-0.001,1,neutral,10.5,NEUTRAL,
52.518,1,1,-0.1046,0.0957,-0.2544,0.2913,0.0657,-22.77,3.00,4.72,0.130,0.154,1.638,31.10,0.00,0.002,1,neutral,10.5,NEUTRAL,
52.566,1,1,-0.1040,0.0952,-0.2532,0.2898,0.0643,-23.63,2.26,4.82,0.133,0.131,1.767,31.15,0.00,0.007,1,neutral,10.2,NEUTRAL,
52.613,1,1,-0.1036,0.0949,-0.2524,0.2888,0.0617,-22.99,2.92,4.10,0.129,0.129,1.701,31.20,0.00,0.010,1,neutral,10.3,NEUTRAL,
52.661,1,1,-0.1039,0.0950,-0.2528,0.2894,0.0640,-23.61,2.88,4.40,0.129,0.128,1.398,31.25,0.00,0.006,1,neutral,10.2,NEUTRAL,
52.711,1,1,-0.1034,0.0945,-0.2518,0.2881,0.0634,-23.10,1.99,5.00,0.131,0.116,1.295,31.30,0.00,0.010,1,neutral,10.4,NEUTRAL,
52.756,1,1,-0.1029,0.0940,-0.2509,0.2870,0.0623,-23.30,2.94,4.54,0.134,0.104,1.109,31.34,0.00,0.013,1,neutral,10.2,NEUTRAL,
52.806,1,1,-0.1031,0.0941,-0.2509,0.2871,0.0636,-23.81,2.90,4.76,0.140,0.118,1.273,31.39,0.00,0.010,1,neutral,10.3,NEUTRAL,
52.857,1,1,-0.1042,0.0950,-0.2528,0.2895,0.0685,-23.80,2.49,4.39,0.142,0.141,1.210,31.44,0.00,-0.001,1,neutral,10.4,NEUTRAL,
52.918,1,1,-0.1049,0.0957,-0.2543,0.2912,0.0659,-23.98,2.07,4.82,0.147,0.144,1.153,31.50,0.00,-0.007,1,neutral,10.5,NEUTRAL,
52.972,1,1,-0.1045,0.0953,-0.2535,0.2903,0.0664,-23.28,3.47,4.50,0.154,0.133,1.124,31.56,0.00,-0.002,1,neutral,14.0,NEUTRAL,
53.030,1,1,-0.1046,0.0954,-0.2539,0.2907,0.0646,-23.76,1.77,4.89,0.150,0.111,1.136,31.62,0.00,-0.003,1,neutral,10.6,NEUTRAL,
53.079,1,1,-0.1049,0.0957,-0.2544,0.2913,0.0682,-23.15,2.59,4.53,0.142,0.102,1.085,31.67,0.00,-0.005,1,neutral,10.3,NEUTRAL,
53.128,1,1,-0.1045,0.0952,-0.2536,0.2904,0.0654,-23.82,2.77,5.18,0.140,0.084,1.086,31.71,0.00,-0.000,1,neutral,10.5,NEUTRAL,
53.174,1,1,-0.1045,0.0952,-0.2535,0.2903,0.0676,-23.64,2.07,4.64,0.140,0.087,1.164,31.76,0.00,0.000,1,neutral,10.2,NEUTRAL,
53.222,1,1,-0.1042,0.0949,-0.2530,0.2896,0.0661,-23.81,3.13,5.12,0.132,0.077,1.172,31.81,0.00,0.003,1,neutral,10.4,NEUTRAL,
53.271,1,1,-0.1051,0.0958,-0.2545,0.2915,0.0667,-23.70,1.46,4.37,0.121,0.072,1.023,31.86,0.00,-0.005,1,neutral,10.4,NEUTRAL,
53.318,1,1,-0.1053,0.0960,-0.2548,0.2920,0.0631,-24.05,2.51,4.68,0.125,0.069,1.013,31.90,0.00,-0.006,1,neutral,10.3,NEUTRAL,
53.366,1,1,-0.1046,0.0954,-0.2536,0.2905,0.0621,-23.03,3.05,4.66,0.121,0.078,1.017,31.95,0.00,0.001,1,neutral,10.3,NEUTRAL,
53.414,1,1,-0.1050,0.0957,-0.2544,0.2913,0.0628,-23.88,2.48,4.92,0.118,0.072,1.013,32.00,0.00,-0.003,1,neutral,10.3,NEUTRAL,
53.465,1,1,-0.1045,0.0951,-0.2532,0.2900,0.0635,-23.55,2.13,4.95,0.123,0.073,0.949,32.05,0.00,0.003,1,neutral,10.5,NEUTRAL,
53.510,1,1,-0.1042,0.0946,-0.2522,0.2888,0.0609,-23.96,2.31,4.81,0.124,0.080,0.886,32.10,0.00,0.008,1,neutral,10.3,NEUTRAL,
53.561,1,1,-0.1037,0.0941,-0.2512,0.2876,0.0638,-22.86,3.09,4.65,0.126,0.079,0.800,32.15,0.00,0.011,1,neutral,10.4,NEUTRAL,
53.621,1,1,-0.1042,0.0945,-0.2519,0.2885,0.0607,-24.46,2.89,4.75,0.137,0.076,0.773,32.21,0.00,0.006,1,neutral,10.7,NEUTRAL,
53.671,1,1,-0.1045,0.0947,-0.2523,0.2891,0.0648,-24.42,2.18,5.13,0.133,0.084,0.883,32.26,0.00,0.002,1,neutral,10.5,NEUTRAL,
53.719,1,1,-0.1044,0.0947,-0.2521,0.2889,0.0649,-24.01,2.13,4.92,0.139,0.085,0.873,32.31,0.00,0.003,1,neutral,10.3,NEUTRAL,
53.766,1,1,-0.1045,0.0949,-0.2525,0.2892,0.0655,-23.16,2.82,4.58,0.137,0.084,0.804,32.35,0.00,0.001,1,neutral,10.1,NEUTRAL,
53.814,1,1,-0.1051,0.0954,-0.2534,0.2904,0.0603,-24.50,1.63,5.12,0.141,0.070,0.883,32.40,0.00,-0.005,1,neutral,10.3,NEUTRAL,
53.862,1,1,-0.1050,0.0952,-0.2530,0.2900,0.0649,-23.61,2.56,4.66,0.137,0.058,0.835,32.45,0.00,-0.002,1,neutral,10.3,NEUTRAL,
53.910,1,1,-0.1051,0.0951,-0.2531,0.2901,0.0641,-24.02,3.14,4.69,0.135,0.068,0.994,32.50,0.00,-0.002,1,neutral,10.3,NEUTRAL,
53.957,1,1,-0.1045,0.0943,-0.2515,0.2882,0.0640,-23.70,2.26,5.10,0.129,0.057,1.115,32.54,0.00,0.007,1,neutral,10.3,NEUTRAL,
54.006,1,1,-0.1041,0.0940,-0.2507,0.2872,0.0632,-23.36,2.90,4.61,0.124,0.043,0.993,32.59,0.00,0.009,1,neutral,10.3,NEUTRAL,
54.054,1,1,-0.1041,0.0939,-0.2505,0.2871,0.0693,-23.16,2.26,4.70,0.125,0.043,0.974,32.64,0.00,0.008,1,neutral,10.4,NEUTRAL,
54.103,1,1,-0.1038,0.0934,-0.2498,0.2862,0.0648,-23.61,3.08,4.73,0.124,0.034,0.919,32.69,0.00,0.010,1,neutral,10.5,NEUTRAL,
54.150,1,1,-0.1044,0.0938,-0.2506,0.2872,0.0645,-24.49,2.12,4.94,0.129,0.040,0.985,32.74,0.00,0.004,1,neutral,10.2,NEUTRAL,
54.198,1,1,-0.1042,0.0937,-0.2503,0.2869,0.0698,-23.39,1.93,4.89,0.121,0.026,1.165,32.78,0.00,0.004,1,neutral,10.4,NEUTRAL,
54.246,1,1,-0.1050,0.0944,-0.2519,0.2887,0.0631,-24.21,2.34,4.57,0.116,0.041,1.357,32.83,0.00,-0.004,1,neutral,10.2,NEUTRAL,
54.295,1,1,-0.1050,0.0944,-0.2517,0.2886,0.0703,-23.72,2.64,4.77,0.120,0.043,1.278,32.88,0.00,-0.003,1,neutral,10.3,NEUTRAL,
54.342,1,1,-0.1046,0.0941,-0.2513,0.2880,0.0697,-23.92,2.48,4.94,0.122,0.044,1.045,32.93,0.00,0.000,1,neutral,10.3,NEUTRAL,
54.390,1,1,-0.1048,0.0942,-0.2517,0.2885,0.0645,-24.01,1.92,4.86,0.127,0.066,1.201,32.98,0.00,-0.002,1,neutral,10.1,NEUTRAL,
54.438,1,1,-0.1042,0.0935,-0.2502,0.2867,0.0625,-23.54,2.12,4.55,0.125,0.057,1.396,33.02,0.00,0.006,1,neutral,10.4,NEUTRAL,
54.485,1,1,-0.1038,0.0929,-0.2493,0.2856,0.0606,-24.24,3.11,5.23,0.130,0.044,1.262,33.07,0.00,0.010,1,neutral,10.2,NEUTRAL,
54.534,1,1,-0.1037,0.0928,-0.2491,0.2853,0.0636,-24.08,2.18,4.86,0.125,0.037,1.149,33.12,0.00,0.009,1,neutral,10.2,NEUTRAL,
54.598,1,1,-0.1038,0.0929,-0.2495,0.2857,0.0625,-24.11,2.86,5.35,0.124,0.029,0.959,33.18,0.00,0.006,1,neutral,10.8,NEUTRAL,
54.646,1,1,-0.1039,0.0930,-0.2498,0.2861,0.0640,-24.50,1.59,5.43,0.120,0.027,0.846,33.23,0.00,0.003,1,neutral,10.4,NEUTRAL,
54.693,1,1,-0.1039,0.0929,-0.2496,0.2859,0.0651,-24.03,3.02,5.00,0.128,0.052,1.184,33.28,0.00,0.003,1,neutral,10.2,NEUTRAL,
54.742,1,1,-0.1043,0.0934,-0.2503,0.2867,0.0667,-24.21,1.30,5.21,0.127,0.048,1.358,33.33,0.00,-0.001,1,neutral,10.2,NEUTRAL,
54.789,1,1,-0.1043,0.0937,-0.2509,0.2874,0.0643,-24.16,2.32,5.25,0.127,0.036,1.217,33.38,0.00,-0.004,1,neutral,10.2,NEUTRAL,
54.839,1,1,-0.1041,0.0933,-0.2504,0.2868,0.0626,-24.13,2.71,5.19,0.127,0.038,1.142,33.42,0.00,-0.000,1,neutral,10.1,NEUTRAL,
54.886,1,1,-0.1039,0.0931,-0.2501,0.2863,0.0645,-24.18,2.90,5.45,0.140,0.032,1.151,33.47,0.00,0.002,1,neutral,10.2,NEUTRAL,
54.934,1,1,-0.1041,0.0932,-0.2502,0.2865,0.0604,-24.03,2.12,4.99,0.149,0.072,1.646,33.52,0.00,0.001,1,neutral,10.3,NEUTRAL,
54.998,1,1,-0.1038,0.0930,-0.2499,0.2862,0.0544,-23.66,2.00,5.32,0.148,0.076,1.653,33.58,0.00,0.002,1,neutral,10.8,NEUTRAL,
55.046,1,1,-0.1042,0.0934,-0.2508,0.2872,0.0611,-24.17,0.97,5.15,0.143,0.089,1.492,33.63,0.00,-0.003,1,neutral,10.2,NEUTRAL,
55.094,1,1,-0.1044,0.0936,-0.2510,0.2875,0.0613,-24.53,3.06,4.71,0.137,0.089,1.370,33.68,0.00,-0.004,1,neutral,10.4,NEUTRAL,
55.143,1,1,-0.1043,0.0933,-0.2503,0.2868,0.0625,-24.64,2.07,4.90,0.135,0.102,1.326,33.73,0.00,-0.000,1,neutral,10.2,NEUTRAL,
55.190,1,1,-0.1048,0.0938,-0.2513,0.2880,0.0651,-23.70,2.09,4.97,0.134,0.086,1.503,33.78,0.00,-0.005,1,neutral,10.1,NEUTRAL,
55.238,1,1,-0.1052,0.0942,-0.2523,0.2891,0.0662,-24.28,2.57,4.80,0.136,0.086,1.403,33.82,0.00,-0.009,1,neutral,10.2,NEUTRAL,
55.285,1,1,-0.1050,0.0939,-0.2519,0.2887,0.0603,-24.43,1.74,4.95,0.137,0.069,1.415,33.87,0.00,-0.005,1,neutral,10.2,NEUTRAL,
55.334,1,1,-0.1043,0.0935,-0.2510,0.2874,0.0653,-23.34,2.80,5.30,0.144,0.075,1.447,33.92,0.00,0.001,1,neutral,10.4,NEUTRAL,
55.382,1,1,-0.1046,0.0937,-0.2514,0.2879,0.0601,-24.66,2.45,4.91,0.152,0.067,1.367,33.97,0.00,-0.001,1,neutral,10.1,NEUTRAL,
55.431,1,1,-0.1045,0.0935,-0.2510,0.2875,0.0656,-23.52,2.25,5.20,0.150,0.055,1.256,34.02,0.00,0.001,1,neutral,10.5,NEUTRAL,
55.476,1,1,-0.1047,0.0937,-0.2511,0.2878,0.0633,-25.09,2.25,5.32,0.147,0.049,1.079,0.00,0.00,-0.001,0,neutral,10.2,NEUTRAL,
55.526,1,1,-0.1046,0.0936,-0.2508,0.2874,0.0668,-24.11,2.18,5.05,0.148,0.042,0.947,0.05,0.00,0.001,1,neutral,10.3,NEUTRAL,
55.574,1,1,-0.1041,0.0933,-0.2499,0.2864,0.0626,-23.57,2.02,4.92,0.141,0.044,0.950,0.10,0.00,0.005,1,neutral,10.4,NEUTRAL,
55.621,1,1,-0.1043,0.0935,-0.2502,0.2867,0.0664,-24.22,1.36,5.21,0.147,0.049,0.962,0.15,0.00,0.003,1,neutral,10.1,NEUTRAL,
55.671,1,1,-0.1042,0.0936,-0.2502,0.2867,0.0652,-23.91,1.63,5.31,0.147,0.050,0.867,0.19,0.00,0.002,1,neutral,10.4,NEUTRAL,
55.718,1,1,-0.1045,0.0940,-0.2511,0.2878,0.0671,-24.52,1.18,5.28,0.156,0.047,0.874,0.24,0.00,-0.003,1,neutral,10.1,NEUTRAL,
55.766,1,1,-0.1039,0.0935,-0.2498,0.2862,0.0639,-23.41,1.43,4.84,0.157,0.041,0.820,0.29,0.00,0.005,1,neutral,10.4,NEUTRAL,
55.814,1,1,-0.1041,0.0936,-0.2501,0.2866,0.0610,-24.76,0.79,5.85,0.151,0.037,0.758,0.34,0.00,0.002,1,neutral,10.4,NEUTRAL,
55.862,1,1,-0.1043,0.0937,-0.2502,0.2868,0.0714,-24.39,2.18,5.46,0.144,0.042,0.750,0.39,0.00,0.001,1,neutral,10.3,NEUTRAL,
55.911,1,1,-0.1041,0.0934,-0.2498,0.2863,0.0643,-24.11,1.34,5.32,0.144,0.039,0.741,0.43,0.00,0.002,1,neutral,10.1,NEUTRAL,
55.958,1,1,-0.1041,0.0933,-0.2497,0.2861,0.0657,-24.53,1.64,5.16,0.142,0.033,0.654,0.48,0.00,0.003,1,neutral,10.2,NEUTRAL,
56.007,1,1,-0.1042,0.0936,-0.2499,0.2864,0.0649,-24.17,0.30,5.29,0.138,0.031,0.569,0.53,0.00,0.001,1,neutral,10.3,NEUTRAL,
56.081,1,1,-0.1043,0.0937,-0.2501,0.2867,0.0610,-24.44,1.47,5.45,0.146,0.032,0.575,0.60,0.00,0.000,1,neutral,32.8,NEUTRAL,
56.135,1,1,-0.1041,0.0935,-0.2500,0.2865,0.0629,-23.82,2.84,5.23,0.141,0.031,0.620,0.66,0.00,0.001,1,neutral,10.1,NEUTRAL,
56.180,1,1,-0.1041,0.0935,-0.2502,0.2867,0.0678,-23.53,2.54,5.41,0.144,0.046,0.777,0.70,0.00,-0.000,1,neutral,10.2,NEUTRAL,
56.230,1,1,-0.1037,0.0930,-0.2491,0.2854,0.0642,-24.41,1.44,5.08,0.136,0.048,0.844,0.75,0.00,0.005,1,neutral,10.4,NEUTRAL,
56.280,1,1,-0.1038,0.0931,-0.2493,0.2856,0.0614,-24.82,1.00,5.27,0.138,0.038,0.902,0.80,0.00,0.003,1,neutral,10.5,NEUTRAL,
56.326,1,1,-0.1040,0.0933,-0.2499,0.2863,0.0685,-24.01,2.11,5.11,0.144,0.041,0.909,0.85,0.00,-0.000,1,neutral,10.2,NEUTRAL,
56.375,1,1,-0.1044,0.0938,-0.2507,0.2873,0.0599,-24.10,1.81,5.59,0.145,0.059,0.993,0.90,0.00,-0.004,1,neutral,10.6,NEUTRAL,
56.422,1,1,-0.1045,0.0940,-0.2510,0.2877,0.0649,-24.20,1.61,5.20,0.143,0.072,0.850,0.95,0.00,-0.005,1,neutral,10.2,NEUTRAL,
56.468,1,1,-0.1042,0.0936,-0.2502,0.2867,0.0666,-23.57,1.43,5.26,0.144,0.096,0.922,0.99,0.00,0.000,1,neutral,10.1,NEUTRAL,
56.519,1,1,-0.1044,0.0938,-0.2505,0.2871,0.0615,-24.16,1.47,5.41,0.137,0.076,1.330,1.04,0.00,-0.001,1,neutral,10.3,NEUTRAL,
56.582,1,1,-0.1039,0.0932,-0.2494,0.2858,0.0648,-23.79,1.64,5.33,0.138,0.093,1.473,1.11,0.00,0.003,1,neutral,10.6,NEUTRAL,
56.630,1,1,-0.1038,0.0932,-0.2494,0.2858,0.0619,-24.24,1.06,5.35,0.135,0.071,1.764,1.15,0.00,0.003,1,neutral,10.2,NEUTRAL,
56.679,1,1,-0.1035,0.0930,-0.2486,0.2849,0.0660,-23.89,1.98,5.05,0.141,0.089,2.010,1.20,0.00,0.006,1,neutral,10.2,NEUTRAL,
56.726,1,1,-0.1039,0.0935,-0.2495,0.2859,0.0643,-23.99,0.32,5.57,0.143,0.072,2.143,1.25,0.00,0.000,1,neutral,9.7,NEUTRAL,
56.774,1,1,-0.1048,0.0943,-0.2514,0.2883,0.0634,-24.51,2.52,5.33,0.145,0.078,2.039,1.30,0.00,-0.010,1,neutral,9.8,NEUTRAL,
56.822,1,1,-0.1046,0.0942,-0.2511,0.2879,0.0605,-23.86,1.96,5.48,0.150,0.078,1.715,1.35,0.00,-0.006,1,neutral,10.2,NEUTRAL,
56.870,1,1,-0.1049,0.0942,-0.2516,0.2884,0.0579,-24.12,1.81,5.19,0.147,0.089,1.562,1.39,0.00,-0.007,1,neutral,10.2,NEUTRAL,
56.919,1,1,-0.1048,0.0940,-0.2514,0.2881,0.0595,-24.22,2.58,4.77,0.142,0.092,1.346,1.44,0.00,-0.005,1,neutral,10.3,NEUTRAL,
56.966,1,1,-0.1043,0.0936,-0.2505,0.2870,0.0563,-23.86,1.13,4.94,0.145,0.084,1.296,1.49,0.00,0.001,1,neutral,10.0,NEUTRAL,
57.014,1,1,-0.1043,0.0934,-0.2504,0.2869,0.0587,-23.88,2.70,5.16,0.149,0.118,1.706,1.54,0.00,0.001,1,neutral,10.3,NEUTRAL,
57.062,1,1,-0.1044,0.0936,-0.2505,0.2871,0.0599,-23.92,1.78,5.09,0.142,0.122,1.770,1.59,0.00,0.000,1,neutral,10.2,NEUTRAL,
57.110,1,1,-0.1043,0.0934,-0.2502,0.2867,0.0596,-24.73,1.54,5.48,0.152,0.141,1.800,1.63,0.00,0.002,1,neutral,10.1,NEUTRAL,
57.158,1,1,-0.1043,0.0934,-0.2503,0.2868,0.0598,-24.04,2.32,5.10,0.155,0.126,1.949,1.68,0.00,0.001,1,neutral,10.2,NEUTRAL,
57.205,1,1,-0.1041,0.0932,-0.2501,0.2865,0.0577,-24.49,1.82,5.30,0.151,0.124,1.730,1.73,0.00,0.002,1,neutral,10.0,NEUTRAL,
57.254,1,1,-0.1037,0.0929,-0.2495,0.2857,0.0597,-24.54,2.12,5.50,0.165,0.127,1.689,1.78,0.00,0.005,1,neutral,10.4,NEUTRAL,
57.302,1,1,-0.1035,0.0925,-0.2490,0.2851,0.0593,-24.33,1.01,5.34,0.159,0.105,1.842,1.83,0.00,0.006,1,neutral,10.3,NEUTRAL,
57.350,1,1,-0.1032,0.0922,-0.2483,0.2842,0.0586,-24.06,1.15,5.34,0.164,0.092,1.629,1.87,0.00,0.009,1,neutral,10.1,NEUTRAL,
57.414,1,1,-0.1037,0.0930,-0.2498,0.2860,0.0556,-24.11,1.70,5.31,0.163,0.084,1.363,1.94,0.00,0.002,1,neutral,10.8,NEUTRAL,
57.463,1,1,-0.1037,0.0930,-0.2498,0.2860,0.0566,-23.58,2.16,5.07,0.159,0.111,1.631,1.99,0.00,0.001,1,neutral,10.5,NEUTRAL,
57.508,1,1,-0.1039,0.0932,-0.2501,0.2864,0.0580,-24.83,1.25,5.27,0.162,0.098,1.890,2.03,0.00,-0.001,1,neutral,10.1,NEUTRAL,
57.558,1,1,-0.1034,0.0926,-0.2490,0.2851,0.0578,-24.38,2.15,5.35,0.164,0.100,1.707,2.08,0.00,0.005,1,neutral,10.1,NEUTRAL,
57.606,1,1,-0.1040,0.0929,-0.2498,0.2861,0.0556,-24.90,1.33,5.12,0.157,0.100,1.521,2.13,0.00,-0.001,1,neutral,10.5,NEUTRAL,
57.654,1,1,-0.1044,0.0934,-0.2504,0.2869,0.0589,-24.89,1.24,4.73,0.157,0.102,1.325,2.18,0.00,-0.004,1,neutral,10.3,NEUTRAL,
57.702,1,1,-0.1041,0.0931,-0.2499,0.2863,0.0565,-24.25,1.41,4.99,0.157,0.104,1.067,2.23,0.00,-0.000,1,neutral,10.1,NEUTRAL,
57.753,1,1,-0.1046,0.0934,-0.2506,0.2872,0.0576,-24.96,2.37,5.03,0.158,0.105,0.862,2.28,0.00,-0.004,1,neutral,10.3,NEUTRAL,
57.814,1,1,-0.1045,0.0934,-0.2503,0.2869,0.0600,-24.40,1.70,5.16,0.162,0.102,0.769,2.34,0.00,-0.002,1,neutral,9.9,NEUTRAL,
57.864,1,1,-0.1045,0.0936,-0.2506,0.2872,0.0598,-24.20,0.73,5.36,0.151,0.077,1.044,2.39,0.00,-0.003,1,neutral,10.4,NEUTRAL,
57.911,1,1,-0.1035,0.0929,-0.2491,0.2853,0.0605,-23.76,1.51,5.30,0.155,0.062,1.052,2.44,0.00,0.006,1,neutral,10.0,NEUTRAL,
57.958,1,1,-0.1040,0.0931,-0.2498,0.2861,0.0583,-24.44,2.54,4.69,0.160,0.088,1.488,2.48,0.00,0.001,1,neutral,10.0,NEUTRAL,
58.006,1,1,-0.1037,0.0929,-0.2495,0.2857,0.0563,-24.22,1.52,5.14,0.170,0.089,1.526,2.53,0.00,0.002,1,neutral,10.0,NEUTRAL,
58.054,1,1,-0.1037,0.0929,-0.2495,0.2857,0.0561,-23.67,1.73,4.84,0.165,0.127,1.891,2.58,0.00,0.002,1,neutral,10.1,NEUTRAL,
58.103,1,1,-0.1034,0.0928,-0.2491,0.2853,0.0542,-24.13,1.75,5.46,0.171,0.134,1.915,2.63,0.00,0.003,1,neutral,10.2,NEUTRAL,
58.150,1,1,-0.1037,0.0929,-0.2493,0.2855,0.0566,-24.07,1.68,5.55,0.171,0.146,1.665,2.67,0.00,0.002,1,neutral,10.0,NEUTRAL,
58.219,1,1,-0.1036,0.0929,-0.2495,0.2857,0.0574,-24.12,2.96,5.05,0.168,0.153,1.377,2.74,0.00,0.001,1,neutral,13.9,NEUTRAL,
58.279,1,1,-0.1037,0.0928,-0.2495,0.2857,0.0576,-24.93,0.68,5.83,0.164,0.118,1.625,2.80,0.00,0.001,1,neutral,10.5,NEUTRAL,
58.325,1,1,-0.1036,0.0927,-0.2494,0.2855,0.0556,-24.44,1.17,5.55,0.160,0.113,1.651,2.85,0.00,0.001,1,neutral,10.3,NEUTRAL,
58.374,1,1,-0.1035,0.0927,-0.2492,0.2853,0.0578,-24.32,1.19,5.39,0.166,0.105,1.480,2.90,0.00,0.002,1,neutral,10.4,NEUTRAL,
58.422,1,1,-0.1029,0.0921,-0.2482,0.2840,0.0570,-23.75,2.28,5.25,0.164,0.099,1.280,2.95,0.00,0.007,1,neutral,10.3,NEUTRAL,
58.470,1,1,-0.1028,0.0919,-0.2477,0.2835,0.0567,-23.97,1.52,5.16,0.168,0.108,1.263,2.99,0.00,0.008,1,neutral,10.0,NEUTRAL,
58.519,1,1,-0.1025,0.0918,-0.2473,0.2830,0.0588,-24.16,0.90,5.72,0.170,0.089,1.442,3.04,0.00,0.008,1,neutral,10.5,NEUTRAL,
58.565,1,1,-0.1024,0.0919,-0.2474,0.2831,0.0598,-23.99,1.81,5.59,0.164,0.090,1.455,3.09,0.00,0.006,1,neutral,10.2,NEUTRAL,
58.630,1,1,-0.1024,0.0919,-0.2476,0.2833,0.0525,-24.10,1.77,5.29,0.157,0.090,1.197,3.15,0.00,0.004,1,neutral,10.7,NEUTRAL,
58.677,1,1,-0.1027,0.0923,-0.2481,0.2839,0.0585,-24.20,1.71,5.50,0.159,0.125,1.549,3.20,0.00,0.001,1,neutral,10.2,NEUTRAL,
58.726,1,1,-0.1026,0.0920,-0.2477,0.2834,0.0605,-23.60,1.71,4.92,0.146,0.132,1.630,3.25,0.00,0.003,1,neutral,10.1,NEUTRAL,
58.774,1,1,-0.1029,0.0924,-0.2485,0.2844,0.0638,-24.21,1.08,5.77,0.138,0.107,1.819,3.30,0.00,-0.002,1,neutral,10.2,NEUTRAL,
58.822,1,1,-0.1033,0.0928,-0.2494,0.2854,0.0603,-24.45,1.48,5.33,0.140,0.098,1.672,3.35,0.00,-0.006,1,neutral,10.3,NEUTRAL,
58.871,1,1,-0.1031,0.0927,-0.2492,0.2851,0.0628,-23.33,2.37,5.29,0.138,0.077,1.589,3.39,0.00,-0.003,1,neutral,10.2,NEUTRAL,
58.919,1,1,-0.1032,0.0931,-0.2498,0.2858,0.0640,-24.19,1.75,5.37,0.142,0.071,1.456,3.44,0.00,-0.006,1,neutral,10.5,NEUTRAL,
58.966,1,1,-0.1025,0.0923,-0.2486,0.2843,0.0581,-23.62,1.75,5.20,0.144,0.065,1.201,3.49,0.00,0.002,1,neutral,10.3,NEUTRAL,
59.030,1,1,-0.1028,0.0927,-0.2493,0.2852,0.0549,-23.86,1.47,4.91,0.146,0.069,1.075,3.55,0.00,-0.001,1,neutral,10.9,NEUTRAL,
59.076,1,1,-0.1014,0.0918,-0.2475,0.2828,0.0631,-22.70,1.90,4.85,0.159,0.074,1.055,3.60,0.00,0.009,1,neutral,10.2,NEUTRAL,
59.127,1,1,-0.1006,0.0919,-0.2479,0.2829,0.0604,-22.00,2.25,4.85,0.164,0.078,0.911,3.65,0.00,0.007,1,neutral,10.2,NEUTRAL,
59.173,1,1,-0.0998,0.0920,-0.2487,0.2833,0.0616,-21.52,1.48,4.67,0.168,0.075,0.833,3.70,0.00,0.004,1,neutral,10.2,NEUTRAL,
59.222,1,1,-0.0984,0.0921,-0.2487,0.2828,0.0671,-20.13,2.33,4.26,0.163,0.123,1.510,3.75,0.00,0.005,1,neutral,10.3,NEUTRAL,
59.270,1,1,-0.0975,0.0925,-0.2495,0.2834,0.0685,-19.78,1.90,4.32,0.156,0.103,2.153,3.79,0.00,0.002,1,neutral,10.3,NEUTRAL,
59.318,1,1,-0.0963,0.0925,-0.2495,0.2830,0.0662,-19.67,2.35,4.06,0.156,0.113,2.163,3.84,0.00,0.003,1,neutral,10.2,NEUTRAL,
59.367,1,1,-0.0957,0.0926,-0.2500,0.2832,0.0711,-19.65,2.18,3.91,0.151,0.091,2.244,3.89,0.00,0.001,1,neutral,10.4,NEUTRAL,
59.430,1,1,-0.0949,0.0926,-0.2499,0.2829,0.0682,-19.73,2.71,4.23,0.152,0.075,1.840,3.95,0.00,0.002,1,neutral,10.2,NEUTRAL,
59.478,1,1,-0.0947,0.0929,-0.2506,0.2835,0.0703,-19.78,2.98,4.02,0.143,0.068,1.649,4.00,0.00,-0.001,1,neutral,10.2,NEUTRAL,
59.527,1,1,-0.0943,0.0929,-0.2506,0.2834,0.0701,-19.24,2.66,3.93,0.138,0.077,1.560,4.05,0.00,-0.000,1,neutral,10.4,NEUTRAL,
59.573,1,1,-0.0941,0.0933,-0.2511,0.2839,0.0695,-19.45,2.69,4.12,0.136,0.058,1.703,4.10,0.00,-0.002,1,neutral,10.3,NEUTRAL,
59.622,1,1,-0.0935,0.0933,-0.2508,0.2834,0.0692,-18.48,3.26,3.61,0.130,0.046,1.432,4.15,0.00,0.000,1,neutral,10.2,NEUTRAL,
59.670,1,1,-0.0931,0.0935,-0.2509,0.2835,0.0661,-18.71,2.61,3.49,0.127,0.038,1.175,4.19,0.00,-0.000,1,neutral,10.3,NEUTRAL,
59.718,1,1,-0.0919,0.0932,-0.2502,0.2823,0.0680,-17.56,2.54,3.52,0.128,0.038,1.057,4.24,0.00,0.005,1,neutral,10.5,NEUTRAL,
59.764,1,1,-0.0905,0.0933,-0.2500,0.2817,0.0652,-16.13,2.70,3.32,0.131,0.030,0.994,4.29,0.00,0.006,1,neutral,10.1,NEUTRAL,
59.830,1,1,-0.0882,0.0928,-0.2490,0.2800,0.0694,-14.47,3.08,3.17,0.132,0.021,0.827,4.35,0.00,0.010,1,neutral,11.0,NEUTRAL,
59.877,1,1,-0.0857,0.0927,-0.2482,0.2785,0.0652,-12.29,3.52,3.19,0.130,0.026,0.875,4.40,0.00,0.015,1,neutral,10.2,NEUTRAL,
59.926,1,1,-0.0829,0.0926,-0.2475,0.2770,0.0664,-10.59,3.94,3.11,0.133,0.024,0.834,4.45,0.00,0.018,1,neutral,10.3,NEUTRAL,
59.973,1,1,-0.0803,0.0927,-0.2476,0.2763,0.0630,-9.68,3.91,2.94,0.137,0.025,0.713,4.50,0.00,0.017,1,neutral,10.5,NEUTRAL,
60.022,1,1,-0.0776,0.0926,-0.2472,0.2751,0.0639,-8.30,4.64,3.38,0.133,0.029,0.697,4.55,0.00,0.019,1,neutral,10.1,NEUTRAL,
60.071,1,1,-0.0758,0.0934,-0.2482,0.2758,0.0641,-7.68,3.53,3.07,0.131,0.059,0.995,4.59,0.00,0.012,1,neutral,10.3,NEUTRAL,
60.116,1,1,-0.0744,0.0940,-0.2491,0.2764,0.0631,-7.76,3.72,2.83,0.126,0.085,0.900,4.64,0.00,0.007,1,neutral,9.9,NEUTRAL,
60.167,1,1,-0.0728,0.0937,-0.2485,0.2754,0.0632,-7.31,4.61,2.96,0.119,0.083,1.078,4.69,0.00,0.010,1,neutral,10.3,NEUTRAL,
60.230,1,1,-0.0718,0.0937,-0.2484,0.2751,0.0633,-7.54,4.08,2.94,0.121,0.086,0.968,4.75,0.00,0.009,1,neutral,10.7,NEUTRAL,
60.279,1,1,-0.0715,0.0942,-0.2494,0.2760,0.0639,-7.37,3.96,2.67,0.123,0.093,0.861,4.80,0.00,0.003,1,neutral,10.3,NEUTRAL,
60.326,1,1,-0.0714,0.0948,-0.2506,0.2773,0.0632,-7.68,4.50,2.58,0.117,0.081,1.017,4.85,0.00,-0.003,1,neutral,10.0,NEUTRAL,
60.374,1,1,-0.0709,0.0945,-0.2501,0.2767,0.0635,-7.54,3.53,2.76,0.118,0.083,1.025,4.90,0.00,0.000,1,neutral,10.4,NEUTRAL,
60.422,1,1,-0.0708,0.0947,-0.2505,0.2770,0.0648,-7.94,2.89,2.51,0.130,0.090,1.041,4.95,0.00,-0.001,1,neutral,10.3,NEUTRAL,
60.471,1,1,-0.0707,0.0946,-0.2506,0.2770,0.0630,-7.92,4.16,2.78,0.125,0.078,1.200,4.99,0.00,-0.001,1,neutral,10.5,NEUTRAL,
60.519,1,1,-0.0706,0.0945,-0.2505,0.2769,0.0635,-7.53,4.15,2.30,0.121,0.083,1.188,5.04,0.00,-0.000,1,neutral,10.3,NEUTRAL,
60.582,1,1,-0.0708,0.0947,-0.2512,0.2776,0.0627,-8.02,3.97,2.59,0.123,0.078,1.072,5.11,0.00,-0.002,1,neutral,10.9,NEUTRAL,
60.631,1,1,-0.0708,0.0949,-0.2516,0.2781,0.0641,-7.26,3.92,2.58,0.122,0.098,1.239,5.15,0.00,-0.004,1,neutral,10.3,NEUTRAL,
60.679,1,1,-0.0708,0.0949,-0.2515,0.2779,0.0646,-7.82,2.64,2.73,0.136,0.104,1.260,5.20,0.00,-0.003,1,neutral,10.3,NEUTRAL,
60.725,1,1,-0.0708,0.0949,-0.2515,0.2780,0.0624,-7.79,4.47,2.53,0.129,0.130,1.468,5.25,0.00,-0.002,1,neutral,10.4,NEUTRAL,
60.774,1,1,-0.0709,0.0951,-0.2517,0.2782,0.0650,-7.59,3.59,2.64,0.126,0.114,1.740,5.30,0.00,-0.003,1,neutral,10.1,NEUTRAL,
60.822,1,1,-0.0706,0.0946,-0.2510,0.2773,0.0622,-7.49,4.08,2.36,0.123,0.125,1.760,5.35,0.00,0.001,1,neutral,10.5,NEUTRAL,
60.870,1,1,-0.0707,0.0946,-0.2508,0.2772,0.0630,-8.36,3.99,2.74,0.130,0.141,1.625,5.39,0.00,0.002,1,neutral,10.2,NEUTRAL,
60.919,1,1,-0.0706,0.0943,-0.2502,0.2766,0.0632,-8.34,3.75,2.65,0.132,0.109,2.030,5.44,0.00,0.004,1,neutral,10.4,NEUTRAL,
60.966,1,1,-0.0706,0.0943,-0.2499,0.2763,0.0635,-7.75,3.21,2.53,0.136,0.131,2.405,5.49,0.00,0.004,1,neutral,10.0,NEUTRAL,
61.031,1,1,-0.0704,0.0939,-0.2491,0.2754,0.0623,-7.82,4.62,2.73,0.131,0.098,2.538,5.55,0.00,0.006,1,neutral,11.1,NEUTRAL,
61.078,1,1,-0.0703,0.0937,-0.2488,0.2750,0.0660,-7.64,3.19,2.83,0.138,0.093,2.425,5.60,0.00,0.007,1,neutral,10.1,NEUTRAL,
61.127,1,1,-0.0704,0.0936,-0.2488,0.2749,0.0620,-8.08,4.15,2.71,0.134,0.112,2.346,5.65,0.00,0.006,1,neutral,10.4,NEUTRAL,
61.173,1,1,-0.0701,0.0932,-0.2480,0.2740,0.0636,-7.58,3.39,2.70,0.137,0.126,1.983,5.70,0.00,0.008,1,neutral,9.8,NEUTRAL,
61.222,1,1,-0.0704,0.0936,-0.2488,0.2750,0.0636,-8.01,4.52,2.23,0.141,0.106,2.081,5.75,0.00,0.003,1,neutral,10.2,NEUTRAL,
61.271,1,1,-0.0709,0.0942,-0.2498,0.2762,0.0651,-8.44,4.15,1.91,0.140,0.090,1.735,5.79,0.00,-0.003,1,neutral,10.0,NEUTRAL,
61.317,1,1,-0.0707,0.0938,-0.2492,0.2755,0.0650,-7.92,4.62,2.40,0.151,0.085,1.627,5.84,0.00,0.001,1,neutral,10.3,NEUTRAL,
61.366,1,1,-0.0709,0.0939,-0.2494,0.2758,0.0636,-8.26,4.95,1.89,0.148,0.079,1.485,5.89,0.00,-0.001,1,neutral,10.1,NEUTRAL,
61.414,1,1,-0.0709,0.0938,-0.2493,0.2757,0.0629,-8.33,4.14,2.47,0.154,0.089,1.459,5.94,0.00,0.000,1,neutral,10.3,NEUTRAL,
61.462,1,1,-0.0709,0.0937,-0.2492,0.2755,0.0647,-8.09,3.96,2.30,0.156,0.099,1.209,5.99,0.00,0.001,1,neutral,10.3,NEUTRAL,
61.511,1,1,-0.0708,0.0939,-0.2492,0.2756,0.0640,-8.00,4.60,1.67,0.160,0.103,1.020,6.03,0.00,0.000,1,neutral,10.2,NEUTRAL,
61.558,1,1,-0.0714,0.0945,-0.2504,0.2770,0.0637,-8.91,4.23,2.05,0.157,0.092,1.069,6.08,0.00,-0.006,1,neutral,10.3,NEUTRAL,
61.606,1,1,-0.0712,0.0942,-0.2498,0.2763,0.0639,-7.59,4.17,2.16,0.168,0.099,1.196,6.13,0.00,-0.002,1,neutral,10.2,NEUTRAL,
61.655,1,1,-0.0711,0.0941,-0.2496,0.2760,0.0640,-7.65,5.00,1.96,0.166,0.117,1.237,6.18,0.00,-0.000,1,neutral,10.5,NEUTRAL,
61.702,1,1,-0.0715,0.0944,-0.2503,0.2769,0.0640,-8.87,4.08,1.99,0.161,0.134,1.060,6.23,0.00,-0.004,1,neutral,10.0,NEUTRAL,
61.751,1,1,-0.0716,0.0943,-0.2501,0.2767,0.0639,-8.53,3.90,2.04,0.157,0.112,1.412,6.27,0.00,-0.002,1,neutral,10.4,NEUTRAL,
61.798,1,1,-0.0714,0.0940,-0.2498,0.2763,0.0647,-8.09,4.43,1.94,0.152,0.098,1.188,6.32,0.00,-0.000,1,neutral,10.2,NEUTRAL,
61.847,1,1,-0.0714,0.0939,-0.2495,0.2760,0.0635,-8.36,4.47,2.13,0.148,0.113,1.377,6.37,0.00,0.001,1,neutral,10.5,NEUTRAL,
61.893,1,1,-0.0713,0.0937,-0.2492,0.2756,0.0640,-8.28,4.93,2.28,0.148,0.109,1.382,6.42,0.00,0.002,1,neutral,10.2,NEUTRAL,
61.945,1,1,-0.0715,0.0939,-0.2497,0.2762,0.0646,-8.66,5.32,1.88,0.148,0.085,1.422,6.47,0.00,-0.000,1,neutral,10.4,NEUTRAL,
61.990,1,1,-0.0716,0.0941,-0.2501,0.2767,0.0639,-8.26,4.16,1.92,0.143,0.083,1.438,6.51,0.00,-0.002,1,neutral,10.1,NEUTRAL,
62.038,1,1,-0.0719,0.0944,-0.2506,0.2772,0.0644,-8.46,4.43,2.32,0.150,0.121,1.826,6.56,0.00,-0.004,1,neutral,10.4,NEUTRAL,
62.086,1,1,-0.0722,0.0947,-0.2513,0.2781,0.0634,-8.83,4.48,2.01,0.146,0.116,2.036,6.61,0.00,-0.007,1,neutral,10.2,NEUTRAL,
62.134,1,1,-0.0725,0.0948,-0.2514,0.2783,0.0641,-8.78,4.16,2.52,0.143,0.134,2.000,6.66,0.00,-0.006,1,neutral,10.4,NEUTRAL,
62.182,1,1,-0.0724,0.0945,-0.2513,0.2781,0.0613,-8.61,5.16,2.50,0.129,0.109,2.272,6.71,0.00,-0.004,1,neutral,10.2,NEUTRAL,
62.247,1,1,-0.0723,0.0943,-0.2508,0.2776,0.0619,-8.38,4.70,2.67,0.125,0.148,2.527,6.77,0.00,-0.002,1,neutral,10.9,NEUTRAL,
62.293,1,1,-0.0722,0.0941,-0.2503,0.2770,0.0637,-8.21,4.04,2.88,0.121,0.149,2.502,6.82,0.00,0.001,1,neutral,10.3,NEUTRAL,
62.343,1,1,-0.0720,0.0940,-0.2498,0.2764,0.0642,-8.21,4.76,2.60,0.115,0.165,2.259,6.87,0.00,0.003,1,neutral,10.6,NEUTRAL,
62.389,1,1,-0.0720,0.0937,-0.2496,0.2762,0.0632,-8.80,5.34,2.69,0.117,0.135,2.542,6.91,0.00,0.003,1,neutral,10.0,NEUTRAL,
62.439,1,1,-0.0719,0.0935,-0.2493,0.2758,0.0630,-8.84,4.60,2.46,0.118,0.152,2.642,6.96,0.00,0.004,1,neutral,10.4,NEUTRAL,
62.486,1,1,-0.0718,0.0933,-0.2491,0.2755,0.0641,-8.48,4.73,2.87,0.116,0.151,2.328,7.01,0.00,0.005,1,neutral,10.2,NEUTRAL,
62.535,1,1,-0.0715,0.0928,-0.2480,0.2742,0.0624,-8.98,4.60,2.65,0.113,0.131,2.194,7.06,0.00,0.009,1,neutral,10.4,NEUTRAL,
62.582,1,1,-0.0714,0.0924,-0.2476,0.2737,0.0631,-8.59,4.97,2.63,0.114,0.149,2.319,7.11,0.00,0.009,1,neutral,10.1,NEUTRAL,
62.646,1,1,-0.0715,0.0927,-0.2479,0.2742,0.0640,-8.55,3.98,2.71,0.112,0.165,1.895,7.17,0.00,0.006,1,neutral,10.8,NEUTRAL,
62.693,1,1,-0.0716,0.0927,-0.2478,0.2741,0.0646,-8.51,5.14,2.96,0.110,0.157,1.844,7.22,0.00,0.005,1,neutral,10.1,NEUTRAL,
62.743,1,1,-0.0715,0.0925,-0.2476,0.2738,0.0630,-8.26,4.66,2.77,0.107,0.148,1.541,7.27,0.00,0.005,1,neutral,10.5,NEUTRAL,
62.790,1,1,-0.0714,0.0923,-0.2474,0.2735,0.0637,-8.82,4.57,2.93,0.107,0.164,1.624,7.31,0.00,0.006,1,neutral,10.3,NEUTRAL,
62.838,1,1,-0.0711,0.0919,-0.2465,0.2725,0.0632,-8.20,3.95,2.78,0.109,0.165,1.482,7.36,0.00,0.009,1,neutral,10.2,NEUTRAL,
62.886,1,1,-0.0714,0.0921,-0.2470,0.2731,0.0658,-8.81,5.37,2.75,0.112,0.124,1.884,7.41,0.00,0.004,1,neutral,10.0,NEUTRAL,
62.935,1,1,-0.0716,0.0922,-0.2474,0.2736,0.0629,-9.10,5.35,2.89,0.119,0.130,2.105,7.46,0.00,0.002,1,neutral,10.4,NEUTRAL,
62.982,1,1,-0.0716,0.0921,-0.2473,0.2734,0.0641,-8.94,4.74,2.83,0.121,0.119,1.949,7.51,0.00,0.002,1,neutral,10.0,NEUTRAL,
63.046,1,1,-0.0715,0.0920,-0.2471,0.2732,0.0635,-9.01,5.07,2.77,0.114,0.093,1.812,7.57,0.00,0.002,1,neutral,10.8,NEUTRAL,
63.093,1,1,-0.0719,0.0924,-0.2477,0.2739,0.0644,-8.82,5.75,2.65,0.113,0.077,1.545,7.62,0.00,-0.001,1,neutral,10.3,NEUTRAL,
63.142,1,1,-0.0720,0.0925,-0.2478,0.2742,0.0637,-8.76,4.75,2.85,0.117,0.079,1.472,7.67,0.00,-0.002,1,neutral,10.2,NEUTRAL,
63.188,1,1,-0.0721,0.0926,-0.2481,0.2745,0.0658,-8.97,4.75,2.68,0.126,0.122,1.916,7.71,0.00,-0.003,1,neutral,10.3,NEUTRAL,
63.238,1,1,-0.0721,0.0928,-0.2484,0.2748,0.0638,-8.90,5.22,2.89,0.124,0.091,2.568,7.76,0.00,-0.004,1,neutral,10.1,NEUTRAL,
63.286,1,1,-0.0720,0.0929,-0.2487,0.2751,0.0639,-8.57,4.65,2.63,0.121,0.139,3.254,7.81,0.00,-0.004,1,neutral,10.4,NEUTRAL,
63.335,1,1,-0.0721,0.0929,-0.2490,0.2754,0.0629,-8.98,4.99,2.40,0.116,0.152,2.972,7.86,0.00,-0.004,1,neutral,10.3,NEUTRAL,
63.382,1,1,-0.0726,0.0941,-0.2512,0.2779,0.0630,-9.22,3.77,1.86,0.115,0.123,3.051,7.91,0.00,-0.014,1,neutral,10.3,NEUTRAL,
63.446,1,1,-0.0724,0.0946,-0.2519,0.2786,0.0645,-8.90,3.81,2.38,0.123,0.095,2.563,7.97,0.00,-0.014,1,neutral,10.5,NEUTRAL,
63.493,1,1,-0.0719,0.0951,-0.2523,0.2791,0.0634,-8.88,3.98,2.44,0.127,0.076,2.079,8.02,0.00,-0.013,1,neutral,10.3,NEUTRAL,
63.542,1,1,-0.0714,0.0965,-0.2535,0.2805,0.0640,-8.40,3.68,2.30,0.132,0.067,1.761,8.07,0.00,-0.016,1,neutral,10.2,NEUTRAL,
63.589,1,1,-0.0713,0.0986,-0.2557,0.2831,0.0645,-9.18,2.91,2.41,0.132,0.059,1.477,8.11,0.00,-0.024,1,neutral,10.0,NEUTRAL,
63.638,1,1,-0.0711,0.1008,-0.2573,0.2854,0.0655,-8.57,3.11,2.01,0.131,0.051,1.213,8.16,0.00,-0.028,1,neutral,10.3,NEUTRAL,
63.685,1,1,-0.0710,0.1025,-0.2583,0.2868,0.0640,-9.16,2.12,2.16,0.143,0.047,1.180,8.21,0.00,-0.029,1,neutral,10.0,NEUTRAL,
63.734,1,1,-0.0713,0.1042,-0.2600,0.2890,0.0645,-9.52,2.41,2.26,0.159,0.049,1.086,8.26,0.00,-0.032,1,neutral,10.0,NEUTRAL,
63.782,1,1,-0.0712,0.1051,-0.2603,0.2896,0.0642,-9.15,2.91,2.45,0.166,0.034,1.160,8.31,0.00,-0.028,1,neutral,10.2,NEUTRAL,
63.847,1,1,-0.0718,0.1075,-0.2633,0.2933,0.0645,-7.42,5.84,0.11,0.181,0.023,1.051,8.37,0.00,-0.034,1,neutral,10.9,NEUTRAL,
63.893,1,1,-0.0705,0.1062,-0.2606,0.2901,0.0691,-8.45,2.74,2.31,0.184,0.014,0.986,8.42,0.00,-0.013,1,neutral,10.2,NEUTRAL,
63.944,1,1,-0.0703,0.1082,-0.2635,0.2934,0.0657,-7.82,2.37,2.20,0.195,0.015,0.964,8.47,0.00,-0.024,1,neutral,10.3,NEUTRAL,
63.991,1,1,-0.0699,0.1104,-0.2663,0.2967,0.0649,-7.62,2.22,2.00,0.187,0.022,1.075,8.51,0.00,-0.033,1,neutral,10.1,NEUTRAL,
64.038,1,1,-0.0696,0.1130,-0.2696,0.3005,0.0668,-7.32,1.02,1.39,0.191,0.057,1.377,8.56,0.00,-0.042,1,neutral,10.3,NEUTRAL,
64.086,1,1,-0.0692,0.1148,-0.2720,0.3032,0.0656,-6.78,1.64,1.41,0.187,0.064,1.446,8.61,0.00,-0.045,1,neutral,10.2,NEUTRAL,
64.134,1,1,-0.0690,0.1156,-0.2734,0.3047,0.0649,-6.94,1.14,1.27,0.183,0.062,1.273,8.66,0.00,-0.042,1,neutral,10.4,NEUTRAL,
64.181,1,1,-0.0690,0.1161,-0.2743,0.3058,0.0662,-7.39,2.41,1.30,0.183,0.057,1.107,8.71,0.00,-0.038,1,neutral,10.1,NEUTRAL,
64.247,1,1,-0.0695,0.1169,-0.2758,0.3075,0.0659,-7.23,2.41,1.73,0.176,0.089,1.331,8.77,0.00,-0.036,1,neutral,10.8,NEUTRAL,
64.293,1,1,-0.0702,0.1174,-0.2769,0.3088,0.0649,-8.53,2.62,1.47,0.167,0.104,1.227,8.82,0.00,-0.035,1,neutral,10.1,NEUTRAL,
64.343,1,1,-0.0693,0.1143,-0.2717,0.3028,0.0671,-8.26,2.06,1.67,0.167,0.084,1.493,8.87,0.00,-0.004,1,neutral,10.4,NEUTRAL,
64.388,1,0,-0.0693,0.1143,-0.2717,0.3028,,-7.71,3.29,1.89,0.175,0.061,1.387,8.91,0.00,-0.004,1,neutral,9.4,NEUTRAL,
64.438,1,1,-0.0702,0.1156,-0.2755,0.3069,0.0660,-7.88,2.89,1.24,0.173,0.061,1.405,8.96,0.00,-0.019,1,neutral,10.2,NEUTRAL,
64.487,1,1,-0.0704,0.1156,-0.2767,0.3080,0.0646,-7.82,2.46,1.43,0.172,0.062,1.140,9.01,0.00,-0.020,1,neutral,10.4,NEUTRAL,
64.536,1,1,-0.0704,0.1159,-0.2784,0.3097,0.0668,-7.47,2.52,1.58,0.179,0.061,1.047,9.06,0.00,-0.023,1,neutral,10.2,NEUTRAL,
64.581,1,1,-0.0698,0.1164,-0.2798,0.3110,0.0653,-7.96,2.93,1.42,0.168,0.045,1.237,9.11,0.00,-0.024,1,neutral,9.9,NEUTRAL,
64.630,1,1,-0.0686,0.1172,-0.2816,0.3126,0.0652,-7.49,3.16,1.61,0.168,0.044,1.219,9.15,0.00,-0.026,1,neutral,9.9,NEUTRAL,
64.679,1,1,-0.0674,0.1183,-0.2834,0.3144,0.0661,-7.60,2.21,2.23,0.166,0.032,1.155,9.20,0.00,-0.028,1,neutral,10.0,NEUTRAL,
64.726,1,1,-0.0665,0.1203,-0.2860,0.3173,0.0662,-7.73,1.37,1.72,0.160,0.026,1.011,9.25,0.00,-0.035,1,neutral,10.1,NEUTRAL,
64.773,1,1,-0.0651,0.1212,-0.2862,0.3176,0.0658,-8.10,0.32,2.28,0.172,0.056,1.443,9.30,0.00,-0.029,1,neutral,9.9,NEUTRAL,
64.822,1,1,-0.0642,0.1227,-0.2867,0.3184,0.0676,-8.21,0.73,2.49,0.170,0.045,1.730,9.35,0.00,-0.026,1,neutral,10.0,NEUTRAL,
64.870,1,1,-0.0638,0.1241,-0.2869,0.3191,0.0648,-8.97,-0.22,2.28,0.162,0.031,1.517,9.39,0.00,-0.024,1,neutral,10.0,NEUTRAL,
64.918,1,1,-0.0629,0.1241,-0.2843,0.3165,0.0643,-8.09,0.28,2.15,0.143,0.018,1.458,9.44,0.00,-0.008,1,neutral,10.2,NEUTRAL,
64.966,1,1,-0.0630,0.1251,-0.2833,0.3160,0.0664,-8.22,-0.38,2.16,0.130,0.009,1.209,9.49,0.00,-0.004,1,neutral,10.0,NEUTRAL,
65.014,1,1,-0.0634,0.1260,-0.2820,0.3153,0.0654,-8.60,-0.86,2.41,0.122,-0.000,1.005,9.54,0.00,-0.001,1,neutral,10.2,NEUTRAL,
65.063,1,1,-0.0641,0.1272,-0.2814,0.3154,0.0676,-9.57,-0.89,2.37,0.117,-0.007,0.830,9.59,0.00,-0.001,1,neutral,10.3,NEUTRAL,
65.111,1,1,-0.0648,0.1286,-0.2809,0.3157,0.0650,-8.82,-1.63,2.11,0.113,-0.013,0.673,9.63,0.00,-0.002,1,neutral,10.2,NEUTRAL,
65.156,1,1,-0.0651,0.1292,-0.2787,0.3140,0.0666,-9.01,-1.75,2.32,0.102,-0.022,0.681,9.68,0.00,0.006,1,neutral,10.0,NEUTRAL,
65.205,1,1,-0.0651,0.1296,-0.2767,0.3124,0.0664,-9.39,-1.78,2.30,0.105,-0.020,0.759,9.73,0.00,0.011,1,neutral,9.7,NEUTRAL,
65.253,1,1,-0.0651,0.1303,-0.2759,0.3120,0.0682,-9.45,-2.75,2.41,0.109,-0.023,0.667,9.78,0.00,0.010,1,neutral,10.3,NEUTRAL,
65.301,1,1,-0.0654,0.1314,-0.2762,0.3128,0.0659,-10.12,-2.88,2.16,0.112,-0.024,0.553,9.82,0.00,0.005,1,neutral,10.0,NEUTRAL,
65.350,1,1,-0.0655,0.1315,-0.2753,0.3120,0.0656,-9.93,-1.65,2.34,0.120,-0.023,0.537,9.87,0.00,0.007,1,neutral,9.9,NEUTRAL,
65.398,1,1,-0.0658,0.1316,-0.2746,0.3115,0.0654,-9.94,-1.87,2.18,0.119,-0.026,0.575,9.92,0.00,0.008,1,neutral,10.0,NEUTRAL,
65.461,1,1,-0.0662,0.1319,-0.2741,0.3113,0.0653,-9.75,-1.85,2.28,0.121,-0.025,0.522,9.98,0.00,0.007,1,neutral,9.9,NEUTRAL,
65.510,1,1,-0.0664,0.1320,-0.2734,0.3107,0.0685,-10.09,-1.14,2.04,0.124,-0.024,0.438,10.03,0.00,0.008,1,neutral,10.2,NEUTRAL,
65.562,1,1,-0.0666,0.1318,-0.2720,0.3095,0.0656,-9.13,-0.57,2.22,0.125,-0.025,0.380,10.09,0.00,0.011,1,neutral,10.0,NEUTRAL,
65.621,1,1,-0.0670,0.1313,-0.2697,0.3074,0.0677,-9.04,-0.34,1.99,0.119,-0.025,0.405,10.14,0.00,0.016,1,neutral,9.8,NEUTRAL,
65.671,1,1,-0.0675,0.1310,-0.2677,0.3056,0.0647,-9.31,-0.46,1.63,0.110,-0.028,0.401,10.19,0.00,0.020,1,neutral,10.2,NEUTRAL,
65.717,1,1,-0.0678,0.1302,-0.2648,0.3028,0.0662,-8.83,-0.96,1.94,0.108,-0.028,0.407,10.24,0.00,0.028,1,neutral,10.0,NEUTRAL,
65.766,1,1,-0.0683,0.1300,-0.2629,0.3012,0.0668,-9.66,-1.60,2.10,0.123,-0.024,0.603,10.29,0.00,0.029,1,neutral,10.3,NEUTRAL,
65.813,1,1,-0.0686,0.1298,-0.2608,0.2993,0.0667,-9.67,-2.34,2.08,0.132,-0.023,0.538,10.34,0.00,0.031,1,neutral,10.1,NEUTRAL,
65.862,1,1,-0.0686,0.1293,-0.2591,0.2975,0.0684,-9.74,-2.00,2.02,0.142,-0.018,0.524,10.39,0.00,0.032,1,neutral,10.3,NEUTRAL,
65.911,1,1,-0.0686,0.1290,-0.2581,0.2966,0.0651,-9.58,-1.76,1.87,0.158,-0.012,0.571,10.43,0.00,0.030,1,neutral,9.9,NEUTRAL,
65.956,1,1,-0.0685,0.1287,-0.2573,0.2958,0.0670,-9.68,-2.14,1.86,0.170,-0.008,0.471,10.48,0.00,0.027,1,neutral,10.4,NEUTRAL,
66.006,1,1,-0.0682,0.1284,-0.2568,0.2951,0.0671,-9.55,-1.24,1.55,0.166,-0.007,0.600,10.53,0.00,0.024,1,neutral,10.2,NEUTRAL,
66.055,1,1,-0.0680,0.1287,-0.2572,0.2955,0.0658,-9.87,-1.97,1.85,0.163,-0.007,0.493,10.58,0.00,0.018,1,neutral,10.2,NEUTRAL,
66.101,1,1,-0.0676,0.1292,-0.2575,0.2959,0.0651,-9.50,-2.75,1.44,0.168,-0.004,0.524,10.63,0.00,0.013,1,neutral,10.2,NEUTRAL,
66.150,1,1,-0.0674,0.1299,-0.2584,0.2970,0.0686,-9.75,-2.12,1.52,0.178,-0.002,0.528,10.67,0.00,0.006,1,neutral,10.3,NEUTRAL,
66.198,1,1,-0.0669,0.1306,-0.2594,0.2980,0.0659,-9.40,-2.80,1.77,0.175,-0.002,0.598,10.72,0.00,0.000,1,neutral,10.2,NEUTRAL,
66.262,1,1,-0.0672,0.1335,-0.2617,0.3014,0.0676,-9.36,-2.50,2.04,0.178,-0.003,0.536,10.79,0.00,-0.010,1,neutral,10.8,NEUTRAL,
66.309,1,1,-0.0677,0.1337,-0.2620,0.3019,0.0673,-9.93,-2.56,2.15,0.172,0.002,0.574,10.83,0.00,-0.010,1,neutral,10.2,NEUTRAL,
66.358,1,1,-0.0690,0.1342,-0.2630,0.3032,0.0694,-10.62,-2.63,2.68,0.176,-0.001,0.622,10.88,0.00,-0.014,1,neutral,10.3,NEUTRAL,
66.406,1,1,-0.0713,0.1361,-0.2659,0.3071,0.0701,-11.77,-3.74,3.39,0.182,-0.000,0.568,10.93,0.00,-0.027,1,neutral,10.3,NEUTRAL,
66.455,1,1,-0.0732,0.1367,-0.2672,0.3089,0.0662,-11.72,-3.59,4.11,0.184,0.003,0.502,10.98,0.00,-0.029,1,neutral,10.2,NEUTRAL,
66.501,1,1,-0.0745,0.1365,-0.2679,0.3098,0.0683,-11.71,-2.66,4.03,0.177,0.004,0.560,11.02,0.00,-0.027,1,neutral,10.0,NEUTRAL,
66.550,1,1,-0.0752,0.1364,-0.2688,0.3107,0.0644,-11.44,-2.42,3.72,0.174,0.003,0.514,11.07,0.00,-0.025,1,neutral,10.4,NEUTRAL,
66.598,1,1,-0.0757,0.1367,-0.2704,0.3123,0.0663,-11.71,-2.83,3.83,0.169,-0.000,0.495,11.12,0.00,-0.027,1,neutral,10.2,NEUTRAL,
66.662,1,1,-0.0764,0.1372,-0.2720,0.3141,0.0663,-11.84,-3.06,3.50,0.166,-0.002,0.424,11.19,0.00,-0.027,1,neutral,10.9,NEUTRAL,
66.710,1,1,-0.0774,0.1381,-0.2740,0.3165,0.0664,-11.86,-2.68,4.07,0.171,0.008,0.547,11.23,0.00,-0.032,1,neutral,10.0,NEUTRAL,
66.758,1,1,-0.0786,0.1395,-0.2766,0.3196,0.0685,-12.54,-4.12,4.17,0.179,0.010,0.544,11.28,0.00,-0.038,1,neutral,10.5,NEUTRAL,
66.805,1,1,-0.0795,0.1407,-0.2790,0.3224,0.0673,-12.45,-3.20,4.65,0.184,0.017,0.524,11.33,0.00,-0.043,1,neutral,10.1,NEUTRAL,
66.854,1,1,-0.0799,0.1412,-0.2800,0.3236,0.0696,-12.53,-3.84,4.36,0.179,0.011,0.655,11.38,0.00,-0.039,1,neutral,10.2,NEUTRAL,
66.902,1,1,-0.0802,0.1419,-0.2817,0.3255,0.0666,-12.28,-3.88,4.65,0.176,0.007,0.536,11.43,0.00,-0.039,1,neutral,10.2,NEUTRAL,
66.952,1,1,-0.0796,0.1419,-0.2821,0.3256,0.0657,-11.42,-3.10,4.11,0.171,0.005,0.478,11.48,0.00,-0.032,1,neutral,10.3,NEUTRAL,
66.998,1,1,-0.0792,0.1428,-0.2838,0.3274,0.0673,-11.06,-2.99,3.98,0.169,0.006,0.439,11.52,0.00,-0.033,1,neutral,10.1,NEUTRAL,
67.062,1,1,-0.0781,0.1429,-0.2839,0.3273,0.0651,-10.48,-3.14,3.15,0.162,0.004,0.426,11.59,0.00,-0.026,1,neutral,10.7,NEUTRAL,
67.110,1,1,-0.0774,0.1439,-0.2853,0.3287,0.0665,-10.53,-3.72,3.26,0.160,0.003,0.384,11.63,0.00,-0.027,1,neutral,9.9,NEUTRAL,
67.157,1,1,-0.0761,0.1442,-0.2860,0.3292,0.0658,-10.09,-2.99,3.22,0.165,0.002,0.421,11.68,0.00,-0.024,1,neutral,10.0,NEUTRAL,
67.206,1,1,-0.0746,0.1455,-0.2879,0.3311,0.0687,-8.66,-2.89,2.48,0.158,0.005,0.511,11.73,0.00,-0.027,1,neutral,10.1,NEUTRAL,
67.255,1,1,-0.0725,0.1463,-0.2886,0.3316,0.0645,-8.16,-2.99,2.58,0.153,0.001,0.498,11.78,0.00,-0.023,1,neutral,10.2,NEUTRAL,
67.301,1,1,-0.0706,0.1478,-0.2910,0.3339,0.0649,-8.06,-4.18,1.82,0.151,-0.002,0.417,11.82,0.00,-0.029,1,neutral,10.0,NEUTRAL,
67.350,1,1,-0.0686,0.1491,-0.2932,0.3360,0.0651,-7.51,-2.72,1.22,0.143,-0.003,0.425,11.87,0.00,-0.031,1,neutral,10.2,NEUTRAL,
67.398,1,1,-0.0667,0.1498,-0.2939,0.3366,0.0657,-6.56,-2.89,0.98,0.140,-0.004,0.381,11.92,0.00,-0.028,1,neutral,10.2,NEUTRAL,
67.446,1,1,-0.0655,0.1511,-0.2955,0.3383,0.0649,-6.83,-3.67,0.91,0.149,-0.005,0.485,11.97,0.00,-0.029,1,neutral,10.1,NEUTRAL,
67.493,1,1,-0.0651,0.1530,-0.2980,0.3413,0.0648,-7.23,-3.94,0.93,0.143,-0.003,0.596,12.02,0.00,-0.036,1,neutral,10.1,NEUTRAL,
67.542,1,1,-0.0646,0.1536,-0.2983,0.3417,0.0666,-6.76,-3.74,0.72,0.141,-0.006,0.548,12.07,0.00,-0.031,1,neutral,9.7,NEUTRAL,
67.590,1,1,-0.0650,0.1549,-0.2998,0.3437,0.0665,-7.15,-3.97,1.10,0.143,-0.003,0.556,12.11,0.00,-0.033,1,neutral,10.2,NEUTRAL,
67.638,1,1,-0.0661,0.1554,-0.3004,0.3446,0.0661,-7.63,-4.47,1.59,0.153,-0.003,0.567,12.16,0.00,-0.030,1,neutral,10.0,NEUTRAL,
67.702,1,1,-0.0683,0.1558,-0.3013,0.3460,0.0641,-9.67,-9.85,4.62,0.240,-0.011,1.467,12.23,0.00,-0.028,1,neutral,10.6,NEUTRAL,
67.750,1,0,-0.0683,0.1558,-0.3013,0.3460,,-10.53,-12.47,5.87,0.264,-0.014,1.891,12.27,0.00,-0.028,1,neutral,9.6,NEUTRAL,
67.797,1,0,-0.0683,0.1558,-0.3013,0.3460,,-10.29,-5.09,4.38,0.242,-0.014,2.180,12.32,0.00,-0.028,1,neutral,9.7,NEUTRAL,
67.848,1,1,-0.0699,0.1546,-0.3009,0.3454,0.0662,-9.52,-3.07,4.13,0.224,-0.013,1.782,12.37,0.00,-0.020,1,neutral,10.2,NEUTRAL,
67.894,1,1,-0.0712,0.1548,-0.3024,0.3471,0.0658,-8.78,-2.64,3.66,0.206,-0.011,1.495,12.42,0.00,-0.023,1,neutral,10.3,NEUTRAL,
67.944,1,1,-0.0714,0.1543,-0.3025,0.3470,0.0661,-8.47,-3.39,3.84,0.181,-0.014,1.403,12.47,0.00,-0.018,1,neutral,10.3,NEUTRAL,
67.991,1,1,-0.0715,0.1544,-0.3033,0.3478,0.0691,-8.82,-2.06,3.67,0.154,-0.018,1.258,12.51,0.00,-0.018,1,neutral,10.3,NEUTRAL,
68.037,1,1,-0.0716,0.1543,-0.3041,0.3484,0.0661,-9.17,-2.82,3.70,0.138,-0.017,1.094,12.56,0.00,-0.017,1,neutral,10.2,NEUTRAL,
68.086,1,1,-0.0717,0.1540,-0.3046,0.3487,0.0701,-9.95,-2.93,3.52,0.119,-0.026,1.063,12.61,0.00,-0.015,1,neutral,10.3,NEUTRAL,
68.134,1,1,-0.0714,0.1529,-0.3036,0.3473,0.0678,-9.64,-3.50,3.46,0.107,-0.029,0.915,12.66,0.00,-0.006,1,neutral,10.1,NEUTRAL,
68.182,1,1,-0.0715,0.1521,-0.3033,0.3467,0.0674,-10.08,-2.14,3.16,0.102,-0.031,0.799,12.71,0.00,-0.002,1,neutral,10.0,NEUTRAL,
68.230,1,1,-0.0714,0.1512,-0.3028,0.3459,0.0659,-10.52,-3.24,3.27,0.098,-0.032,0.657,12.75,0.00,0.001,1,neutral,10.2,NEUTRAL,
68.278,1,1,-0.0714,0.1507,-0.3029,0.3458,0.0695,-11.02,-2.27,3.44,0.098,-0.032,0.600,12.80,0.00,0.002,1,neutral,10.1,NEUTRAL,
68.326,1,1,-0.0711,0.1504,-0.3034,0.3460,0.0712,-11.67,-3.11,3.84,0.107,-0.029,0.626,12.85,0.00,0.001,1,neutral,10.3,NEUTRAL,
68.373,1,1,-0.0696,0.1500,-0.3033,0.3454,0.0697,-12.00,-2.74,3.81,0.116,-0.027,0.538,12.90,0.00,0.003,1,neutral,10.1,NEUTRAL,
68.422,1,1,-0.0672,0.1489,-0.3018,0.3432,0.0696,-11.14,-2.45,4.11,0.119,-0.026,0.495,12.95,0.00,0.011,1,neutral,10.2,NEUTRAL,
68.469,1,1,-0.0645,0.1476,-0.3000,0.3405,0.0666,-10.11,-2.03,4.31,0.116,-0.027,0.485,12.99,0.00,0.021,1,neutral,10.0,NEUTRAL,
68.518,1,1,-0.0622,0.1470,-0.2986,0.3386,0.0687,-10.31,-1.82,4.31,0.108,-0.030,0.492,13.04,0.00,0.024,1,neutral,10.2,NEUTRAL,
68.566,1,1,-0.0600,0.1469,-0.2979,0.3375,0.0693,-11.42,-2.90,5.05,0.114,-0.028,0.607,13.09,0.00,0.024,1,neutral,9.9,NEUTRAL,
68.614,1,1,-0.0582,0.1470,-0.2976,0.3370,0.0677,-11.65,-2.37,5.49,0.114,-0.029,0.563,13.14,0.00,0.021,1,neutral,10.4,NEUTRAL,
68.679,1,1,-0.0565,0.1468,-0.2971,0.3362,0.0694,-11.45,-1.22,6.11,0.107,-0.032,0.543,13.20,0.00,0.020,1,neutral,10.6,NEUTRAL,
68.726,1,1,-0.0555,0.1469,-0.2972,0.3361,0.0679,-11.56,-2.27,5.76,0.107,-0.032,0.531,13.25,0.00,0.016,1,neutral,10.2,NEUTRAL,
68.774,1,1,-0.0546,0.1462,-0.2967,0.3352,0.0660,-12.05,-1.96,5.95,0.104,-0.034,0.490,13.30,0.00,0.016,1,neutral,10.0,NEUTRAL,
68.821,1,1,-0.0539,0.1457,-0.2959,0.3342,0.0668,-12.02,-2.04,5.71,0.108,-0.032,0.523,13.34,0.00,0.018,1,neutral,10.2,NEUTRAL,
68.871,1,1,-0.0536,0.1462,-0.2972,0.3356,0.0652,-12.56,-2.21,5.61,0.104,-0.035,0.555,13.39,0.00,0.009,1,neutral,10.3,NEUTRAL,
68.918,1,1,-0.0529,0.1456,-0.2969,0.3349,0.0714,-10.60,-0.48,5.22,0.101,-0.037,0.449,13.44,0.00,0.010,1,neutral,10.1,NEUTRAL,
68.966,1,1,-0.0530,0.1453,-0.2976,0.3354,0.0720,-10.39,-1.10,4.80,0.100,-0.037,0.393,13.49,0.00,0.006,1,neutral,10.3,NEUTRAL,
69.014,1,1,-0.0526,0.1451,-0.2981,0.3357,0.0660,-9.85,0.01,4.84,0.107,-0.032,0.473,13.54,0.00,0.003,1,neutral,10.1,NEUTRAL,
69.078,1,1,-0.0521,0.1454,-0.2996,0.3370,0.0664,-10.11,-0.71,4.61,0.118,-0.027,0.446,13.60,0.00,-0.002,1,neutral,10.6,NEUTRAL,
69.127,1,1,-0.0513,0.1452,-0.3001,0.3373,0.0657,-9.35,0.01,4.16,0.123,-0.025,0.419,13.65,0.00,-0.002,1,neutral,10.2,NEUTRAL,
69.174,1,1,-0.0510,0.1459,-0.3016,0.3389,0.0670,-9.53,0.27,4.11,0.125,-0.022,0.364,13.70,0.00,-0.009,1,neutral,9.8,NEUTRAL,
69.222,1,1,-0.0516,0.1464,-0.3025,0.3400,0.0657,-8.40,0.07,3.55,0.132,-0.017,0.392,13.75,0.00,-0.011,1,neutral,10.2,NEUTRAL,
69.270,1,1,-0.0537,0.1469,-0.3026,0.3406,0.0687,-8.62,-0.88,3.46,0.140,-0.016,0.369,13.79,0.00,-0.012,1,neutral,10.3,NEUTRAL,
69.319,1,1,-0.0563,0.1461,-0.3000,0.3384,0.0680,-8.69,-1.18,3.20,0.155,-0.015,0.458,13.84,0.00,-0.000,1,neutral,10.2,NEUTRAL,
69.366,1,1,-0.0596,0.1459,-0.2983,0.3374,0.0672,-9.73,-1.32,3.06,0.153,-0.015,0.614,13.89,0.00,0.004,1,neutral,10.1,NEUTRAL,
69.414,1,1,-0.0629,0.1453,-0.2954,0.3351,0.0691,-10.11,-1.81,2.81,0.157,-0.014,0.593,13.94,0.00,0.013,1,neutral,10.2,NEUTRAL,
69.477,1,1,-0.0667,0.1453,-0.2932,0.3340,0.0674,-9.75,-1.81,2.67,0.169,-0.012,0.599,14.00,0.00,0.014,1,neutral,10.5,NEUTRAL,
69.526,1,1,-0.0709,0.1462,-0.2914,0.3336,0.0676,-10.24,-1.24,2.46,0.166,-0.012,0.697,14.05,0.00,0.012,1,neutral,10.3,NEUTRAL,
69.574,1,1,-0.0745,0.1461,-0.2874,0.3309,0.0694,-10.03,-2.72,2.40,0.165,-0.012,0.586,14.10,0.00,0.021,1,neutral,10.2,NEUTRAL,
69.622,1,1,-0.0783,0.1464,-0.2835,0.3286,0.0683,-11.08,-2.66,2.57,0.163,-0.013,0.489,14.15,0.00,0.027,1,neutral,10.2,NEUTRAL,
69.670,1,1,-0.0811,0.1467,-0.2795,0.3259,0.0695,-11.19,-3.04,2.58,0.169,-0.007,0.556,14.19,0.00,0.032,1,neutral,10.5,NEUTRAL,
69.718,1,1,-0.0825,0.1471,-0.2763,0.3237,0.0696,-11.27,-4.77,3.32,0.179,-0.007,0.550,14.24,0.00,0.035,1,neutral,10.0,NEUTRAL,
69.766,1,1,-0.0825,0.1470,-0.2733,0.3211,0.0692,-10.89,-4.28,3.29,0.182,-0.008,0.509,14.29,0.00,0.039,1,neutral,10.3,NEUTRAL,
69.814,1,1,-0.0823,0.1475,-0.2716,0.3198,0.0691,-10.48,-4.40,3.07,0.173,-0.010,0.604,14.34,0.00,0.037,1,neutral,10.2,NEUTRAL,
69.878,1,1,-0.0818,0.1477,-0.2698,0.3183,0.0682,-11.10,-4.89,3.28,0.170,-0.012,0.538,14.40,0.00,0.034,1,neutral,10.8,NEUTRAL,
69.927,1,1,-0.0814,0.1479,-0.2683,0.3170,0.0686,-10.73,-4.24,2.98,0.161,-0.015,0.547,14.45,0.00,0.032,1,neutral,10.2,NEUTRAL,
69.974,1,1,-0.0806,0.1487,-0.2673,0.3164,0.0686,-10.65,-5.61,3.73,0.166,-0.014,0.640,14.50,0.00,0.029,1,neutral,10.1,NEUTRAL,
70.023,1,1,-0.0799,0.1499,-0.2668,0.3163,0.0680,-10.87,-6.23,3.60,0.160,-0.018,0.684,14.55,0.00,0.023,1,neutral,10.0,NEUTRAL,
70.070,1,1,-0.0792,0.1515,-0.2661,0.3163,0.0679,-10.40,-6.49,3.53,0.175,-0.016,0.889,14.59,0.00,0.019,1,neutral,10.0,NEUTRAL,
70.119,1,1,-0.0779,0.1540,-0.2660,0.3171,0.0672,-9.84,-7.87,4.01,0.173,-0.018,0.944,14.64,0.00,0.012,1,neutral,10.1,NEUTRAL,
70.165,1,1,-0.0757,0.1556,-0.2646,0.3162,0.0651,-7.77,-7.27,3.39,0.169,-0.017,0.797,14.69,0.00,0.013,1,neutral,10.2,NEUTRAL,
70.214,1,1,-0.0730,0.1574,-0.2629,0.3150,0.0648,-5.46,-7.97,2.81,0.168,-0.017,0.657,14.74,0.00,0.016,1,neutral,10.3,NEUTRAL,
70.277,1,1,-0.0702,0.1605,-0.2626,0.3157,0.0653,-3.97,-10.49,2.77,0.169,-0.017,0.555,14.80,0.00,0.010,1,neutral,9.8,NEUTRAL,
70.326,1,1,-0.0663,0.1624,-0.2609,0.3144,0.0664,-1.70,-11.52,2.05,0.178,-0.013,0.587,14.85,0.00,0.013,1,neutral,10.2,NEUTRAL,
70.376,1,1,-0.0617,0.1641,-0.2590,0.3127,0.0664,0.28,-12.92,1.67,0.180,-0.011,0.543,14.90,0.00,0.018,1,neutral,10.2,NEUTRAL,
70.421,1,1,-0.0565,0.1664,-0.2583,0.3124,0.0657,2.49,-14.23,0.64,0.201,-0.012,0.772,14.95,0.00,0.015,1,neutral,10.1,NEUTRAL,
70.470,1,1,-0.0509,0.1692,-0.2582,0.3129,0.0659,4.04,-16.28,0.07,0.218,-0.004,0.754,14.99,0.00,0.010,1,neutral,10.0,NEUTRAL,
70.519,1,1,-0.0453,0.1714,-0.2584,0.3134,0.0651,6.52,-18.09,-1.45,0.230,-0.005,0.711,15.04,0.00,0.006,1,neutral,10.2,NEUTRAL,
70.566,1,1,-0.0396,0.1725,-0.2579,0.3128,0.0649,8.99,-17.68,-3.04,0.249,0.000,0.763,15.09,0.00,0.007,1,neutral,10.1,NEUTRAL,
70.614,1,1,-0.0342,0.1727,-0.2574,0.3118,0.0649,10.72,-16.36,-3.49,0.275,0.002,0.806,15.14,0.00,0.010,1,neutral,10.2,NEUTRAL,
70.663,1,1,-0.0296,0.1726,-0.2572,0.3112,0.0645,11.23,-15.62,-4.07,0.293,0.004,0.669,15.19,0.00,0.011,1,neutral,10.1,NEUTRAL,
70.710,1,1,-0.0258,0.1729,-0.2579,0.3116,0.0640,12.64,-16.57,-4.60,0.306,0.009,0.601,15.23,0.00,0.007,1,neutral,10.0,NEUTRAL,
70.756,1,1,-0.0224,0.1733,-0.2591,0.3125,0.0634,12.48,-14.35,-4.58,0.305,0.016,0.676,15.28,0.00,0.002,1,neutral,9.9,NEUTRAL,
70.806,1,1,-0.0195,0.1734,-0.2603,0.3134,0.0639,12.93,-15.23,-4.42,0.307,0.023,0.580,15.33,0.00,-0.003,1,neutral,10.2,NEUTRAL,
70.854,1,1,-0.0167,0.1738,-0.2622,0.3150,0.0645,13.33,-15.22,-4.86,0.302,0.019,0.651,15.38,0.00,-0.009,1,neutral,10.1,NEUTRAL,
70.903,1,1,-0.0139,0.1733,-0.2636,0.3157,0.0639,13.63,-13.53,-4.55,0.295,0.012,0.601,15.43,0.00,-0.010,1,neutral,10.2,NEUTRAL,
70.951,1,1,-0.0108,0.1735,-0.2664,0.3181,0.0645,13.54,-12.29,-4.03,0.282,0.008,0.618,15.47,0.00,-0.018,1,neutral,10.3,NEUTRAL,
70.997,1,1,-0.0072,0.1733,-0.2688,0.3199,0.0640,13.28,-12.35,-3.41,0.260,0.009,0.715,15.52,0.00,-0.022,1,neutral,10.0,NEUTRAL,
71.047,1,1,-0.0031,0.1728,-0.2715,0.3218,0.0637,13.11,-11.85,-2.56,0.245,0.004,0.666,15.57,0.00,-0.025,1,neutral,10.1,NEUTRAL,
71.093,1,1,0.0005,0.1730,-0.2748,0.3247,0.0643,13.51,-10.61,-2.23,0.244,0.002,0.699,15.62,0.00,-0.033,1,neutral,10.2,NEUTRAL,
71.144,1,1,0.0033,0.1722,-0.2768,0.3260,0.0629,14.00,-10.74,-2.45,0.241,-0.001,0.591,15.67,0.00,-0.031,1,neutral,10.3,NEUTRAL,
71.189,1,1,0.0053,0.1722,-0.2796,0.3285,0.0635,13.42,-9.24,-2.22,0.226,-0.000,0.716,15.71,0.00,-0.036,1,neutral,10.0,NEUTRAL,
71.238,1,1,0.0066,0.1718,-0.2815,0.3298,0.0637,13.26,-8.14,-2.29,0.227,-0.001,0.783,15.76,0.00,-0.034,1,neutral,10.1,NEUTRAL,
71.285,1,1,0.0069,0.1717,-0.2832,0.3312,0.0631,12.62,-9.75,-2.38,0.213,-0.003,0.873,15.81,0.00,-0.033,1,neutral,10.1,NEUTRAL,
71.335,1,1,0.0062,0.1709,-0.2837,0.3312,0.0636,10.77,-8.63,-1.41,0.198,-0.002,0.776,15.86,0.00,-0.027,1,neutral,10.1,NEUTRAL,
71.383,1,1,0.0040,0.1714,-0.2861,0.3335,0.0644,8.46,-7.80,-1.06,0.184,-0.001,0.674,15.91,0.00,-0.031,1,neutral,10.1,NEUTRAL,
71.431,1,1,0.0007,0.1726,-0.2891,0.3367,0.0640,6.30,-7.11,-1.13,0.164,0.005,0.740,15.95,0.00,-0.038,1,neutral,9.9,NEUTRAL,
71.495,1,1,-0.0030,0.1730,-0.2910,0.3386,0.0647,4.69,-6.74,-0.51,0.149,0.003,0.680,16.02,0.00,-0.036,1,neutral,10.2,NEUTRAL,
71.542,1,1,-0.0071,0.1737,-0.2934,0.3411,0.0639,2.30,-6.92,0.28,0.139,0.002,0.567,16.07,0.00,-0.040,1,neutral,10.0,NEUTRAL,
71.588,1,1,-0.0111,0.1740,-0.2950,0.3427,0.0640,0.95,-7.82,0.88,0.136,-0.001,0.536,16.11,0.00,-0.039,1,neutral,10.2,NEUTRAL,
71.638,1,1,-0.0148,0.1749,-0.2968,0.3448,0.0658,-0.67,-6.81,1.17,0.128,-0.004,0.510,16.16,0.00,-0.040,1,neutral,10.1,NEUTRAL,
71.686,1,1,-0.0180,0.1749,-0.2977,0.3457,0.0643,-2.67,-6.90,1.71,0.128,-0.003,0.500,16.21,0.00,-0.035,1,neutral,10.1,NEUTRAL,
71.734,1,1,-0.0210,0.1762,-0.3007,0.3492,0.0655,-4.29,-5.38,2.09,0.122,-0.005,0.489,16.26,0.00,-0.043,1,neutral,10.0,NEUTRAL,
71.782,1,1,-0.0238,0.1765,-0.3025,0.3511,0.0649,-6.82,-6.48,3.27,0.117,-0.008,0.412,16.31,0.00,-0.042,1,neutral,10.1,NEUTRAL,
71.830,1,1,-0.0268,0.1781,-0.3066,0.3556,0.0676,-9.78,-8.40,4.25,0.120,-0.006,0.443,16.35,0.00,-0.052,1,neutral,10.2,NEUTRAL,
71.894,1,1,-0.0289,0.1795,-0.3100,0.3594,0.0722,-11.33,-8.65,4.34,0.117,-0.012,0.454,16.42,0.00,-0.054,1,neutral,10.7,NEUTRAL,
71.940,1,1,-0.0297,0.1803,-0.3121,0.3616,0.0681,-11.87,-8.74,4.46,0.123,-0.011,0.541,16.46,0.00,-0.053,1,neutral,9.8,NEUTRAL,
71.990,1,1,-0.0295,0.1810,-0.3140,0.3636,0.0646,-12.00,-8.91,4.18,0.126,-0.012,0.473,16.51,0.00,-0.050,1,neutral,10.2,NEUTRAL,
72.039,1,1,-0.0283,0.1808,-0.3142,0.3636,0.0682,-12.02,-9.09,4.25,0.129,-0.012,0.386,16.56,0.00,-0.040,1,neutral,10.1,NEUTRAL,
72.085,1,1,-0.0267,0.1795,-0.3127,0.3615,0.0669,-12.00,-8.99,3.85,0.124,-0.014,0.431,16.61,0.00,-0.023,1,neutral,10.1,NEUTRAL,
72.134,1,1,-0.0251,0.1792,-0.3118,0.3605,0.0672,-12.59,-10.54,4.48,0.127,-0.016,0.449,16.66,0.00,-0.014,1,neutral,10.0,NEUTRAL,
72.182,1,1,-0.0236,0.1779,-0.3091,0.3574,0.0698,-12.43,-10.19,4.39,0.142,-0.015,0.578,16.71,0.00,0.001,1,neutral,10.2,NEUTRAL,
72.230,1,1,-0.0223,0.1765,-0.3059,0.3539,0.0652,-12.98,-8.04,4.42,0.137,-0.015,0.734,16.75,0.00,0.016,1,neutral,10.0,NEUTRAL,
72.294,1,1,-0.0217,0.1763,-0.3037,0.3518,0.0699,-13.79,-9.83,4.59,0.141,-0.014,0.691,16.82,0.00,0.019,1,neutral,10.6,NEUTRAL,
72.342,1,1,-0.0220,0.1756,-0.3004,0.3487,0.0679,-14.89,-10.24,5.13,0.145,-0.010,0.618,16.87,0.00,0.028,1,neutral,10.2,NEUTRAL,
72.390,1,1,-0.0234,0.1738,-0.2954,0.3435,0.0687,-17.44,-11.29,6.75,0.157,-0.004,0.664,16.91,0.00,0.045,1,neutral,10.4,NEUTRAL,
72.438,1,1,-0.0259,0.1712,-0.2888,0.3368,0.0692,-19.53,-11.20,8.51,0.167,-0.005,0.623,16.96,0.00,0.064,1,neutral,10.0,NEUTRAL,
72.486,1,1,-0.0288,0.1673,-0.2807,0.3280,0.0648,-20.42,-9.97,8.77,0.173,-0.006,0.528,17.01,0.00,0.087,1,neutral,10.3,NEUTRAL,
72.534,1,1,-0.0322,0.1640,-0.2739,0.3209,0.0661,-21.34,-10.06,9.55,0.176,-0.005,0.455,17.06,0.00,0.100,1,neutral,10.2,NEUTRAL,
72.582,1,1,-0.0356,0.1610,-0.2679,0.3146,0.0657,-21.65,-9.06,10.08,0.191,-0.001,0.599,17.11,0.00,0.106,1,neutral,10.2,NEUTRAL,
72.630,1,1,-0.0387,0.1578,-0.2627,0.3089,0.0697,-22.05,-8.40,9.81,0.197,-0.001,0.601,17.15,0.00,0.109,1,neutral,10.0,NEUTRAL,
72.694,1,1,-0.0405,0.1528,-0.2556,0.3005,0.0699,-20.55,-6.80,9.59,0.186,-0.007,0.676,17.22,0.00,0.113,1,neutral,10.6,NEUTRAL,
72.742,1,1,-0.0424,0.1493,-0.2503,0.2945,0.0690,-20.84,-6.65,9.62,0.188,-0.007,0.722,17.27,0.00,0.115,1,neutral,10.4,NEUTRAL,
72.790,1,1,-0.0440,0.1455,-0.2450,0.2884,0.0678,-20.36,-6.49,9.73,0.184,-0.010,0.686,17.31,0.00,0.118,1,neutral,10.1,NEUTRAL,
72.839,1,1,-0.0464,0.1433,-0.2413,0.2845,0.0597,-21.91,-6.94,9.73,0.194,-0.006,0.778,17.36,0.00,0.110,1,neutral,10.3,NEUTRAL,
72.886,1,1,-0.0484,0.1411,-0.2378,0.2807,0.0647,-22.30,-6.17,9.94,0.199,-0.004,0.652,17.41,0.00,0.104,1,neutral,10.1,NEUTRAL,
72.934,1,1,-0.0502,0.1394,-0.2352,0.2780,0.0620,-22.52,-6.89,9.99,0.200,-0.005,0.595,17.46,0.00,0.095,1,neutral,10.3,NEUTRAL,
72.983,1,1,-0.0513,0.1367,-0.2324,0.2744,0.0655,-22.75,-4.06,9.32,0.208,-0.004,0.605,17.51,0.00,0.091,1,neutral,10.4,NEUTRAL,
73.031,1,1,-0.0524,0.1343,-0.2314,0.2726,0.0652,-23.19,-2.05,9.17,0.209,-0.005,0.579,17.55,0.00,0.080,1,neutral,10.3,NEUTRAL,
73.094,1,1,-0.0527,0.1304,-0.2296,0.2692,0.0673,-22.60,0.01,8.92,0.193,-0.011,0.685,17.62,0.00,0.075,1,neutral,10.8,NEUTRAL,
73.140,1,1,-0.0531,0.1266,-0.2286,0.2667,0.0729,-23.39,1.84,9.16,0.187,-0.015,0.663,17.66,0.00,0.071,1,neutral,10.3,NEUTRAL,
73.190,1,1,-0.0544,0.1246,-0.2299,0.2671,0.0709,-23.79,2.19,9.86,0.178,-0.020,0.620,17.71,0.00,0.055,1,neutral,10.3,NEUTRAL,
73.239,1,1,-0.0552,0.1221,-0.2300,0.2662,0.0695,-23.19,2.85,9.81,0.166,-0.022,0.584,17.76,0.00,0.048,1,neutral,10.3,NEUTRAL,
73.286,1,1,-0.0557,0.1194,-0.2292,0.2644,0.0699,-24.74,2.72,10.13,0.158,-0.026,0.533,17.81,0.00,0.046,1,neutral,10.2,NEUTRAL,
73.334,1,1,-0.0562,0.1173,-0.2289,0.2633,0.0666,-24.01,3.85,9.63,0.145,-0.032,0.563,17.86,0.00,0.041,1,neutral,10.4,NEUTRAL,
73.381,1,1,-0.0569,0.1162,-0.2297,0.2636,0.0627,-25.28,2.96,9.87,0.142,-0.034,0.580,0.00,0.00,0.032,0,neutral,10.7,NEUTRAL,
73.430,1,1,-0.0579,0.1157,-0.2310,0.2648,0.0667,-25.46,3.49,9.75,0.144,-0.033,0.540,0.00,0.00,0.020,0,neutral,10.4,NEUTRAL,
73.494,1,1,-0.0588,0.1150,-0.2318,0.2653,0.0647,-24.72,4.07,9.86,0.134,-0.036,0.586,0.06,0.00,0.015,1,neutral,10.8,NEUTRAL,
73.541,1,1,-0.0600,0.1148,-0.2330,0.2666,0.0672,-26.04,3.69,10.50,0.127,-0.043,0.550,0.00,0.00,0.006,0,neutral,10.3,NEUTRAL,
73.590,1,1,-0.0613,0.1148,-0.2339,0.2677,0.0730,-26.21,4.63,10.31,0.124,-0.045,0.485,0.00,0.00,0.001,0,neutral,10.2,NEUTRAL,
73.638,1,1,-0.0620,0.1141,-0.2331,0.2668,0.0636,-26.76,2.85,10.53,0.123,-0.046,0.438,0.00,0.00,0.004,0,neutral,10.2,NEUTRAL,
73.686,1,1,-0.0629,0.1142,-0.2332,0.2672,0.0633,-26.02,2.63,10.26,0.117,-0.050,0.483,0.00,0.00,0.002,0,neutral,10.5,NEUTRAL,
73.735,1,1,-0.0638,0.1141,-0.2331,0.2673,0.0637,-26.71,2.39,10.66,0.109,-0.052,0.432,0.00,0.00,0.001,0,neutral,10.3,NEUTRAL,
73.782,1,1,-0.0648,0.1151,-0.2340,0.2687,0.0618,-26.73,1.47,10.30,0.108,-0.055,0.419,0.00,0.00,-0.005,0,neutral,10.3,NEUTRAL,
73.830,1,1,-0.0655,0.1152,-0.2339,0.2688,0.0648,-27.18,2.09,11.02,0.117,-0.051,0.528,0.00,0.00,-0.005,0,neutral,10.3,NEUTRAL,
73.879,1,1,-0.0662,0.1155,-0.2343,0.2695,0.0689,-26.95,2.62,10.86,0.112,-0.055,0.649,0.00,0.00,-0.007,0,neutral,10.3,NEUTRAL,
73.926,1,1,-0.0671,0.1160,-0.2351,0.2706,0.0634,-27.39,2.30,10.80,0.106,-0.059,0.556,0.00,0.00,-0.010,0,neutral,10.0,NEUTRAL,
73.973,1,1,-0.0676,0.1164,-0.2352,0.2710,0.0625,-27.81,2.18,11.06,0.110,-0.056,0.614,0.00,0.00,-0.009,0,neutral,10.1,NEUTRAL,
74.023,1,1,-0.0679,0.1162,-0.2350,0.2708,0.0635,-27.47,2.12,11.35,0.110,-0.055,0.542,0.00,0.00,-0.007,0,neutral,10.3,NEUTRAL,
74.070,1,1,-0.0685,0.1166,-0.2356,0.2717,0.0607,-27.75,0.91,11.74,0.122,-0.050,0.651,0.00,0.00,-0.009,0,neutral,10.2,NEUTRAL,
74.119,1,1,-0.0681,0.1159,-0.2344,0.2702,0.0632,-26.56,1.69,11.36,0.119,-0.050,0.737,0.00,0.00,-0.001,0,neutral,10.6,NEUTRAL,
74.166,1,1,-0.0686,0.1164,-0.2354,0.2714,0.0638,-27.44,1.85,11.41,0.121,-0.048,0.681,0.00,0.00,-0.006,0,neutral,10.1,NEUTRAL,
74.214,1,1,-0.0694,0.1174,-0.2369,0.2733,0.0589,-27.62,1.90,11.42,0.140,-0.042,0.833,0.00,0.00,-0.013,0,neutral,10.2,NEUTRAL,
74.262,1,1,-0.0696,0.1173,-0.2369,0.2734,0.0687,-27.51,1.82,11.55,0.138,-0.043,0.940,0.00,0.00,-0.010,0,neutral,10.3,NEUTRAL,
74.311,1,1,-0.0699,0.1174,-0.2369,0.2735,0.0673,-27.35,1.63,11.49,0.138,-0.043,0.786,0.00,0.00,-0.009,0,neutral,10.1,NEUTRAL,
74.358,1,1,-0.0701,0.1174,-0.2369,0.2735,0.0688,-27.26,2.27,11.53,0.132,-0.049,0.784,0.00,0.00,-0.007,0,neutral,10.3,NEUTRAL,
74.406,1,1,-0.0707,0.1179,-0.2378,0.2747,0.0604,-27.86,1.85,11.28,0.145,-0.041,0.990,0.00,0.00,-0.011,0,neutral,10.2,NEUTRAL,
74.454,1,1,-0.0709,0.1180,-0.2379,0.2749,0.0639,-27.48,1.43,11.05,0.153,-0.037,0.826,0.00,0.00,-0.009,0,neutral,10.7,NEUTRAL,
74.501,1,1,-0.0713,0.1184,-0.2383,0.2755,0.0633,-27.48,1.92,10.92,0.163,-0.033,0.723,0.00,0.00,-0.010,0,neutral,10.3,NEUTRAL,
74.550,1,1,-0.0711,0.1182,-0.2377,0.2749,0.0631,-27.35,2.29,11.21,0.161,-0.033,0.731,0.00,0.00,-0.006,0,neutral,10.3,NEUTRAL,
74.598,1,1,-0.0708,0.1178,-0.2371,0.2740,0.0750,-26.94,1.69,11.55,0.164,-0.033,0.656,0.00,0.00,-0.001,0,neutral,10.2,NEUTRAL,
74.647,1,1,-0.0702,0.1172,-0.2358,0.2725,0.0655,-26.81,1.68,11.38,0.182,-0.028,0.798,0.00,0.00,0.005,0,neutral,10.4,NEUTRAL,
74.710,1,1,-0.0697,0.1169,-0.2350,0.2715,0.0705,-26.64,1.54,11.46,0.181,-0.029,0.840,0.00,0.00,0.007,0,neutral,10.9,NEUTRAL,
74.756,1,1,-0.0696,0.1171,-0.2346,0.2713,0.0643,-26.51,0.54,11.27,0.185,-0.026,0.782,0.00,0.00,0.007,0,neutral,10.0,NEUTRAL,
74.807,1,1,-0.0699,0.1180,-0.2356,0.2726,0.0633,-27.16,0.43,11.53,0.201,-0.022,0.821,0.00,0.00,0.000,0,neutral,10.4,NEUTRAL,
74.854,1,1,-0.0699,0.1189,-0.2365,0.2738,0.0658,-25.89,0.35,11.42,0.207,-0.019,0.748,0.00,0.00,-0.005,0,neutral,10.0,NEUTRAL,
74.902,1,1,-0.0696,0.1189,-0.2361,0.2734,0.0657,-26.87,0.42,11.86,0.213,-0.018,0.633,0.00,0.00,-0.002,0,neutral,10.4,NEUTRAL,
74.951,1,1,-0.0696,0.1189,-0.2361,0.2734,0.0650,-26.66,1.46,11.17,0.212,-0.018,0.606,0.00,0.00,-0.002,0,neutral,10.4,NEUTRAL,
74.998,1,1,-0.0691,0.1185,-0.2354,0.2724,0.0664,-26.37,1.67,11.22,0.210,-0.016,0.509,0.00,0.00,0.003,0,neutral,10.1,NEUTRAL,
75.047,1,1,-0.0684,0.1178,-0.2341,0.2709,0.0659,-26.39,0.64,11.42,0.210,-0.016,0.432,0.00,0.00,0.009,0,neutral,10.2,NOTICING,17
75.111,1,1,-0.0684,0.1184,-0.2346,0.2715,0.0649,-26.29,1.42,11.25,0.214,-0.011,0.437,0.00,0.00,0.005,0,neutral,10.8,NOTICING,
75.158,1,1,-0.0682,0.1180,-0.2339,0.2708,0.0658,-26.56,0.59,11.73,0.219,-0.011,0.424,0.00,0.00,0.007,0,neutral,10.2,NOTICING,
75.205,1,1,-0.0681,0.1181,-0.2340,0.2708,0.0687,-25.90,1.73,11.28,0.213,-0.008,0.512,0.00,0.00,0.005,0,neutral,10.3,NOTICING,
75.254,1,1,-0.0682,0.1186,-0.2345,0.2715,0.0622,-26.88,0.36,11.12,0.219,-0.008,0.590,0.00,0.00,0.002,0,neutral,10.5,NOTICING,
75.301,1,1,-0.0680,0.1184,-0.2341,0.2711,0.0648,-26.58,-0.33,11.81,0.220,-0.008,0.540,0.00,0.00,0.003,0,neutral,10.3,NOTICING,
75.350,1,1,-0.0680,0.1181,-0.2340,0.2708,0.0667,-27.04,0.49,11.64,0.219,-0.006,0.474,0.00,0.00,0.003,0,neutral,10.2,NOTICING,
75.398,1,1,-0.0679,0.1179,-0.2337,0.2704,0.0674,-26.63,0.63,11.50,0.223,-0.005,0.451,0.00,0.00,0.004,0,neutral,10.1,NOTICING,
75.446,1,1,-0.0678,0.1179,-0.2338,0.2705,0.0652,-26.16,1.00,11.38,0.223,-0.006,0.430,0.00,0.00,0.003,0,neutral,10.2,NOTICING,
75.511,1,1,-0.0679,0.1183,-0.2344,0.2712,0.0653,-26.54,1.15,11.54,0.218,-0.006,0.401,0.00,0.00,0.001,0,neutral,10.8,NOTICING,
75.558,1,1,-0.0683,0.1190,-0.2351,0.2722,0.0652,-26.57,0.50,11.02,0.225,-0.006,0.498,0.00,0.00,-0.004,0,neutral,10.2,NOTICING,
75.606,1,1,-0.0684,0.1192,-0.2355,0.2726,0.0654,-26.85,0.37,12.03,0.211,-0.009,0.738,0.00,0.00,-0.005,0,neutral,10.2,NOTICING,
75.654,1,1,-0.0679,0.1184,-0.2344,0.2712,0.0681,-25.90,2.11,10.96,0.202,-0.010,0.636,0.00,0.00,0.002,0,neutral,10.3,NOTICING,
75.701,1,1,-0.0680,0.1187,-0.2348,0.2718,0.0628,-26.05,0.84,11.81,0.187,-0.012,0.666,0.00,0.00,-0.001,0,neutral,10.0,NOTICING,
75.750,1,1,-0.0687,0.1197,-0.2364,0.2737,0.0646,-27.08,1.57,11.33,0.183,-0.014,0.670,0.00,0.00,-0.009,0,neutral,10.5,NOTICING,
75.798,1,1,-0.0686,0.1195,-0.2361,0.2733,0.0672,-26.30,1.50,11.34,0.176,-0.018,0.631,0.00,0.00,-0.005,0,neutral,10.2,NOTICING,
75.846,1,1,-0.0688,0.1198,-0.2364,0.2738,0.0711,-26.55,1.34,11.35,0.174,-0.021,0.560,0.00,0.00,-0.006,0,neutral,10.5,NOTICING,
75.910,1,1,-0.0689,0.1200,-0.2368,0.2743,0.0653,-26.43,1.10,11.48,0.168,-0.023,0.497,0.00,0.00,-0.006,0,neutral,10.8,NOTICING,
75.956,1,1,-0.0689,0.1204,-0.2371,0.2747,0.0711,-25.93,1.28,11.55,0.166,-0.026,0.436,0.00,0.00,-0.007,0,neutral,10.2,NOTICING,
76.006,1,1,-0.0686,0.1200,-0.2367,0.2741,0.0683,-25.89,1.63,10.86,0.164,-0.027,0.384,0.00,0.00,-0.003,0,neutral,10.2,NOTICING,
76.055,1,1,-0.0684,0.1201,-0.2368,0.2742,0.0711,-25.87,0.80,11.26,0.161,-0.028,0.335,0.00,0.00,-0.003,0,neutral,10.3,NOTICING,
76.102,1,1,-0.0686,0.1208,-0.2377,0.2753,0.0657,-26.12,1.21,11.14,0.160,-0.027,0.304,0.00,0.00,-0.007,0,neutral,10.1,NOTICING,
76.150,1,1,-0.0679,0.1199,-0.2365,0.2737,0.0722,-25.35,1.20,10.99,0.158,-0.028,0.279,0.00,0.00,0.001,0,neutral,10.3,NOTICING,
76.198,1,1,-0.0671,0.1189,-0.2349,0.2717,0.0630,-25.68,0.34,10.76,0.187,-0.017,0.764,0.00,0.00,0.009,0,neutral,10.4,NOTICING,
76.247,1,1,-0.0663,0.1179,-0.2335,0.2698,0.0637,-24.39,0.85,10.39,0.210,-0.011,0.655,0.05,0.00,0.015,1,neutral,10.6,NOTICING,
76.310,1,1,-0.0651,0.1170,-0.2320,0.2679,0.0634,-23.89,0.96,10.12,0.230,-0.000,0.610,0.11,0.00,0.018,1,neutral,10.7,NOTICING,
76.356,1,1,-0.0637,0.1166,-0.2310,0.2665,0.0662,-22.79,-0.13,9.99,0.247,-0.000,0.629,0.16,0.00,0.021,1,neutral,10.2,NOTICING,
76.406,1,1,-0.0619,0.1162,-0.2299,0.2649,0.0708,-21.64,-0.33,9.99,0.258,0.004,0.580,0.21,0.00,0.023,1,neutral,10.3,NOTICING,
76.453,1,1,-0.0591,0.1164,-0.2296,0.2641,0.0678,-18.04,0.69,8.95,0.251,0.001,0.761,0.26,0.00,0.022,1,neutral,10.2,NOTICING,
76.502,1,1,-0.0557,0.1167,-0.2292,0.2631,0.0659,-14.73,2.13,8.92,0.237,-0.001,0.733,0.30,0.00,0.021,1,neutral,10.1,NOTICING,
76.549,1,1,-0.0512,0.1161,-0.2273,0.2603,0.0664,-10.69,2.31,8.58,0.226,-0.005,0.618,0.35,0.00,0.029,1,neutral,10.0,NOTICING,
76.598,1,1,-0.0467,0.1164,-0.2268,0.2592,0.0647,-7.95,2.05,7.91,0.208,-0.006,0.663,0.40,0.00,0.028,1,neutral,10.3,NOTICING,
76.646,1,1,-0.0422,0.1174,-0.2270,0.2590,0.0670,-5.32,1.92,7.67,0.199,-0.008,0.616,0.45,0.00,0.023,1,neutral,10.0,NOTICING,
76.695,1,1,-0.0376,0.1184,-0.2271,0.2588,0.0650,-3.23,1.86,7.35,0.178,-0.013,0.749,0.50,0.00,0.019,1,neutral,10.0,NOTICING,
76.742,1,1,-0.0333,0.1186,-0.2259,0.2573,0.0631,-0.35,1.38,7.66,0.158,-0.018,0.661,0.54,0.00,0.022,1,neutral,10.0,NOTICING,
76.789,1,1,-0.0293,0.1195,-0.2258,0.2572,0.0627,2.34,0.56,7.13,0.148,-0.019,0.635,0.59,0.00,0.018,1,neutral,9.9,NOTICING,
76.839,1,1,-0.0255,0.1199,-0.2251,0.2563,0.0647,4.83,-0.74,5.56,0.143,-0.017,0.551,0.64,0.00,0.018,1,neutral,10.3,NOTICING,
76.886,1,1,-0.0224,0.1198,-0.2240,0.2550,0.0701,5.69,-1.76,6.87,0.144,-0.013,0.551,0.69,0.00,0.020,1,neutral,10.1,NOTICING,
76.934,1,1,-0.0198,0.1192,-0.2221,0.2529,0.0684,5.92,-2.07,7.29,0.151,-0.008,0.534,0.74,0.00,0.025,1,neutral,10.2,NOTICING,
76.982,1,1,-0.0178,0.1184,-0.2204,0.2508,0.0647,6.41,-2.57,6.68,0.149,-0.008,0.552,0.78,0.00,0.028,1,neutral,10.5,NOTICING,
77.030,1,1,-0.0163,0.1180,-0.2194,0.2496,0.0647,6.29,-2.64,7.59,0.154,-0.009,0.552,0.83,0.00,0.028,1,neutral,10.2,NOTICING,
77.078,1,1,-0.0148,0.1167,-0.2174,0.2472,0.0643,6.25,-1.97,7.38,0.166,-0.008,0.594,0.88,0.00,0.032,1,neutral,10.5,NOTICING,
77.126,1,1,-0.0135,0.1157,-0.2159,0.2453,0.0652,7.81,-1.44,7.88,0.165,-0.009,0.670,0.93,0.00,0.033,1,neutral,10.3,NOTICING,
77.174,1,1,-0.0123,0.1152,-0.2150,0.2442,0.0646,7.46,-0.45,7.94,0.147,-0.019,0.839,0.98,0.00,0.031,1,neutral,10.3,NOTICING,
77.221,1,1,-0.0110,0.1148,-0.2142,0.2432,0.0631,6.39,0.30,7.12,0.146,-0.020,0.899,1.02,0.00,0.029,1,neutral,10.0,NOTICING,
77.270,1,1,-0.0100,0.1150,-0.2144,0.2435,0.0632,5.33,0.22,6.36,0.138,-0.019,0.845,1.07,0.00,0.022,1,neutral,10.2,NOTICING,
77.319,1,1,-0.0089,0.1161,-0.2158,0.2453,0.0616,5.58,0.18,6.08,0.135,-0.017,0.734,1.12,0.00,0.011,1,neutral,10.3,NOTICING,
77.366,1,1,-0.0078,0.1172,-0.2171,0.2469,0.0618,6.12,1.01,6.23,0.129,-0.017,0.650,1.17,0.00,0.002,1,neutral,10.2,NOTICING,
77.414,1,1,-0.0067,0.1190,-0.2196,0.2499,0.0627,6.22,-0.14,5.97,0.127,-0.019,0.565,1.22,0.00,-0.011,1,neutral,10.2,NOTICING,
77.462,1,1,-0.0056,0.1210,-0.2222,0.2531,0.0630,7.29,0.41,5.97,0.122,-0.021,0.495,1.26,0.00,-0.022,1,neutral,10.3,NOTICING,
77.525,1,1,-0.0044,0.1221,-0.2239,0.2550,0.0634,7.90,0.64,5.62,0.124,-0.018,0.474,1.33,0.00,-0.024,1,neutral,10.1,NOTICING,
77.575,1,1,-0.0031,0.1227,-0.2244,0.2558,0.0640,8.42,-0.18,5.64,0.121,-0.021,0.474,1.38,0.00,-0.022,1,neutral,11.2,NOTICING,
77.639,1,1,-0.0017,0.1225,-0.2238,0.2551,0.0647,8.94,0.38,5.75,0.113,-0.027,0.472,1.44,0.00,-0.016,1,neutral,10.9,NOTICING,
77.686,1,1,-0.0009,0.1230,-0.2244,0.2559,0.0631,8.51,0.19,5.82,0.110,-0.031,0.422,1.49,0.00,-0.016,1,neutral,10.1,NOTICING,
77.734,1,1,-0.0002,0.1227,-0.2239,0.2553,0.0638,9.01,0.64,5.63,0.111,-0.032,0.403,1.54,0.00,-0.010,1,neutral,10.4,NOTICING,
77.782,1,1,0.0004,0.1231,-0.2240,0.2555,0.0640,8.96,0.79,5.56,0.106,-0.038,0.453,1.58,0.00,-0.009,1,neutral,10.2,NEUTRAL,3
77.830,1,1,0.0009,0.1233,-0.2240,0.2557,0.0643,9.30,0.10,5.58,0.108,-0.039,0.483,1.63,0.00,-0.008,1,neutral,10.5,NEUTRAL,
77.895,1,1,0.0014,0.1231,-0.2235,0.2552,0.0636,9.22,0.87,5.69,0.113,-0.037,0.437,1.70,0.00,-0.005,1,neutral,10.9,NEUTRAL,
77.946,1,1,0.0018,0.1231,-0.2234,0.2551,0.0633,8.96,-0.16,5.77,0.116,-0.036,0.371,1.75,0.00,-0.004,1,neutral,10.4,NEUTRAL,
78.006,1,1,0.0019,0.1235,-0.2238,0.2556,0.0632,8.90,0.45,5.67,0.115,-0.037,0.343,1.81,0.00,-0.004,1,neutral,10.6,NEUTRAL,
78.055,1,1,0.0019,0.1238,-0.2239,0.2559,0.0638,9.12,-0.21,5.65,0.112,-0.040,0.331,1.86,0.00,-0.005,1,neutral,10.6,NEUTRAL,
78.101,1,1,0.0020,0.1239,-0.2237,0.2558,0.0638,8.99,-0.07,5.56,0.113,-0.038,0.362,1.90,0.00,-0.003,1,neutral,10.2,NEUTRAL,
78.150,1,1,0.0018,0.1241,-0.2237,0.2558,0.0641,8.52,0.09,5.44,0.111,-0.037,0.333,1.95,0.00,-0.003,1,neutral,10.3,NEUTRAL,
78.198,1,1,0.0018,0.1238,-0.2232,0.2553,0.0630,8.85,-0.32,5.22,0.115,-0.029,0.405,2.00,0.00,0.000,1,neutral,10.1,NEUTRAL,
78.247,1,1,0.0017,0.1238,-0.2231,0.2551,0.0640,8.57,-0.78,5.01,0.111,-0.029,0.458,2.05,0.00,0.001,1,neutral,10.2,NEUTRAL,
78.294,1,1,0.0015,0.1239,-0.2228,0.2549,0.0641,8.27,-0.53,5.06,0.114,-0.027,0.480,2.10,0.00,0.002,1,neutral,10.2,NEUTRAL,
78.342,1,1,0.0014,0.1236,-0.2221,0.2542,0.0649,8.68,-1.19,4.98,0.112,-0.026,0.467,2.14,0.00,0.004,1,neutral,10.3,NEUTRAL,
78.390,1,1,0.0010,0.1236,-0.2218,0.2540,0.0648,8.19,-1.41,4.86,0.116,-0.024,0.466,2.19,0.00,0.004,1,neutral,10.3,NEUTRAL,
78.438,1,1,0.0006,0.1236,-0.2214,0.2536,0.0639,7.79,-1.42,5.42,0.117,-0.020,0.418,2.24,0.00,0.005,1,neutral,10.4,NEUTRAL,
78.485,1,1,0.0003,0.1233,-0.2206,0.2527,0.0625,8.02,-1.51,4.94,0.119,-0.018,0.356,2.29,0.00,0.008,1,neutral,10.1,NEUTRAL,
78.535,1,1,-0.0000,0.1236,-0.2205,0.2528,0.0626,8.05,-0.89,5.09,0.125,-0.015,0.384,2.34,0.00,0.006,1,neutral,10.5,NEUTRAL,
78.582,1,1,-0.0002,0.1236,-0.2202,0.2525,0.0636,7.92,-1.03,5.38,0.128,-0.011,0.350,2.38,0.00,0.006,1,neutral,10.3,NEUTRAL,
78.631,1,1,-0.0003,0.1232,-0.2193,0.2516,0.0635,7.89,-0.99,5.19,0.132,-0.003,0.377,2.43,0.00,0.009,1,neutral,10.3,NEUTRAL,
78.679,1,1,-0.0004,0.1235,-0.2193,0.2517,0.0636,7.97,-1.23,5.24,0.138,0.006,0.375,2.48,0.00,0.006,1,neutral,10.4,NEUTRAL,
78.727,1,1,-0.0005,0.1234,-0.2188,0.2512,0.0629,7.94,-1.50,5.17,0.139,0.005,0.438,2.53,0.00,0.007,1,neutral,10.4,NEUTRAL,
78.773,1,1,-0.0006,0.1238,-0.2192,0.2518,0.0633,7.76,-1.69,5.09,0.131,-0.001,0.527,2.58,0.00,0.003,1,neutral,10.3,NEUTRAL,
78.822,1,1,-0.0007,0.1238,-0.2191,0.2516,0.0643,7.34,-1.23,5.09,0.132,-0.002,0.539,2.62,0.00,0.003,1,neutral,10.5,NEUTRAL,
78.871,1,1,-0.0009,0.1238,-0.2189,0.2515,0.0644,7.76,-1.66,5.07,0.132,0.001,0.480,2.67,0.00,0.003,1,neutral,10.2,NEUTRAL,
78.919,1,1,-0.0010,0.1237,-0.2188,0.2514,0.0633,7.51,-1.97,5.05,0.132,-0.001,0.432,2.72,0.00,0.003,1,neutral,10.3,NEUTRAL,
78.969,1,1,-0.0011,0.1240,-0.2191,0.2517,0.0631,7.59,-1.73,5.25,0.139,-0.000,0.463,2.77,0.00,0.001,1,neutral,10.3,NEUTRAL,
79.014,1,1,-0.0013,0.1237,-0.2187,0.2513,0.0625,7.51,-2.02,5.20,0.138,0.000,0.479,2.82,0.00,0.003,1,neutral,10.1,NEUTRAL,
79.065,1,1,-0.0014,0.1238,-0.2187,0.2513,0.0630,7.47,-2.07,4.97,0.138,-0.002,0.421,2.87,0.00,0.002,1,neutral,10.4,NEUTRAL,
79.127,1,1,-0.0013,0.1233,-0.2180,0.2504,0.0630,7.81,-1.17,5.09,0.139,0.003,0.427,2.93,0.00,0.004,1,neutral,10.8,NEUTRAL,
79.174,1,1,-0.0014,0.1235,-0.2184,0.2509,0.0640,7.11,-1.19,4.90,0.137,0.004,0.406,2.98,0.00,0.002,1,neutral,10.5,NEUTRAL,
79.222,1,1,-0.0015,0.1237,-0.2186,0.2512,0.0634,7.80,-1.76,5.25,0.139,0.004,0.359,3.02,0.00,0.000,1,neutral,10.1,NEUTRAL,
79.270,1,1,-0.0016,0.1235,-0.2184,0.2509,0.0625,7.36,-2.39,5.20,0.141,0.003,0.327,3.07,0.00,0.001,1,neutral,10.2,NEUTRAL,
79.317,1,1,-0.0018,0.1238,-0.2188,0.2514,0.0636,6.84,-1.52,4.99,0.142,0.009,0.393,3.12,0.00,-0.001,1,neutral,10.1,NEUTRAL,
79.366,1,1,-0.0019,0.1240,-0.2190,0.2517,0.0633,7.11,-1.48,5.07,0.138,0.012,0.404,3.17,0.00,-0.002,1,neutral,10.2,NEUTRAL,
79.414,1,1,-0.0019,0.1242,-0.2192,0.2519,0.0630,7.00,-2.40,5.05,0.136,0.011,0.383,3.22,0.00,-0.003,1,neutral,10.1,NEUTRAL,
79.463,1,1,-0.0020,0.1241,-0.2192,0.2519,0.0632,6.90,-1.83,5.07,0.126,0.006,0.471,3.27,0.00,-0.002,1,neutral,10.5,NEUTRAL,
79.526,1,1,-0.0022,0.1245,-0.2196,0.2525,0.0643,6.58,-1.68,4.66,0.128,0.005,0.508,3.33,0.00,-0.004,1,neutral,10.8,NEUTRAL,
79.574,1,1,-0.0022,0.1243,-0.2194,0.2522,0.0642,7.29,-1.20,4.88,0.122,0.003,0.530,3.38,0.00,-0.001,1,neutral,10.2,NEUTRAL,
79.622,1,1,-0.0021,0.1238,-0.2187,0.2514,0.0626,7.14,-1.68,4.99,0.121,-0.001,0.476,3.42,0.00,0.002,1,neutral,10.5,NEUTRAL,
79.670,1,1,-0.0021,0.1234,-0.2181,0.2506,0.0633,7.15,-1.46,5.11,0.125,0.010,0.639,3.47,0.00,0.005,1,neutral,10.2,NEUTRAL,
79.717,1,1,-0.0022,0.1233,-0.2182,0.2506,0.0624,7.09,-1.84,5.23,0.128,0.006,0.730,3.52,0.00,0.004,1,neutral,10.4,NEUTRAL,
79.766,1,1,-0.0023,0.1230,-0.2177,0.2501,0.0634,7.21,-1.22,4.81,0.130,0.003,0.592,3.57,0.00,0.005,1,neutral,10.2,NEUTRAL,
79.814,1,1,-0.0023,0.1225,-0.2170,0.2492,0.0628,7.01,-1.08,5.08,0.129,0.004,0.541,3.62,0.00,0.008,1,neutral,10.3,NEUTRAL,
79.862,1,1,-0.0024,0.1230,-0.2175,0.2499,0.0629,6.66,-1.40,4.92,0.124,-0.002,0.574,3.66,0.00,0.003,1,neutral,10.4,NEUTRAL,
79.910,1,1,-0.0026,0.1232,-0.2179,0.2504,0.0630,6.63,-1.07,5.18,0.123,-0.002,0.547,3.71,0.00,0.001,1,neutral,10.3,NEUTRAL,
79.958,1,1,-0.0026,0.1231,-0.2178,0.2502,0.0629,7.05,-0.63,4.90,0.120,-0.007,0.517,3.76,0.00,0.001,1,neutral,10.2,NEUTRAL,
80.005,1,1,-0.0026,0.1226,-0.2170,0.2493,0.0632,7.10,-1.98,4.81,0.134,-0.007,0.680,3.81,0.00,0.005,1,neutral,10.1,NEUTRAL,
80.055,1,1,-0.0027,0.1226,-0.2171,0.2494,0.0642,6.95,-0.98,4.95,0.127,-0.010,0.818,3.86,0.00,0.004,1,neutral,10.3,NEUTRAL,
80.101,1,1,-0.0026,0.1222,-0.2166,0.2487,0.0640,7.07,-1.62,5.37,0.130,-0.012,0.775,3.90,0.00,0.006,1,neutral,10.2,NEUTRAL,
80.150,1,1,-0.0026,0.1222,-0.2166,0.2488,0.0635,7.17,-1.86,5.16,0.127,-0.016,0.703,3.95,0.00,0.004,1,neutral,10.0,NEUTRAL,
80.198,1,1,-0.0027,0.1223,-0.2167,0.2488,0.0640,6.91,-1.89,5.10,0.127,-0.013,0.649,4.00,0.00,0.003,1,neutral,10.2,NEUTRAL,
80.246,1,1,-0.0027,0.1222,-0.2165,0.2487,0.0632,7.24,-1.28,5.18,0.124,-0.016,0.604,4.05,0.00,0.003,1,neutral,10.1,NEUTRAL,
80.294,1,1,-0.0028,0.1226,-0.2171,0.2493,0.0633,6.74,-0.99,5.17,0.127,-0.016,0.578,4.10,0.00,-0.000,1,neutral,10.2,NEUTRAL,
80.342,1,1,-0.0029,0.1227,-0.2172,0.2494,0.0632,6.79,-1.46,5.18,0.126,-0.018,0.519,4.14,0.00,-0.001,1,neutral,10.3,NEUTRAL,
80.388,1,1,-0.0030,0.1227,-0.2171,0.2494,0.0636,6.83,-1.59,5.15,0.131,-0.017,0.527,4.19,0.00,-0.000,1,neutral,10.1,NEUTRAL,
80.438,1,1,-0.0031,0.1226,-0.2166,0.2489,0.0635,6.80,-2.23,5.32,0.139,-0.015,0.479,4.24,0.00,0.002,1,neutral,10.3,NEUTRAL,
80.485,1,1,-0.0033,0.1228,-0.2167,0.2491,0.0637,6.37,-1.46,5.44,0.133,-0.012,0.570,4.29,0.00,0.001,1,neutral,10.1,NEUTRAL,
80.534,1,1,-0.0035,0.1230,-0.2168,0.2493,0.0631,6.36,-2.08,5.26,0.129,-0.015,0.529,4.34,0.00,-0.000,1,neutral,10.3,NEUTRAL,
80.582,1,1,-0.0037,0.1231,-0.2169,0.2495,0.0636,5.83,-1.42,5.15,0.127,-0.014,0.476,4.38,0.00,-0.001,1,neutral,10.0,NEUTRAL,
80.631,1,1,-0.0039,0.1237,-0.2179,0.2506,0.0637,5.88,-1.35,4.89,0.126,-0.015,0.406,4.43,0.00,-0.005,1,neutral,10.4,NEUTRAL,
80.679,1,1,-0.0040,0.1233,-0.2175,0.2501,0.0627,6.53,-1.10,5.31,0.124,-0.016,0.371,4.48,0.00,-0.002,1,neutral,10.7,NEUTRAL,
80.744,1,1,-0.0040,0.1232,-0.2173,0.2498,0.0638,6.59,-1.52,5.25,0.129,-0.017,0.385,4.55,0.00,-0.001,1,neutral,10.7,NEUTRAL,
80.790,1,1,-0.0040,0.1228,-0.2170,0.2494,0.0639,6.15,-1.15,5.33,0.128,-0.017,0.390,4.59,0.00,0.001,1,neutral,10.1,NEUTRAL,
80.838,1,1,-0.0041,0.1228,-0.2168,0.2492,0.0637,6.17,-0.99,5.10,0.126,-0.018,0.354,4.64,0.00,0.002,1,neutral,10.5,NEUTRAL,
80.887,1,1,-0.0040,0.1223,-0.2161,0.2484,0.0630,6.63,-1.19,5.45,0.129,-0.015,0.398,4.69,0.00,0.005,1,neutral,10.6,NEUTRAL,
80.934,1,1,-0.0041,0.1220,-0.2157,0.2479,0.0630,6.22,-1.53,5.31,0.131,-0.015,0.366,4.74,0.00,0.006,1,neutral,10.3,NEUTRAL,
80.985,1,1,-0.0041,0.1220,-0.2158,0.2479,0.0633,6.31,-1.51,5.28,0.131,-0.014,0.311,4.79,0.00,0.004,1,neutral,10.4,NEUTRAL,
81.030,1,1,-0.0041,0.1218,-0.2154,0.2475,0.0637,6.22,-1.77,5.34,0.129,-0.016,0.315,4.83,0.00,0.006,1,neutral,10.0,NEUTRAL,
81.079,1,1,-0.0041,0.1221,-0.2158,0.2480,0.0632,6.43,-0.74,5.18,0.125,-0.017,0.281,4.88,0.00,0.002,1,neutral,10.5,NEUTRAL,
81.144,1,1,-0.0042,0.1224,-0.2160,0.2483,0.0631,5.54,-1.62,5.10,0.123,-0.014,0.271,4.95,0.00,0.001,1,neutral,11.0,NEUTRAL,
81.189,1,1,-0.0041,0.1223,-0.2159,0.2482,0.0637,6.12,-1.67,5.43,0.117,-0.014,0.312,4.99,0.00,0.001,1,neutral,10.1,NEUTRAL,
81.238,1,1,-0.0042,0.1222,-0.2159,0.2481,0.0633,5.90,-1.17,5.15,0.114,-0.014,0.285,5.04,0.00,0.001,1,neutral,10.2,NEUTRAL,
81.286,1,1,-0.0042,0.1222,-0.2158,0.2480,0.0630,6.08,-1.31,5.41,0.120,-0.008,0.397,5.09,0.00,0.001,1,neutral,10.5,NEUTRAL,
81.335,1,1,-0.0042,0.1225,-0.2164,0.2487,0.0637,6.21,-2.10,5.10,0.117,-0.009,0.471,5.14,0.00,-0.002,1,neutral,10.1,NEUTRAL,
81.382,1,1,-0.0043,0.1231,-0.2171,0.2496,0.0630,6.08,-1.72,4.98,0.110,-0.009,0.468,5.18,0.00,-0.005,1,neutral,10.2,NEUTRAL,
81.428,1,1,-0.0045,0.1240,-0.2183,0.2511,0.0634,5.53,-2.19,4.90,0.111,-0.007,0.488,5.23,0.00,-0.011,1,neutral,10.0,NEUTRAL,
81.479,1,1,-0.0045,0.1241,-0.2184,0.2513,0.0631,5.75,-1.65,5.12,0.111,-0.001,0.476,5.28,0.00,-0.009,1,neutral,10.3,NEUTRAL,
81.543,1,1,-0.0045,0.1240,-0.2182,0.2510,0.0631,5.91,-1.80,5.10,0.114,0.006,0.421,5.35,0.00,-0.006,1,neutral,10.7,NEUTRAL,
81.590,1,1,-0.0046,0.1242,-0.2184,0.2512,0.0637,5.62,-2.01,5.27,0.117,0.005,0.450,5.39,0.00,-0.006,1,neutral,9.9,NEUTRAL,
81.638,1,1,-0.0047,0.1242,-0.2185,0.2514,0.0635,5.45,-1.58,5.01,0.116,0.004,0.411,5.44,0.00,-0.006,1,neutral,10.3,NEUTRAL,
81.686,1,1,-0.0047,0.1239,-0.2181,0.2509,0.0635,5.55,-1.69,4.93,0.117,0.003,0.371,5.49,0.00,-0.003,1,neutral,10.3,NEUTRAL,
81.853,1,1,-0.0047,0.1240,-0.2184,0.2512,0.0636,5.82,-1.71,4.88,0.119,0.004,0.301,5.66,0.00,-0.002,1,neutral,128.0,NEUTRAL,
81.910,1,1,-0.0049,0.1245,-0.2190,0.2520,0.0637,5.08,-1.72,5.08,0.117,0.003,0.284,5.71,0.00,-0.005,1,neutral,10.7,NEUTRAL,
81.958,1,1,-0.0049,0.1243,-0.2188,0.2517,0.0632,5.45,-1.50,5.05,0.122,0.006,0.344,5.76,0.00,-0.003,1,neutral,10.3,NEUTRAL,
82.006,1,1,-0.0050,0.1241,-0.2187,0.2515,0.0632,5.46,-1.72,4.88,0.125,0.018,0.420,5.81,0.00,-0.001,1,neutral,10.4,NEUTRAL,
82.054,1,1,-0.0049,0.1237,-0.2184,0.2510,0.0638,5.37,-1.07,4.93,0.123,0.028,0.418,5.86,0.00,0.001,1,neutral,10.2,NEUTRAL,
82.101,1,1,-0.0050,0.1238,-0.2188,0.2514,0.0627,5.23,-1.03,4.96,0.117,0.031,0.444,5.90,0.00,-0.001,1,neutral,10.0,NEUTRAL,
82.150,1,1,-0.0050,0.1237,-0.2186,0.2513,0.0638,5.71,-1.81,4.69,0.124,0.032,0.539,5.95,0.00,-0.000,1,neutral,10.4,NEUTRAL,
82.198,1,1,-0.0051,0.1244,-0.2194,0.2523,0.0633,5.21,-1.48,4.99,0.119,0.026,0.625,6.00,0.00,-0.004,1,neutral,10.5,NEUTRAL,
82.247,1,1,-0.0051,0.1243,-0.2192,0.2521,0.0634,5.22,-1.14,4.75,0.120,0.024,0.582,6.05,0.00,-0.003,1,neutral,10.6,NEUTRAL,
82.294,1,1,-0.0050,0.1240,-0.2187,0.2515,0.0628,5.97,-1.48,4.78,0.118,0.017,0.579,6.10,0.00,0.001,1,neutral,10.4,NEUTRAL,
82.342,1,1,-0.0050,0.1239,-0.2185,0.2512,0.0631,5.82,-0.79,5.11,0.115,0.016,0.543,6.14,0.00,0.002,1,neutral,10.2,NEUTRAL,
82.390,1,1,-0.0051,0.1239,-0.2184,0.2512,0.0631,5.46,-0.56,5.00,0.108,0.013,0.522,6.19,0.00,0.001,1,neutral,10.4,NEUTRAL,
82.438,1,1,-0.0051,0.1235,-0.2179,0.2505,0.0628,5.73,-1.32,5.06,0.104,0.011,0.433,6.24,0.00,0.004,1,neutral,10.2,NEUTRAL,
82.485,1,1,-0.0052,0.1239,-0.2184,0.2512,0.0632,5.39,-1.47,4.80,0.105,0.008,0.430,6.29,0.00,0.000,1,neutral,10.3,NEUTRAL,
82.535,1,1,-0.0052,0.1238,-0.2181,0.2508,0.0623,5.86,-1.20,4.99,0.101,0.007,0.434,6.34,0.00,0.002,1,neutral,10.1,NEUTRAL,
82.581,1,1,-0.0052,0.1240,-0.2183,0.2511,0.0626,5.64,-1.31,4.90,0.098,0.001,0.428,6.38,0.00,0.000,1,neutral,9.9,NEUTRAL,
82.631,1,1,-0.0053,0.1238,-0.2182,0.2509,0.0623,5.65,-0.98,4.67,0.096,-0.001,0.369,6.43,0.00,0.001,1,neutral,10.4,NEUTRAL,
82.679,1,1,-0.0053,0.1237,-0.2181,0.2508,0.0621,5.72,-0.54,4.84,0.091,0.001,0.383,6.48,0.00,0.001,1,neutral,10.3,NEUTRAL,
82.725,1,1,-0.0054,0.1237,-0.2182,0.2509,0.0628,5.65,-0.30,5.06,0.091,-0.004,0.436,6.53,0.00,0.000,1,neutral,10.0,NEUTRAL,
82.775,1,1,-0.0054,0.1237,-0.2181,0.2508,0.0634,5.71,-1.46,4.78,0.093,-0.006,0.398,6.58,0.00,0.001,1,neutral,10.5,NEUTRAL,
82.822,1,1,-0.0053,0.1233,-0.2177,0.2502,0.0627,5.93,-0.80,4.91,0.093,-0.005,0.379,6.62,0.00,0.003,1,neutral,10.1,NEUTRAL,
82.869,1,1,-0.0054,0.1235,-0.2178,0.2505,0.0626,5.45,-0.29,5.07,0.091,-0.007,0.370,6.67,0.00,0.001,1,neutral,10.1,NEUTRAL,
82.919,1,1,-0.0055,0.1237,-0.2183,0.2510,0.0628,5.61,-0.59,4.77,0.094,-0.007,0.379,6.72,0.00,-0.001,1,neutral,10.2,NEUTRAL,
82.966,1,1,-0.0055,0.1241,-0.2189,0.2517,0.0626,5.72,-0.66,4.85,0.091,-0.013,0.429,6.77,0.00,-0.004,1,neutral,10.1,NEUTRAL,
83.014,1,1,-0.0056,0.1240,-0.2186,0.2514,0.0623,5.38,-1.23,4.91,0.088,-0.017,0.359,6.82,0.00,-0.002,1,neutral,10.1,NEUTRAL,
83.060,1,1,-0.0057,0.1240,-0.2187,0.2515,0.0622,5.57,-0.08,5.10,0.082,-0.026,0.408,6.86,0.00,-0.002,1,neutral,10.2,NEUTRAL,
83.112,1,1,-0.0056,0.1238,-0.2184,0.2511,0.0618,5.91,-0.84,5.12,0.081,-0.027,0.442,6.91,0.00,0.000,1,neutral,10.5,NEUTRAL,
83.157,1,1,-0.0056,0.1241,-0.2188,0.2516,0.0623,5.34,0.24,4.86,0.077,-0.030,0.424,6.96,0.00,-0.002,1,neutral,10.0,NEUTRAL,
83.206,1,1,-0.0056,0.1238,-0.2185,0.2512,0.0626,5.62,-0.12,5.08,0.079,-0.029,0.425,7.01,0.00,-0.000,1,neutral,10.4,NEUTRAL,
83.255,1,1,-0.0057,0.1240,-0.2186,0.2514,0.0626,5.78,-0.59,5.03,0.074,-0.036,0.506,7.06,0.00,-0.001,1,neutral,10.3,NEUTRAL,
83.301,1,1,-0.0058,0.1239,-0.2186,0.2514,0.0621,5.49,-0.81,4.89,0.072,-0.039,0.468,7.10,0.00,-0.001,1,neutral,9.9,NEUTRAL,
83.350,1,1,-0.0059,0.1243,-0.2193,0.2522,0.0625,5.42,-0.72,4.94,0.072,-0.040,0.396,7.15,0.00,-0.004,1,neutral,10.2,NEUTRAL,
83.398,1,1,-0.0060,0.1243,-0.2194,0.2522,0.0621,5.43,-0.40,5.03,0.071,-0.040,0.322,7.20,0.00,-0.003,1,neutral,10.3,NEUTRAL,
83.446,1,1,-0.0060,0.1239,-0.2190,0.2517,0.0625,5.53,-0.66,4.81,0.072,-0.040,0.282,7.25,0.00,-0.000,1,neutral,10.3,NEUTRAL,
83.497,1,1,-0.0060,0.1242,-0.2193,0.2521,0.0621,5.57,-0.70,4.96,0.070,-0.041,0.280,7.30,0.00,-0.002,1,neutral,10.5,NEUTRAL,
83.558,1,1,-0.0059,0.1239,-0.2191,0.2518,0.0625,5.57,-0.07,5.06,0.068,-0.043,0.234,7.36,0.00,-0.000,1,neutral,10.5,NEUTRAL,
83.606,1,1,-0.0059,0.1239,-0.2192,0.2518,0.0621,5.26,-0.23,5.03,0.066,-0.045,0.205,7.41,0.00,-0.001,1,neutral,10.5,NEUTRAL,
83.653,1,1,-0.0058,0.1236,-0.2189,0.2515,0.0623,5.62,-0.27,4.86,0.068,-0.043,0.256,7.45,0.00,0.001,1,neutral,10.1,NEUTRAL,
83.703,1,1,-0.0058,0.1238,-0.2194,0.2520,0.0621,5.88,-0.38,4.89,0.070,-0.044,0.252,7.51,0.00,-0.001,1,neutral,10.3,NEUTRAL,
83.750,1,1,-0.0057,0.1237,-0.2193,0.2518,0.0620,5.71,-0.12,4.92,0.070,-0.043,0.245,7.55,0.00,-0.000,1,neutral,9.9,NEUTRAL,
83.798,1,1,-0.0057,0.1236,-0.2192,0.2517,0.0623,5.50,0.05,4.66,0.070,-0.042,0.220,7.60,0.00,0.000,1,neutral,10.4,NEUTRAL,
83.846,1,1,-0.0057,0.1238,-0.2193,0.2520,0.0615,5.44,0.16,4.97,0.072,-0.041,0.233,7.65,0.00,-0.001,1,neutral,10.2,NEUTRAL,
83.893,1,1,-0.0057,0.1236,-0.2191,0.2516,0.0628,5.76,-0.51,4.72,0.073,-0.040,0.210,7.70,0.00,0.001,1,neutral,10.2,NEUTRAL,
83.957,1,1,-0.0056,0.1236,-0.2190,0.2516,0.0616,5.88,-0.93,4.81,0.078,-0.039,0.215,7.76,0.00,0.001,1,neutral,10.3,NEUTRAL,
84.005,1,1,-0.0056,0.1233,-0.2187,0.2511,0.0629,5.82,-0.72,4.81,0.086,-0.021,0.463,7.81,0.00,0.002,1,neutral,10.2,NEUTRAL,
84.054,1,1,-0.0055,0.1233,-0.2186,0.2510,0.0630,5.37,-1.26,4.95,0.096,-0.009,0.438,7.86,0.00,0.003,1,neutral,10.2,NEUTRAL,
84.103,1,1,-0.0055,0.1232,-0.2186,0.2510,0.0638,5.40,-1.08,5.08,0.104,-0.003,0.418,7.90,0.00,0.002,1,neutral,10.3,NEUTRAL,
84.148,1,1,-0.0056,0.1235,-0.2190,0.2515,0.0637,5.23,-0.56,4.95,0.108,-0.002,0.400,7.95,0.00,-0.000,1,neutral,10.1,NEUTRAL,
84.198,1,1,-0.0055,0.1233,-0.2187,0.2511,0.0633,5.70,-1.72,5.03,0.112,-0.001,0.334,8.00,0.00,0.001,1,neutral,10.3,NEUTRAL,
84.247,1,1,-0.0054,0.1230,-0.2183,0.2506,0.0632,5.82,-0.33,5.01,0.116,0.005,0.367,8.05,0.00,0.003,1,neutral,10.0,NEUTRAL,
84.293,1,1,-0.0053,0.1226,-0.2177,0.2499,0.0633,5.65,-1.80,4.98,0.120,0.005,0.376,8.10,0.00,0.005,1,neutral,10.2,NEUTRAL,
84.358,1,1,-0.0054,0.1227,-0.2179,0.2501,0.0637,5.29,-0.79,4.86,0.115,0.006,0.394,8.16,0.00,0.004,1,neutral,10.6,NEUTRAL,
84.406,1,1,-0.0055,0.1227,-0.2180,0.2503,0.0639,5.24,-1.62,5.04,0.114,0.004,0.385,8.21,0.00,0.002,1,neutral,10.3,NEUTRAL,
84.454,1,1,-0.0054,0.1227,-0.2180,0.2502,0.0638,5.63,-1.38,4.95,0.118,0.016,0.539,8.26,0.00,0.002,1,neutral,10.4,NEUTRAL,
84.503,1,1,-0.0053,0.1226,-0.2178,0.2500,0.0635,5.56,-1.05,4.98,0.120,0.019,0.525,8.31,0.00,0.003,1,neutral,10.4,NEUTRAL,
84.550,1,1,-0.0053,0.1225,-0.2179,0.2500,0.0635,5.81,-1.18,5.01,0.124,0.021,0.464,8.35,0.00,0.002,1,neutral,10.3,NEUTRAL,
84.597,1,1,-0.0054,0.1231,-0.2186,0.2510,0.0631,5.12,-0.92,5.08,0.121,0.016,0.516,8.40,0.00,-0.002,1,neutral,10.2,NEUTRAL,
84.647,1,1,-0.0053,0.1228,-0.2181,0.2503,0.0633,5.60,-1.50,4.99,0.119,0.013,0.427,8.45,0.00,0.001,1,neutral,10.3,NEUTRAL,
84.693,1,1,-0.0055,0.1233,-0.2188,0.2512,0.0635,5.17,-1.11,4.92,0.121,0.019,0.491,8.50,0.00,-0.003,1,neutral,10.2,NEUTRAL,
84.758,1,1,-0.0054,0.1232,-0.2188,0.2512,0.0639,5.33,-1.20,4.98,0.121,0.026,0.424,8.56,0.00,-0.003,1,neutral,10.6,NEUTRAL,
84.807,1,1,-0.0054,0.1228,-0.2183,0.2505,0.0632,5.35,-1.43,5.07,0.120,0.017,0.565,8.61,0.00,0.001,1,neutral,10.1,NEUTRAL,
84.854,1,1,-0.0053,0.1223,-0.2178,0.2499,0.0635,5.52,-0.66,4.83,0.122,0.020,0.615,8.66,0.00,0.003,1,neutral,10.3,NEUTRAL,
84.902,1,1,-0.0054,0.1222,-0.2177,0.2498,0.0636,5.00,-1.24,4.89,0.123,0.018,0.554,8.70,0.00,0.003,1,neutral,10.2,NEUTRAL,
84.951,1,1,-0.0055,0.1226,-0.2182,0.2504,0.0629,5.11,-0.71,4.93,0.122,0.020,0.507,8.75,0.00,0.000,1,neutral,10.3,NEUTRAL,
84.997,1,1,-0.0055,0.1224,-0.2179,0.2500,0.0629,5.16,-0.63,4.87,0.120,0.023,0.428,8.80,0.00,0.002,1,neutral,10.1,NEUTRAL,
85.046,1,1,-0.0055,0.1222,-0.2177,0.2497,0.0629,5.25,-0.53,4.78,0.119,0.030,0.437,8.85,0.00,0.002,1,neutral,10.3,NEUTRAL,
85.094,1,1,-0.0055,0.1223,-0.2177,0.2498,0.0622,5.37,-1.15,4.69,0.120,0.027,0.489,8.90,0.00,0.002,1,neutral,10.3,NEUTRAL,
85.158,1,1,-0.0055,0.1222,-0.2175,0.2495,0.0627,5.70,-0.65,4.76,0.115,0.020,0.478,8.96,0.00,0.002,1,neutral,11.1,NEUTRAL,
85.205,1,1,-0.0056,0.1228,-0.2183,0.2505,0.0625,5.25,0.26,5.04,0.106,0.011,0.511,9.01,0.00,-0.003,1,neutral,10.2,NEUTRAL,
85.254,1,1,-0.0055,0.1226,-0.2180,0.2502,0.0624,6.09,-0.09,5.12,0.101,0.004,0.438,9.06,0.00,-0.001,1,neutral,10.4,NEUTRAL,
85.303,1,1,-0.0056,0.1229,-0.2183,0.2506,0.0619,5.49,-1.10,4.79,0.104,-0.001,0.458,9.10,0.00,-0.002,1,neutral,10.2,NEUTRAL,
85.350,1,1,-0.0058,0.1231,-0.2188,0.2511,0.0621,5.38,-0.39,5.16,0.099,-0.008,0.498,9.15,0.00,-0.004,1,neutral,10.3,NEUTRAL,
85.398,1,1,-0.0057,0.1231,-0.2187,0.2510,0.0621,5.79,-0.98,4.88,0.101,-0.010,0.511,9.20,0.00,-0.003,1,neutral,10.5,NEUTRAL,
85.446,1,1,-0.0057,0.1229,-0.2184,0.2507,0.0631,5.61,-0.76,4.95,0.098,-0.015,0.503,9.25,0.00,-0.001,1,neutral,10.5,NEUTRAL,
85.493,1,1,-0.0057,0.1231,-0.2186,0.2509,0.0622,5.50,-0.03,4.92,0.091,-0.019,0.482,9.30,0.00,-0.002,1,neutral,10.1,NEUTRAL,
85.558,1,1,-0.0057,0.1228,-0.2181,0.2504,0.0621,5.85,-0.73,5.16,0.095,-0.018,0.515,9.36,0.00,0.000,1,neutral,10.6,NEUTRAL,
85.606,1,1,-0.0057,0.1230,-0.2184,0.2508,0.0621,5.58,-0.42,4.86,0.092,-0.017,0.525,9.41,0.00,-0.001,1,neutral,10.4,NEUTRAL,
85.654,1,1,-0.0058,0.1230,-0.2184,0.2507,0.0625,5.39,0.00,4.67,0.090,-0.016,0.443,9.46,0.00,-0.001,1,neutral,10.1,NEUTRAL,
85.702,1,1,-0.0059,0.1232,-0.2189,0.2513,0.0630,5.27,-0.47,4.82,0.089,-0.018,0.398,9.50,0.00,-0.003,1,neutral,10.1,NEUTRAL,
85.749,1,1,-0.0059,0.1230,-0.2188,0.2511,0.0623,5.65,-0.20,4.84,0.090,-0.019,0.353,9.55,0.00,-0.002,1,neutral,10.3,NEUTRAL,
85.798,1,1,-0.0058,0.1230,-0.2189,0.2511,0.0624,5.61,0.21,4.97,0.092,-0.013,0.396,9.60,0.00,-0.001,1,neutral,10.4,NEUTRAL,
85.844,1,1,-0.0059,0.1230,-0.2190,0.2513,0.0623,5.30,0.01,4.70,0.089,-0.014,0.433,9.65,0.00,-0.002,1,neutral,10.2,NEUTRAL,
85.894,1,1,-0.0059,0.1230,-0.2189,0.2512,0.0627,5.34,-0.71,4.68,0.089,-0.015,0.404,9.70,0.00,-0.001,1,neutral,10.2,NEUTRAL,
85.944,1,1,-0.0060,0.1230,-0.2188,0.2511,0.0628,5.41,-0.49,4.80,0.090,-0.013,0.389,9.75,0.00,-0.000,1,neutral,10.3,NEUTRAL,
85.990,1,1,-0.0060,0.1227,-0.2187,0.2509,0.0624,5.54,-0.17,4.83,0.086,-0.011,0.393,9.79,0.00,0.000,1,neutral,10.1,NEUTRAL,
86.038,1,1,-0.0061,0.1228,-0.2190,0.2512,0.0622,5.27,-0.64,4.66,0.088,-0.014,0.415,9.84,0.00,-0.001,1,neutral,10.1,NEUTRAL,
86.086,1,1,-0.0060,0.1229,-0.2190,0.2512,0.0627,5.79,0.06,4.90,0.089,-0.012,0.398,9.89,0.00,-0.001,1,neutral,10.4,NEUTRAL,
86.134,1,1,-0.0061,0.1230,-0.2192,0.2514,0.0628,5.60,-0.35,5.08,0.085,-0.018,0.458,9.94,0.00,-0.002,1,neutral,10.0,NEUTRAL,
86.182,1,1,-0.0060,0.1230,-0.2193,0.2515,0.0629,5.34,0.43,4.69,0.084,-0.013,0.525,9.98,0.00,-0.001,1,neutral,10.5,NEUTRAL,
86.231,1,1,-0.0060,0.1229,-0.2192,0.2514,0.0629,5.69,-0.29,4.67,0.085,-0.018,0.548,10.03,0.00,-0.001,1,neutral,10.6,NEUTRAL,
86.276,1,1,-0.0060,0.1232,-0.2196,0.2518,0.0633,5.23,-0.57,4.93,0.085,-0.017,0.502,10.08,0.00,-0.003,1,neutral,10.0,NEUTRAL,
86.326,1,1,-0.0059,0.1229,-0.2192,0.2514,0.0631,5.58,-0.91,5.19,0.091,-0.013,0.516,10.13,0.00,-0.000,1,neutral,10.4,NEUTRAL,
86.375,1,1,-0.0058,0.1225,-0.2186,0.2507,0.0634,5.33,-0.93,4.89,0.095,-0.008,0.466,10.18,0.00,0.003,1,neutral,10.4,NEUTRAL,
86.422,1,1,-0.0058,0.1225,-0.2186,0.2507,0.0634,5.55,-0.67,4.77,0.104,-0.002,0.490,10.22,0.00,0.002,1,neutral,10.1,NEUTRAL,
86.469,1,1,-0.0058,0.1229,-0.2191,0.2513,0.0635,5.15,-0.68,5.23,0.113,0.006,0.443,10.27,0.00,-0.001,1,neutral,10.2,NEUTRAL,
86.518,1,1,-0.0059,0.1232,-0.2195,0.2518,0.0631,5.05,-1.23,4.97,0.115,0.009,0.427,10.32,0.00,-0.003,1,neutral,10.2,NEUTRAL,
86.565,1,1,-0.0058,0.1232,-0.2193,0.2516,0.0634,5.52,-1.22,4.99,0.121,0.019,0.473,10.37,0.00,-0.001,1,neutral,10.0,NEUTRAL,
86.617,1,1,-0.0060,0.1231,-0.2193,0.2516,0.0636,4.82,-0.53,5.09,0.121,0.018,0.521,10.42,0.00,-0.001,1,neutral,10.4,NEUTRAL,
86.678,1,1,-0.0059,0.1228,-0.2190,0.2511,0.0635,5.28,-0.98,5.02,0.126,0.022,0.508,10.48,0.00,0.001,1,neutral,9.9,NEUTRAL,
86.727,1,1,-0.0058,0.1223,-0.2185,0.2505,0.0633,5.50,-0.49,5.02,0.127,0.028,0.464,10.53,0.00,0.003,1,neutral,10.0,NEUTRAL,
86.774,1,1,-0.0056,0.1223,-0.2185,0.2505,0.0640,5.62,-0.41,5.29,0.132,0.030,0.446,10.58,0.00,0.003,1,neutral,10.1,NEUTRAL,
86.822,1,1,-0.0057,0.1227,-0.2191,0.2512,0.0631,5.07,-1.14,4.99,0.135,0.031,0.368,10.62,0.00,-0.001,1,neutral,10.3,NEUTRAL,
86.870,1,1,-0.0058,0.1231,-0.2196,0.2519,0.0632,4.86,-0.90,4.83,0.135,0.028,0.364,10.67,0.00,-0.004,1,neutral,9.7,NEUTRAL,
86.917,1,1,-0.0057,0.1229,-0.2194,0.2516,0.0637,5.55,-0.24,4.91,0.140,0.046,0.636,10.72,0.00,-0.002,1,neutral,10.4,NEUTRAL,
86.966,1,1,-0.0057,0.1230,-0.2193,0.2515,0.0633,5.38,-1.01,4.77,0.139,0.046,0.741,10.77,0.00,-0.001,1,neutral,10.1,NEUTRAL,
87.014,1,1,-0.0057,0.1228,-0.2190,0.2512,0.0628,5.50,-1.01,4.80,0.138,0.045,0.623,10.82,0.00,0.001,1,neutral,10.3,NEUTRAL,
87.063,1,1,-0.0057,0.1226,-0.2188,0.2509,0.0627,5.07,-0.71,4.89,0.133,0.035,0.647,10.86,0.00,0.002,1,neutral,10.4,NEUTRAL,
87.111,1,1,-0.0057,0.1227,-0.2189,0.2510,0.0628,5.08,-0.61,4.67,0.133,0.037,0.670,10.91,0.00,0.001,1,neutral,10.3,NEUTRAL,
87.174,1,1,-0.0057,0.1224,-0.2185,0.2505,0.0635,5.51,-1.10,4.92,0.137,0.034,0.606,10.98,0.00,0.002,1,neutral,10.8,NEUTRAL,
87.222,1,1,-0.0057,0.1227,-0.2189,0.2510,0.0625,5.06,-1.19,4.90,0.134,0.037,0.615,11.02,0.00,-0.000,1,neutral,10.2,NEUTRAL,
87.270,1,1,-0.0056,0.1227,-0.2187,0.2508,0.0628,5.50,-0.51,5.02,0.137,0.039,0.582,11.07,0.00,0.001,1,neutral,10.2,NEUTRAL,
87.319,1,1,-0.0056,0.1226,-0.2185,0.2506,0.0628,5.34,-0.80,4.79,0.138,0.049,0.602,11.12,0.00,0.001,1,neutral,10.3,NEUTRAL,
87.364,1,1,-0.0055,0.1222,-0.2179,0.2499,0.0633,5.56,-1.29,4.99,0.140,0.051,0.562,11.17,0.00,0.004,1,neutral,10.2,NEUTRAL,
87.414,1,1,-0.0055,0.1221,-0.2178,0.2498,0.0632,5.36,-1.81,4.59,0.136,0.039,0.691,11.22,0.00,0.004,1,neutral,10.0,NEUTRAL,
87.462,1,1,-0.0056,0.1225,-0.2183,0.2504,0.0627,5.16,-1.11,4.74,0.138,0.043,0.781,11.26,0.00,0.001,1,neutral,10.2,NEUTRAL,
87.511,1,1,-0.0055,0.1225,-0.2183,0.2504,0.0627,5.28,-1.10,4.55,0.135,0.041,0.730,11.31,0.00,0.000,1,neutral,10.4,NEUTRAL,
87.574,1,1,-0.0056,0.1230,-0.2189,0.2511,0.0636,4.95,-0.71,4.60,0.132,0.039,0.606,11.38,0.00,-0.002,1,neutral,10.6,NEUTRAL,
87.622,1,1,-0.0056,0.1231,-0.2190,0.2512,0.0633,5.07,-1.00,4.78,0.132,0.047,0.632,11.42,0.00,-0.002,1,neutral,10.3,NEUTRAL,
87.670,1,1,-0.0057,0.1234,-0.2193,0.2517,0.0616,5.20,-2.01,4.72,0.140,0.044,0.702,11.47,0.00,-0.004,1,neutral,10.1,NEUTRAL,
87.719,1,1,-0.0057,0.1234,-0.2192,0.2516,0.0624,5.19,-1.05,5.03,0.137,0.046,0.717,11.52,0.00,-0.002,1,neutral,10.1,NEUTRAL,
87.766,1,1,-0.0057,0.1232,-0.2188,0.2512,0.0629,5.07,-0.98,4.72,0.136,0.052,0.646,11.57,0.00,-0.000,1,neutral,10.0,NEUTRAL,
87.814,1,1,-0.0057,0.1236,-0.2194,0.2518,0.0633,5.12,-0.92,4.77,0.130,0.047,0.704,11.62,0.00,-0.003,1,neutral,10.1,NEUTRAL,
87.862,1,1,-0.0057,0.1237,-0.2193,0.2518,0.0633,5.29,-1.21,4.93,0.124,0.040,0.604,11.66,0.00,-0.002,1,neutral,9.8,NEUTRAL,
87.909,1,1,-0.0059,0.1239,-0.2196,0.2522,0.0637,4.88,-1.66,5.05,0.121,0.034,0.512,11.71,0.00,-0.003,1,neutral,10.1,NEUTRAL,
87.973,1,1,-0.0059,0.1237,-0.2193,0.2518,0.0633,5.31,-0.66,4.87,0.111,0.025,0.516,11.78,0.00,-0.002,1,neutral,10.0,NEUTRAL,
88.022,1,1,-0.0058,0.1232,-0.2187,0.2511,0.0630,5.59,-1.04,4.82,0.113,0.029,0.652,11.82,0.00,0.002,1,neutral,10.0,NEUTRAL,
88.071,1,1,-0.0059,0.1234,-0.2189,0.2513,0.0632,5.12,-1.89,4.90,0.118,0.038,0.616,11.87,0.00,0.000,1,neutral,10.1,NEUTRAL,
88.119,1,1,-0.0059,0.1234,-0.2190,0.2514,0.0635,5.34,-2.00,4.86,0.120,0.030,0.728,11.92,0.00,-0.000,1,neutral,10.2,NEUTRAL,
88.166,1,1,-0.0060,0.1235,-0.2192,0.2517,0.0632,5.31,-0.72,4.85,0.116,0.024,0.663,11.97,0.00,-0.001,1,neutral,10.3,NEUTRAL,
88.214,1,1,-0.0060,0.1232,-0.2188,0.2512,0.0634,5.31,-1.19,4.88,0.118,0.023,0.620,12.02,0.00,0.001,1,neutral,10.1,NEUTRAL,
88.279,1,1,-0.0061,0.1233,-0.2190,0.2514,0.0632,4.74,-0.81,4.95,0.116,0.020,0.546,12.08,0.00,0.000,1,neutral,11.0,NEUTRAL,
88.327,1,1,-0.0061,0.1230,-0.2185,0.2508,0.0602,5.31,-1.06,4.72,0.121,0.025,0.604,12.13,0.00,0.003,1,neutral,10.2,NEUTRAL,
88.375,1,1,-0.0062,0.1228,-0.2182,0.2504,0.0601,4.92,-0.75,4.82,0.120,0.031,0.569,12.18,0.00,0.004,1,neutral,10.1,NEUTRAL,
88.422,1,1,-0.0062,0.1229,-0.2184,0.2507,0.0619,5.12,-1.85,4.63,0.127,0.040,0.596,12.22,0.00,0.002,1,neutral,10.5,NEUTRAL,
88.470,1,1,-0.0061,0.1227,-0.2179,0.2502,0.0637,5.08,-2.39,4.76,0.136,0.057,0.649,12.27,0.00,0.004,1,neutral,10.2,NEUTRAL,
88.519,1,1,-0.0062,0.1227,-0.2180,0.2502,0.0628,5.10,-0.97,4.79,0.135,0.066,0.652,12.32,0.00,0.003,1,neutral,10.2,NEUTRAL,
88.566,1,1,-0.0062,0.1229,-0.2182,0.2505,0.0627,4.97,-1.73,4.77,0.135,0.056,0.801,12.37,0.00,0.001,1,neutral,10.3,NEUTRAL,
88.614,1,1,-0.0061,0.1229,-0.2183,0.2506,0.0631,5.02,-1.70,4.60,0.134,0.046,0.690,12.42,0.00,0.001,1,neutral,10.2,NEUTRAL,
88.662,1,1,-0.0061,0.1229,-0.2183,0.2506,0.0631,5.41,-1.11,4.95,0.133,0.033,0.632,12.46,0.00,0.000,1,neutral,10.3,NEUTRAL,
88.711,1,1,-0.0060,0.1227,-0.2179,0.2502,0.0625,5.03,-1.16,4.83,0.125,0.027,0.656,12.51,0.00,0.002,1,neutral,10.4,NEUTRAL,
88.757,1,1,-0.0059,0.1224,-0.2174,0.2495,0.0629,5.65,-1.60,4.76,0.122,0.029,0.641,12.56,0.00,0.004,1,neutral,10.1,NEUTRAL,
88.806,1,1,-0.0059,0.1225,-0.2175,0.2497,0.0630,5.39,-1.86,4.64,0.125,0.027,0.617,12.61,0.00,0.003,1,neutral,10.3,NEUTRAL,
88.855,1,1,-0.0060,0.1227,-0.2178,0.2501,0.0627,4.98,-1.77,4.75,0.119,0.020,0.666,12.66,0.00,0.001,1,neutral,10.5,NEUTRAL,
88.903,1,1,-0.0060,0.1225,-0.2177,0.2499,0.0631,5.51,-0.63,4.76,0.111,0.020,0.641,12.70,0.00,0.001,1,neutral,10.2,NEUTRAL,
88.948,1,1,-0.0060,0.1227,-0.2178,0.2500,0.0631,5.36,-0.71,4.80,0.108,0.015,0.629,12.75,0.00,0.000,1,neutral,10.0,NEUTRAL,
88.999,1,1,-0.0059,0.1229,-0.2179,0.2502,0.0630,5.52,-1.25,4.91,0.105,0.010,0.529,12.80,0.00,-0.000,1,neutral,10.6,NEUTRAL,
89.046,1,1,-0.0059,0.1229,-0.2179,0.2503,0.0631,5.59,-1.48,4.83,0.107,0.009,0.500,12.85,0.00,-0.001,1,neutral,10.4,NEUTRAL,
89.094,1,1,-0.0059,0.1231,-0.2183,0.2507,0.0631,5.37,-0.36,4.78,0.101,0.006,0.520,12.90,0.00,-0.002,1,neutral,10.4,NEUTRAL,
89.142,1,1,-0.0058,0.1230,-0.2182,0.2506,0.0626,5.65,-0.10,5.05,0.094,0.006,0.481,12.94,0.00,-0.001,1,neutral,10.6,NEUTRAL,
89.190,1,1,-0.0058,0.1227,-0.2178,0.2501,0.0625,5.57,-0.74,4.93,0.094,0.010,0.483,12.99,0.00,0.001,1,neutral,10.5,NEUTRAL,
89.238,1,1,-0.0059,0.1232,-0.2185,0.2509,0.0628,5.19,-0.42,4.86,0.094,0.003,0.539,13.04,0.00,-0.003,1,neutral,10.2,NEUTRAL,
89.285,1,1,-0.0059,0.1231,-0.2184,0.2508,0.0628,5.65,-0.67,5.03,0.097,0.000,0.492,13.09,0.00,-0.002,1,neutral,10.2,NEUTRAL,
89.334,1,1,-0.0058,0.1230,-0.2183,0.2506,0.0627,5.97,-0.17,5.10,0.098,-0.001,0.430,13.14,0.00,-0.001,1,neutral,10.3,NEUTRAL,
89.382,1,1,-0.0058,0.1230,-0.2184,0.2507,0.0627,5.80,-1.45,5.08,0.094,-0.004,0.423,13.18,0.00,-0.001,1,neutral,10.3,NEUTRAL,
89.431,1,1,-0.0060,0.1233,-0.2189,0.2513,0.0633,5.14,-0.93,4.98,0.092,-0.009,0.383,13.23,0.00,-0.003,1,neutral,10.3,NEUTRAL,
89.478,1,1,-0.0059,0.1230,-0.2185,0.2508,0.0630,5.96,-0.99,5.12,0.094,-0.011,0.393,13.28,0.00,-0.000,1,neutral,10.3,NEUTRAL,
89.527,1,1,-0.0059,0.1227,-0.2182,0.2504,0.0632,5.81,-0.67,5.05,0.090,-0.016,0.437,13.33,0.00,0.001,1,neutral,10.4,NEUTRAL,
89.590,1,1,-0.0058,0.1220,-0.2173,0.2492,0.0629,5.64,-0.10,5.17,0.094,-0.011,0.495,13.39,0.00,0.005,1,neutral,10.7,NEUTRAL,
89.638,1,1,-0.0059,0.1223,-0.2177,0.2498,0.0629,5.64,-0.74,5.13,0.093,-0.014,0.526,13.44,0.00,0.002,1,neutral,10.0,NEUTRAL,
89.686,1,1,-0.0059,0.1223,-0.2175,0.2496,0.0635,5.49,-0.60,4.97,0.089,-0.008,0.565,13.49,0.00,0.002,1,neutral,10.6,NEUTRAL,
89.734,1,1,-0.0057,0.1217,-0.2167,0.2486,0.0630,5.84,-0.51,4.97,0.088,0.000,0.520,13.54,0.00,0.006,1,neutral,10.3,NEUTRAL,
89.781,1,1,-0.0057,0.1220,-0.2172,0.2492,0.0632,5.56,-0.84,5.07,0.093,-0.001,0.594,13.58,0.00,0.002,1,neutral,10.2,NEUTRAL,
89.830,1,1,-0.0057,0.1222,-0.2177,0.2497,0.0631,5.61,-0.17,4.94,0.093,0.000,0.556,13.63,0.00,-0.000,1,neutral,9.9,NEUTRAL,
89.879,1,1,-0.0058,0.1227,-0.2183,0.2505,0.0632,5.60,-0.86,5.13,0.095,0.001,0.480,13.68,0.00,-0.004,1,neutral,10.5,NEUTRAL,
89.926,1,1,-0.0058,0.1231,-0.2187,0.2510,0.0632,5.41,-1.13,4.80,0.101,0.002,0.459,13.73,0.00,-0.005,1,neutral,10.2,NEUTRAL,
89.990,1,1,-0.0058,0.1231,-0.2185,0.2509,0.0632,5.42,-1.67,4.98,0.108,0.018,0.554,13.79,0.00,-0.004,1,neutral,10.9,NEUTRAL,
90.038,1,1,-0.0058,0.1229,-0.2182,0.2505,0.0633,5.22,-1.04,4.65,0.113,0.026,0.499,13.84,0.00,-0.001,1,neutral,10.3,NEUTRAL,
90.085,1,1,-0.0059,0.1231,-0.2185,0.2508,0.0636,5.32,-1.68,4.99,0.114,0.020,0.621,13.89,0.00,-0.002,1,neutral,10.2,NEUTRAL,
90.134,1,1,-0.0059,0.1230,-0.2185,0.2508,0.0635,5.56,-1.61,4.71,0.122,0.025,0.708,13.94,0.00,-0.002,1,neutral,10.1,NEUTRAL,
90.183,1,1,-0.0059,0.1227,-0.2182,0.2504,0.0634,5.42,-0.84,4.84,0.121,0.017,0.802,13.98,0.00,0.000,1,neutral,10.4,NEUTRAL,
90.230,1,1,-0.0060,0.1228,-0.2184,0.2506,0.0634,5.13,-1.09,4.94,0.120,0.013,0.686,14.03,0.00,-0.001,1,neutral,10.2,NEUTRAL,
90.278,1,1,-0.0058,0.1226,-0.2181,0.2503,0.0636,5.55,-1.14,4.85,0.120,0.015,0.639,14.08,0.00,0.001,1,neutral,10.3,NEUTRAL,
90.326,1,1,-0.0058,0.1224,-0.2179,0.2500,0.0635,5.43,-1.07,5.05,0.122,0.018,0.550,14.13,0.00,0.002,1,neutral,10.3,NEUTRAL,
90.389,1,1,-0.0059,0.1221,-0.2176,0.2496,0.0635,5.11,-0.80,4.96,0.122,0.019,0.462,14.19,0.00,0.003,1,neutral,10.0,NEUTRAL,
90.437,1,1,-0.0060,0.1218,-0.2173,0.2492,0.0635,5.52,-1.13,5.01,0.124,0.015,0.465,14.24,0.00,0.004,1,neutral,10.4,NEUTRAL,
90.487,1,1,-0.0061,0.1219,-0.2174,0.2493,0.0639,5.13,-1.05,5.21,0.126,0.017,0.458,14.29,0.00,0.003,1,neutral,10.1,NEUTRAL,
90.535,1,1,-0.0062,0.1222,-0.2180,0.2500,0.0641,5.10,-1.38,4.95,0.130,0.014,0.448,14.34,0.00,-0.001,1,neutral,10.4,NEUTRAL,
90.583,1,1,-0.0062,0.1223,-0.2181,0.2501,0.0632,5.15,-1.46,5.04,0.131,0.014,0.394,14.39,0.00,-0.001,1,neutral,11.3,NEUTRAL,
90.630,1,1,-0.0061,0.1220,-0.2177,0.2496,0.0634,5.38,-1.08,5.24,0.132,0.015,0.342,14.43,0.00,0.001,1,neutral,10.0,NEUTRAL,
90.679,1,1,-0.0063,0.1223,-0.2180,0.2500,0.0632,4.88,-0.99,4.96,0.129,0.023,0.420,14.48,0.00,-0.001,1,neutral,10.3,NEUTRAL,
90.726,1,1,-0.0063,0.1222,-0.2180,0.2500,0.0632,4.89,-1.55,5.02,0.130,0.024,0.456,14.53,0.00,-0.001,1,neutral,9.9,NEUTRAL,
90.790,1,1,-0.0063,0.1221,-0.2180,0.2499,0.0635,4.99,-1.11,4.96,0.133,0.027,0.418,14.59,0.00,-0.000,1,neutral,9.8,NEUTRAL,
90.838,1,1,-0.0064,0.1222,-0.2183,0.2503,0.0632,4.97,-1.06,4.99,0.140,0.038,0.488,14.64,0.00,-0.002,1,neutral,10.1,NEUTRAL,
90.886,1,1,-0.0065,0.1224,-0.2187,0.2507,0.0637,4.48,-1.07,4.87,0.143,0.043,0.457,14.69,0.00,-0.003,1,neutral,10.4,NEUTRAL,
90.934,1,1,-0.0066,0.1227,-0.2189,0.2510,0.0632,4.77,-1.36,4.86,0.137,0.034,0.610,14.74,0.00,-0.004,1,neutral,10.3,NEUTRAL,
90.982,1,1,-0.0064,0.1224,-0.2184,0.2505,0.0636,5.07,-0.99,5.10,0.140,0.052,0.912,14.78,0.00,-0.001,1,neutral,10.5,NEUTRAL,
91.031,1,1,-0.0065,0.1224,-0.2186,0.2506,0.0634,4.77,-0.95,4.98,0.142,0.047,1.023,14.83,0.00,-0.001,1,neutral,10.2,NEUTRAL,
91.078,1,1,-0.0065,0.1222,-0.2185,0.2504,0.0632,5.00,-1.17,4.81,0.141,0.044,0.866,14.88,0.00,-0.000,1,neutral,10.3,NEUTRAL,
91.126,1,1,-0.0066,0.1225,-0.2188,0.2508,0.0630,4.56,-0.55,4.81,0.143,0.040,0.752,14.93,0.00,-0.002,1,neutral,10.3,NEUTRAL,
91.190,1,1,-0.0065,0.1221,-0.2182,0.2501,0.0633,5.11,-0.73,4.82,0.146,0.051,0.787,14.99,0.00,0.001,1,neutral,10.7,NEUTRAL,
91.238,1,1,-0.0064,0.1220,-0.2182,0.2501,0.0632,5.22,-1.19,5.11,0.154,0.072,0.852,15.04,0.00,0.001,1,neutral,9.9,NEUTRAL,
91.287,1,1,-0.0065,0.1223,-0.2187,0.2506,0.0631,5.00,-1.28,4.80,0.155,0.068,1.008,15.09,0.00,-0.001,1,neutral,10.4,NEUTRAL,
91.334,1,1,-0.0065,0.1220,-0.2184,0.2502,0.0628,4.79,-0.89,5.17,0.151,0.056,0.983,15.14,0.00,0.000,1,neutral,10.3,NEUTRAL,
91.382,1,1,-0.0065,0.1222,-0.2186,0.2505,0.0631,5.00,-0.71,5.09,0.152,0.052,0.889,15.18,0.00,-0.001,1,neutral,10.3,NEUTRAL,
91.431,1,1,-0.0065,0.1222,-0.2187,0.2506,0.0631,5.06,-0.26,5.18,0.157,0.056,0.833,15.23,0.00,-0.001,1,neutral,10.4,NEUTRAL,
91.478,1,1,-0.0066,0.1220,-0.2186,0.2504,0.0608,4.76,-0.42,4.60,0.152,0.059,0.810,15.28,0.00,-0.000,1,neutral,10.3,NEUTRAL,
91.527,1,1,-0.0065,0.1220,-0.2186,0.2505,0.0626,5.13,-1.43,4.71,0.158,0.067,0.840,15.33,0.00,-0.000,1,neutral,10.3,NEUTRAL,
91.590,1,1,-0.0065,0.1221,-0.2187,0.2506,0.0628,5.10,-1.10,5.04,0.154,0.053,0.945,15.39,0.00,-0.001,1,neutral,10.8,NEUTRAL,
91.638,1,1,-0.0066,0.1225,-0.2192,0.2512,0.0635,4.61,-0.42,5.08,0.146,0.048,0.876,15.44,0.00,-0.003,1,neutral,10.3,NEUTRAL,
91.688,1,1,-0.0066,0.1227,-0.2196,0.2516,0.0630,5.01,-1.02,4.89,0.140,0.036,0.807,15.49,0.00,-0.004,1,neutral,10.3,NEUTRAL,
91.734,1,1,-0.0066,0.1226,-0.2194,0.2514,0.0635,5.22,-0.36,5.07,0.137,0.037,0.793,15.54,0.00,-0.002,1,neutral,10.2,NEUTRAL,
91.782,1,1,-0.0064,0.1221,-0.2187,0.2506,0.0635,5.30,-1.18,4.98,0.136,0.041,0.715,15.58,0.00,0.002,1,neutral,10.4,NEUTRAL,
91.831,1,1,-0.0064,0.1224,-0.2191,0.2510,0.0636,4.96,-0.99,4.90,0.132,0.036,0.733,15.63,0.00,-0.001,1,neutral,10.1,NEUTRAL,
91.876,1,1,-0.0064,0.1224,-0.2189,0.2509,0.0628,5.21,-0.91,4.88,0.130,0.040,0.727,15.68,0.00,0.000,1,neutral,10.1,NEUTRAL,
91.926,1,1,-0.0064,0.1226,-0.2191,0.2512,0.0635,4.88,-0.84,5.00,0.129,0.036,0.687,15.73,0.00,-0.001,1,neutral,10.3,NEUTRAL,
91.974,1,1,-0.0064,0.1227,-0.2192,0.2513,0.0633,5.22,-1.38,4.82,0.131,0.036,0.625,15.78,0.00,-0.001,1,neutral,10.2,NEUTRAL,
92.021,1,1,-0.0063,0.1220,-0.2184,0.2502,0.0627,5.52,-0.62,5.10,0.133,0.041,0.581,15.82,0.00,0.003,1,neutral,10.1,NEUTRAL,
92.071,1,1,-0.0064,0.1222,-0.2187,0.2506,0.0631,4.93,-1.75,4.87,0.130,0.039,0.584,15.87,0.00,0.001,1,neutral,10.4,NEUTRAL,
92.118,1,1,-0.0064,0.1221,-0.2186,0.2505,0.0631,5.08,-0.42,4.98,0.122,0.033,0.598,15.92,0.00,0.002,1,neutral,10.1,NEUTRAL,
92.166,1,1,-0.0063,0.1218,-0.2183,0.2501,0.0630,5.22,-0.38,5.31,0.114,0.028,0.497,15.97,0.00,0.003,1,neutral,10.4,NEUTRAL,
92.214,1,1,-0.0064,0.1220,-0.2189,0.2507,0.0638,4.97,-0.08,5.15,0.116,0.038,0.658,16.02,0.00,-0.000,1,neutral,10.3,NEUTRAL,
92.263,1,1,-0.0064,0.1219,-0.2187,0.2504,0.0631,4.95,-1.46,5.18,0.118,0.030,0.783,16.06,0.00,0.001,1,neutral,10.4,NEUTRAL,
92.311,1,1,-0.0064,0.1219,-0.2189,0.2506,0.0628,5.03,-0.62,4.86,0.113,0.023,0.733,16.11,0.00,0.000,1,neutral,10.1,NEUTRAL,
92.357,1,1,-0.0063,0.1217,-0.2186,0.2502,0.0635,5.40,-1.07,5.17,0.116,0.027,0.774,16.16,0.00,0.002,1,neutral,10.4,NEUTRAL,
92.406,1,1,-0.0063,0.1218,-0.2187,0.2504,0.0631,5.24,-0.99,4.99,0.115,0.028,0.674,16.21,0.00,0.001,1,neutral,10.2,NEUTRAL,
92.454,1,1,-0.0061,0.1214,-0.2181,0.2496,0.0636,5.43,-0.48,5.27,0.114,0.031,0.578,16.26,0.00,0.004,1,neutral,10.2,NEUTRAL,
92.501,1,1,-0.0061,0.1216,-0.2183,0.2500,0.0626,5.22,-0.20,4.90,0.117,0.024,0.625,16.30,0.00,0.001,1,neutral,10.2,NEUTRAL,
92.550,1,1,-0.0060,0.1215,-0.2181,0.2497,0.0630,5.47,-0.99,5.06,0.119,0.029,0.672,16.35,0.00,0.002,1,neutral,10.2,NEUTRAL,
92.598,1,1,-0.0061,0.1217,-0.2183,0.2501,0.0635,5.06,-1.14,5.18,0.123,0.029,0.619,16.40,0.00,0.000,1,neutral,10.2,NEUTRAL,
92.646,1,1,-0.0061,0.1218,-0.2183,0.2501,0.0629,5.12,-1.08,5.32,0.122,0.024,0.591,16.45,0.00,0.000,1,neutral,10.3,NEUTRAL,
92.694,1,1,-0.0060,0.1216,-0.2178,0.2495,0.0632,5.84,-1.36,5.17,0.123,0.025,0.554,16.50,0.00,0.002,1,neutral,10.4,NEUTRAL,
92.742,1,1,-0.0059,0.1215,-0.2178,0.2495,0.0631,5.40,-0.79,5.20,0.121,0.020,0.538,16.54,0.00,0.002,1,neutral,10.3,NEUTRAL,
92.806,1,1,-0.0061,0.1219,-0.2184,0.2502,0.0635,5.06,-0.10,5.14,0.119,0.021,0.489,16.61,0.00,-0.000,1,neutral,10.7,NEUTRAL,
92.854,1,1,-0.0062,0.1222,-0.2189,0.2508,0.0633,4.76,-0.43,5.17,0.113,0.017,0.503,16.66,0.00,-0.003,1,neutral,10.6,NEUTRAL,
92.903,1,1,-0.0063,0.1226,-0.2193,0.2513,0.0634,4.98,-0.61,4.98,0.111,0.018,0.483,16.71,0.00,-0.004,1,neutral,10.3,NEUTRAL,
92.951,1,1,-0.0063,0.1225,-0.2193,0.2513,0.0631,5.32,-0.99,5.16,0.114,0.030,0.585,16.75,0.00,-0.004,1,neutral,10.3,NEUTRAL,
92.998,1,1,-0.0063,0.1226,-0.2195,0.2515,0.0633,5.08,-0.32,5.05,0.111,0.039,0.548,16.80,0.00,-0.003,1,neutral,10.4,NEUTRAL,
93.047,1,1,-0.0063,0.1226,-0.2193,0.2513,0.0635,5.23,-0.36,5.04,0.109,0.035,0.617,16.85,0.00,-0.002,1,neutral,10.5,NEUTRAL,
93.095,1,1,-0.0062,0.1224,-0.2190,0.2510,0.0632,5.33,-0.95,4.90,0.113,0.032,0.582,16.90,0.00,-0.000,1,neutral,10.2,NEUTRAL,
93.141,1,1,-0.0062,0.1224,-0.2192,0.2511,0.0635,5.03,-0.09,4.91,0.117,0.037,0.589,16.94,0.00,-0.001,1,neutral,10.3,NEUTRAL,
93.206,1,1,-0.0062,0.1223,-0.2191,0.2510,0.0629,5.13,-0.77,4.93,0.121,0.037,0.521,17.01,0.00,-0.000,1,neutral,10.8,NEUTRAL,
93.254,1,1,-0.0062,0.1221,-0.2189,0.2507,0.0630,4.98,-0.32,4.80,0.127,0.047,0.582,17.06,0.00,0.001,1,neutral,10.0,NEUTRAL,
93.303,1,1,-0.0064,0.1224,-0.2192,0.2511,0.0631,4.99,-0.71,4.76,0.128,0.051,0.532,17.10,0.00,-0.001,1,neutral,10.1,NEUTRAL,
93.350,1,1,-0.0063,0.1221,-0.2188,0.2506,0.0631,5.03,-0.63,4.98,0.133,0.052,0.495,17.15,0.00,0.001,1,neutral,10.4,NEUTRAL,
93.398,1,1,-0.0063,0.1221,-0.2188,0.2506,0.0625,5.53,0.05,5.17,0.132,0.044,0.584,17.20,0.00,0.001,1,neutral,10.4,NEUTRAL,
93.445,1,1,-0.0063,0.1221,-0.2189,0.2507,0.0632,4.85,-0.95,4.81,0.131,0.045,0.597,17.25,0.00,0.001,1,neutral,10.2,NEUTRAL,
93.496,1,1,-0.0063,0.1219,-0.2185,0.2503,0.0622,5.16,-1.14,4.97,0.131,0.038,0.604,17.30,0.00,0.002,1,neutral,10.3,NEUTRAL,
93.542,1,1,-0.0064,0.1221,-0.2189,0.2507,0.0632,4.93,-0.81,4.78,0.133,0.042,0.653,17.34,0.00,-0.000,1,neutral,10.4,NEUTRAL,
93.606,1,1,-0.0065,0.1222,-0.2188,0.2507,0.0631,5.09,-0.13,4.93,0.131,0.033,0.691,17.41,0.00,-0.000,1,neutral,10.7,NEUTRAL,
93.652,1,1,-0.0066,0.1226,-0.2193,0.2514,0.0634,4.90,-0.89,4.84,0.125,0.033,0.688,17.45,0.00,-0.003,1,neutral,10.0,NEUTRAL,
93.703,1,1,-0.0065,0.1223,-0.2189,0.2508,0.0634,5.00,-0.73,4.94,0.128,0.032,0.655,17.51,0.00,-0.000,1,neutral,10.3,NEUTRAL,
93.751,1,1,-0.0064,0.1225,-0.2192,0.2512,0.0631,5.25,-0.74,4.75,0.132,0.044,0.747,17.55,0.00,-0.002,1,neutral,10.5,NEUTRAL,
93.797,1,1,-0.0064,0.1224,-0.2192,0.2511,0.0632,5.27,0.17,5.10,0.132,0.050,0.690,17.60,0.00,-0.001,1,neutral,10.1,NEUTRAL,
93.847,1,1,-0.0063,0.1222,-0.2189,0.2508,0.0632,5.15,-1.22,4.78,0.144,0.084,1.082,17.65,0.00,0.000,1,neutral,10.3,NEUTRAL,
93.893,1,1,-0.0064,0.1225,-0.2193,0.2513,0.0627,4.99,-0.79,4.72,0.139,0.067,1.638,17.69,0.00,-0.002,1,neutral,10.4,NEUTRAL,
93.943,1,1,-0.0063,0.1222,-0.2188,0.2507,0.0629,5.53,-0.67,4.87,0.135,0.059,1.374,17.75,0.00,0.001,1,neutral,10.3,NEUTRAL,
94.006,1,1,-0.0064,0.1220,-0.2186,0.2504,0.0632,5.21,-0.22,4.91,0.135,0.045,1.195,17.81,0.00,0.002,1,neutral,10.9,NEUTRAL,
94.054,1,1,-0.0065,0.1222,-0.2189,0.2508,0.0633,4.80,-1.07,4.99,0.138,0.048,1.189,17.86,0.00,-0.000,1,neutral,10.1,NEUTRAL,
94.102,1,1,-0.0065,0.1223,-0.2192,0.2511,0.0629,5.07,-0.02,4.83,0.138,0.058,1.097,17.90,0.00,-0.001,1,neutral,10.3,NEUTRAL,
94.150,1,1,-0.0064,0.1221,-0.2189,0.2507,0.0623,5.51,-0.71,4.55,0.144,0.064,0.969,17.95,0.00,0.000,1,neutral,10.0,NEUTRAL,
94.198,1,1,-0.0064,0.1218,-0.2187,0.2504,0.0619,5.00,-0.41,4.86,0.148,0.058,0.953,18.00,0.00,0.002,1,neutral,10.2,NEUTRAL,
94.246,1,1,-0.0064,0.1217,-0.2185,0.2502,0.0622,5.07,-1.22,4.88,0.139,0.049,0.971,18.05,0.00,0.002,1,neutral,10.3,NEUTRAL,
94.294,1,1,-0.0064,0.1220,-0.2188,0.2506,0.0631,5.06,-0.97,4.86,0.142,0.058,1.097,18.10,0.00,0.000,1,neutral,10.3,NEUTRAL,
94.343,1,1,-0.0064,0.1221,-0.2190,0.2508,0.0627,5.18,-0.56,4.87,0.145,0.062,0.923,18.14,0.00,-0.001,1,neutral,10.4,NEUTRAL,
94.406,1,1,-0.0064,0.1219,-0.2189,0.2506,0.0633,5.34,-0.61,5.01,0.141,0.054,0.900,18.21,0.00,-0.000,1,neutral,10.5,NEUTRAL,
94.455,1,1,-0.0064,0.1218,-0.2187,0.2504,0.0623,5.12,-0.00,4.80,0.139,0.055,0.838,18.26,0.00,0.001,1,neutral,10.2,NEUTRAL,
94.501,1,1,-0.0064,0.1218,-0.2187,0.2504,0.0632,5.15,0.03,4.91,0.137,0.046,0.837,18.30,0.00,0.001,1,neutral,10.1,NEUTRAL,
94.550,1,1,-0.0063,0.1219,-0.2190,0.2508,0.0630,5.22,-0.53,4.68,0.130,0.038,0.748,18.35,0.00,-0.001,1,neutral,10.2,NEUTRAL,
94.598,1,1,-0.0062,0.1215,-0.2184,0.2500,0.0628,5.47,-0.03,4.80,0.136,0.040,0.825,18.40,0.00,0.003,1,neutral,10.2,NEUTRAL,
94.647,1,1,-0.0063,0.1217,-0.2186,0.2502,0.0631,5.27,-0.28,4.68,0.136,0.040,0.739,18.45,0.00,0.001,1,neutral,10.2,NEUTRAL,
94.693,1,1,-0.0063,0.1215,-0.2183,0.2499,0.0630,5.34,0.03,4.82,0.133,0.041,0.645,18.50,0.00,0.002,1,neutral,10.0,NEUTRAL,
94.742,1,1,-0.0062,0.1215,-0.2184,0.2500,0.0626,5.23,-0.36,4.80,0.129,0.034,0.645,18.54,0.00,0.001,1,neutral,10.3,NEUTRAL,
94.791,1,1,-0.0062,0.1215,-0.2183,0.2499,0.0631,5.18,-0.47,4.75,0.129,0.033,0.600,18.59,0.00,0.001,1,neutral,10.3,NEUTRAL,
94.836,1,1,-0.0063,0.1215,-0.2184,0.2500,0.0631,5.14,-0.62,4.87,0.132,0.027,0.566,18.64,0.00,0.001,1,neutral,9.9,NEUTRAL,
94.887,1,1,-0.0063,0.1216,-0.2186,0.2502,0.0626,5.17,-0.93,4.89,0.130,0.020,0.538,18.69,0.00,-0.000,1,neutral,10.2,NEUTRAL,
94.935,1,1,-0.0063,0.1216,-0.2184,0.2501,0.0629,5.20,-0.17,4.94,0.123,0.017,0.549,18.74,0.00,0.000,1,neutral,10.5,NEUTRAL,
94.982,1,1,-0.0063,0.1217,-0.2186,0.2503,0.0625,5.06,-0.50,4.98,0.122,0.015,0.527,18.78,0.00,-0.001,1,neutral,10.3,NEUTRAL,
95.031,1,1,-0.0063,0.1220,-0.2189,0.2507,0.0632,5.25,-0.68,5.03,0.119,0.015,0.478,18.83,0.00,-0.002,1,neutral,10.5,NEUTRAL,
95.080,1,1,-0.0063,0.1222,-0.2190,0.2508,0.0629,5.22,-0.82,5.09,0.118,0.012,0.442,18.88,0.00,-0.002,1,neutral,10.2,NEUTRAL,
95.126,1,1,-0.0062,0.1220,-0.2189,0.2506,0.0630,5.51,0.35,5.11,0.111,0.013,0.485,18.93,0.00,-0.001,1,neutral,10.0,NEUTRAL,
95.174,1,1,-0.0061,0.1216,-0.2183,0.2499,0.0638,5.57,-0.35,5.28,0.107,0.014,0.406,18.98,0.00,0.002,1,neutral,10.3,NEUTRAL,
95.222,1,1,-0.0061,0.1216,-0.2182,0.2499,0.0628,5.26,-1.10,5.26,0.106,0.009,0.419,19.02,0.00,0.002,1,neutral,10.3,NEUTRAL,
95.271,1,1,-0.0061,0.1218,-0.2186,0.2504,0.0631,5.48,-0.37,4.92,0.106,0.008,0.364,19.07,0.00,-0.001,1,neutral,10.2,NEUTRAL,
95.319,1,1,-0.0062,0.1222,-0.2191,0.2509,0.0637,5.10,-1.17,4.91,0.109,0.006,0.343,19.12,0.00,-0.003,1,neutral,10.2,NEUTRAL,
95.365,1,1,-0.0061,0.1219,-0.2187,0.2505,0.0635,5.71,-0.44,5.26,0.110,0.010,0.367,19.17,0.00,-0.000,1,neutral,10.2,NEUTRAL,
95.414,1,1,-0.0059,0.1213,-0.2178,0.2493,0.0637,5.98,-0.86,5.02,0.119,0.016,0.424,19.22,0.00,0.004,1,neutral,10.1,NEUTRAL,
95.463,1,1,-0.0057,0.1211,-0.2176,0.2491,0.0629,5.60,-0.72,4.86,0.123,0.023,0.394,19.26,0.00,0.005,1,neutral,10.4,NEUTRAL,
95.511,1,1,-0.0058,0.1211,-0.2177,0.2491,0.0637,5.44,0.01,5.11,0.121,0.036,0.463,19.31,0.00,0.003,1,neutral,10.2,NEUTRAL,
95.558,1,1,-0.0057,0.1210,-0.2174,0.2489,0.0633,5.59,0.11,5.02,0.120,0.045,0.382,19.36,0.00,0.004,1,neutral,10.4,NEUTRAL,
95.621,1,1,-0.0058,0.1211,-0.2178,0.2493,0.0637,5.33,-0.81,4.98,0.117,0.036,0.505,19.42,0.00,0.002,1,neutral,9.9,NEUTRAL,
95.670,1,1,-0.0058,0.1211,-0.2177,0.2491,0.0633,5.57,-0.80,4.84,0.118,0.033,0.498,19.47,0.00,0.002,1,neutral,10.2,NEUTRAL,
95.718,1,1,-0.0059,0.1215,-0.2183,0.2499,0.0627,5.21,-0.09,5.01,0.110,0.026,0.579,19.52,0.00,-0.001,1,neutral,10.2,NEUTRAL,
95.764,1,1,-0.0060,0.1215,-0.2183,0.2499,0.0630,5.46,-0.60,4.92,0.110,0.022,0.576,19.57,0.00,-0.001,1,neutral,10.3,NEUTRAL,
95.813,1,1,-0.0060,0.1216,-0.2186,0.2502,0.0631,5.32,-0.10,4.89,0.108,0.020,0.508,19.62,0.00,-0.002,1,neutral,10.3,NEUTRAL,
95.862,1,1,-0.0060,0.1215,-0.2185,0.2501,0.0634,5.65,-0.51,4.97,0.111,0.018,0.500,19.66,0.00,-0.001,1,neutral,10.2,NEUTRAL,
95.911,1,1,-0.0059,0.1213,-0.2183,0.2498,0.0629,5.56,0.10,5.16,0.108,0.019,0.510,19.71,0.00,0.000,1,neutral,10.3,NEUTRAL,
95.958,1,1,-0.0060,0.1212,-0.2182,0.2497,0.0631,5.51,-0.54,5.21,0.110,0.011,0.576,19.76,0.00,0.001,1,neutral,10.2,NEUTRAL,
96.022,1,1,-0.0060,0.1209,-0.2178,0.2491,0.0632,5.53,-0.92,5.06,0.106,0.004,0.533,19.82,0.00,0.002,1,neutral,10.8,NEUTRAL,
96.070,1,1,-0.0061,0.1208,-0.2176,0.2490,0.0631,5.34,-0.13,5.03,0.100,0.006,0.548,19.87,0.00,0.002,1,neutral,10.3,NEUTRAL,
96.119,1,1,-0.0061,0.1208,-0.2178,0.2491,0.0633,5.29,-0.14,4.85,0.105,0.012,0.601,19.92,0.00,0.002,1,neutral,10.2,NEUTRAL,
96.166,1,1,-0.0062,0.1207,-0.2179,0.2491,0.0632,5.69,0.44,5.08,0.104,0.004,0.713,19.97,0.00,0.001,1,neutral,10.2,NEUTRAL,
96.214,1,1,-0.0062,0.1207,-0.2176,0.2489,0.0629,5.55,-0.21,4.98,0.102,0.009,0.759,20.02,0.00,0.002,1,neutral,10.1,NEUTRAL,
96.263,1,1,-0.0062,0.1208,-0.2178,0.2491,0.0636,5.62,-0.06,4.71,0.104,0.006,0.729,20.07,0.00,0.001,1,neutral,10.5,NEUTRAL,
96.311,1,1,-0.0062,0.1206,-0.2174,0.2487,0.0626,5.70,-0.52,5.12,0.100,0.001,0.685,20.11,0.00,0.002,1,neutral,10.1,NEUTRAL,
96.363,1,1,-0.0062,0.1205,-0.2173,0.2486,0.0630,5.47,-0.88,5.17,0.097,-0.003,0.557,20.16,0.00,0.002,1,neutral,10.6,NEUTRAL,
96.422,1,1,-0.0065,0.1212,-0.2183,0.2498,0.0633,4.88,-0.16,4.93,0.094,-0.008,0.470,20.22,0.00,-0.002,1,neutral,10.3,NEUTRAL,
96.469,1,1,-0.0065,0.1210,-0.2180,0.2494,0.0631,5.59,-0.06,5.12,0.097,-0.008,0.483,20.27,0.00,-0.000,1,neutral,10.3,NEUTRAL,
96.520,1,1,-0.0065,0.1206,-0.2177,0.2489,0.0637,5.36,-0.25,5.15,0.096,-0.008,0.436,20.32,0.00,0.002,1,neutral,10.5,NEUTRAL,
96.566,1,1,-0.0064,0.1207,-0.2178,0.2491,0.0639,5.54,-0.03,4.98,0.097,-0.006,0.394,20.37,0.00,0.001,1,neutral,10.3,NEUTRAL,
96.614,1,1,-0.0065,0.1211,-0.2184,0.2498,0.0640,5.57,-0.26,5.17,0.098,-0.009,0.386,20.42,0.00,-0.002,1,neutral,10.2,NEUTRAL,
96.662,1,1,-0.0066,0.1210,-0.2182,0.2495,0.0641,5.65,-0.33,4.80,0.097,-0.011,0.332,20.46,0.00,-0.001,1,neutral,10.5,NEUTRAL,
96.711,1,1,-0.0066,0.1206,-0.2177,0.2490,0.0641,5.71,-0.48,5.24,0.100,-0.009,0.344,20.51,0.00,0.002,1,neutral,10.3,NEUTRAL,
96.758,1,1,-0.0066,0.1207,-0.2179,0.2492,0.0639,5.49,0.08,5.03,0.101,-0.011,0.336,20.56,0.00,0.000,1,neutral,10.3,NEUTRAL,
96.822,1,1,-0.0068,0.1209,-0.2185,0.2498,0.0637,5.17,0.45,5.07,0.100,-0.004,0.368,20.62,0.00,-0.002,1,neutral,10.8,NEUTRAL,
96.869,1,1,-0.0068,0.1205,-0.2184,0.2495,0.0639,5.70,0.02,5.13,0.101,-0.007,0.432,20.67,0.00,-0.000,1,neutral,10.1,NEUTRAL,
96.918,1,1,-0.0070,0.1210,-0.2194,0.2506,0.0640,4.85,0.82,5.35,0.098,-0.006,0.443,20.72,0.00,-0.005,1,neutral,10.3,NEUTRAL,
96.966,1,1,-0.0069,0.1206,-0.2190,0.2501,0.0637,5.35,0.40,5.17,0.099,-0.007,0.434,20.77,0.00,-0.002,1,neutral,10.2,NEUTRAL,
97.014,1,1,-0.0071,0.1208,-0.2196,0.2508,0.0642,4.77,0.42,5.37,0.093,-0.011,0.479,20.82,0.00,-0.004,1,neutral,10.3,NEUTRAL,
97.062,1,1,-0.0070,0.1207,-0.2196,0.2506,0.0647,5.58,0.80,5.36,0.092,-0.013,0.437,20.86,0.00,-0.003,1,neutral,10.4,NEUTRAL,
97.111,1,1,-0.0070,0.1206,-0.2195,0.2505,0.0642,5.04,0.68,5.04,0.090,-0.013,0.391,20.91,0.00,-0.002,1,neutral,10.3,NEUTRAL,
97.156,1,1,-0.0069,0.1200,-0.2189,0.2497,0.0637,5.44,0.46,5.04,0.092,-0.015,0.374,20.96,0.00,0.002,1,neutral,10.1,NEUTRAL,
97.221,1,1,-0.0069,0.1201,-0.2190,0.2499,0.0644,5.36,0.04,5.21,0.092,-0.012,0.352,21.02,0.00,0.001,1,neutral,10.1,NEUTRAL,
97.269,1,1,-0.0071,0.1205,-0.2199,0.2508,0.0640,5.02,0.46,5.01,0.092,-0.016,0.396,21.07,0.00,-0.003,1,neutral,9.9,NEUTRAL,
97.318,1,1,-0.0070,0.1202,-0.2195,0.2503,0.0639,5.49,0.12,5.42,0.092,-0.017,0.356,21.12,0.00,-0.000,1,neutral,10.2,NEUTRAL,
97.369,1,1,-0.0069,0.1198,-0.2191,0.2498,0.0639,5.71,0.58,5.26,0.090,-0.019,0.321,21.17,0.00,0.002,1,neutral,10.2,NEUTRAL,
97.430,1,1,-0.0068,0.1194,-0.2184,0.2490,0.0634,4.98,0.38,5.49,0.094,-0.018,0.336,21.23,0.00,0.004,1,neutral,10.5,NEUTRAL,
97.479,1,1,-0.0068,0.1193,-0.2184,0.2490,0.0636,5.59,0.20,5.49,0.101,-0.012,0.376,21.28,0.00,0.003,1,neutral,10.3,NEUTRAL,
97.525,1,1,-0.0068,0.1192,-0.2181,0.2486,0.0639,5.35,-0.29,5.32,0.106,-0.012,0.383,21.33,0.00,0.004,1,neutral,10.2,NEUTRAL,
97.574,1,1,-0.0067,0.1186,-0.2174,0.2477,0.0635,5.66,-0.03,5.28,0.108,-0.013,0.337,21.38,0.00,0.007,1,neutral,10.3,NEUTRAL,
97.622,1,1,-0.0067,0.1181,-0.2168,0.2470,0.0632,5.50,0.36,5.43,0.108,-0.012,0.309,21.42,0.00,0.009,1,neutral,10.2,NEUTRAL,
97.670,1,1,-0.0068,0.1181,-0.2167,0.2469,0.0633,5.20,0.03,5.41,0.106,-0.014,0.287,21.47,0.00,0.007,1,neutral,10.5,NEUTRAL,
97.718,1,1,-0.0068,0.1179,-0.2164,0.2465,0.0633,5.42,-0.31,5.62,0.112,-0.013,0.362,21.52,0.00,0.008,1,neutral,10.2,NEUTRAL,
97.766,1,1,-0.0067,0.1181,-0.2166,0.2468,0.0636,5.50,-0.51,5.44,0.115,-0.013,0.331,21.57,0.00,0.005,1,neutral,10.1,NEUTRAL,
97.814,1,1,-0.0066,0.1180,-0.2165,0.2467,0.0641,5.45,0.03,5.33,0.115,-0.003,0.432,21.62,0.00,0.004,1,neutral,10.3,NEUTRAL,
97.862,1,1,-0.0065,0.1178,-0.2163,0.2464,0.0633,5.53,-0.10,5.10,0.117,-0.001,0.440,21.66,0.00,0.005,1,neutral,10.2,NEUTRAL,
97.911,1,1,-0.0065,0.1181,-0.2168,0.2470,0.0630,5.25,-0.02,5.37,0.124,0.017,0.644,21.71,0.00,0.001,1,neutral,10.5,NEUTRAL,
97.958,1,1,-0.0065,0.1181,-0.2166,0.2468,0.0631,5.05,0.14,5.64,0.126,0.013,0.820,21.76,0.00,0.002,1,neutral,10.1,NEUTRAL,
98.006,1,1,-0.0065,0.1179,-0.2162,0.2464,0.0632,5.22,0.14,5.44,0.127,0.016,0.759,21.81,0.00,0.003,1,neutral,10.7,NEUTRAL,
98.054,1,1,-0.0065,0.1180,-0.2162,0.2464,0.0636,4.97,0.72,5.53,0.125,0.018,0.643,21.86,0.00,0.002,1,neutral,10.4,NEUTRAL,
98.102,1,1,-0.0065,0.1181,-0.2161,0.2464,0.0630,5.32,-0.00,5.64,0.129,0.015,0.612,21.90,0.00,0.002,1,neutral,10.4,NEUTRAL,
98.150,1,1,-0.0064,0.1180,-0.2160,0.2463,0.0630,5.78,-0.42,5.58,0.135,0.013,0.540,21.95,0.00,0.002,1,neutral,10.2,NEUTRAL,
98.198,1,1,-0.0064,0.1179,-0.2158,0.2460,0.0629,5.49,0.18,5.38,0.134,0.016,0.556,22.00,0.00,0.003,1,neutral,10.3,NEUTRAL,
98.247,1,1,-0.0064,0.1176,-0.2155,0.2456,0.0632,5.20,0.30,5.52,0.130,0.015,0.520,22.05,0.00,0.004,1,neutral,10.4,NEUTRAL,
98.299,1,1,-0.0063,0.1174,-0.2152,0.2452,0.0629,5.44,0.31,5.56,0.131,0.021,0.541,22.10,0.00,0.005,1,neutral,10.4,NEUTRAL,
98.358,1,1,-0.0063,0.1173,-0.2149,0.2449,0.0622,5.36,-0.18,5.31,0.130,0.025,0.472,22.16,0.00,0.005,1,neutral,10.1,NEUTRAL,
98.406,1,1,-0.0064,0.1176,-0.2153,0.2454,0.0628,5.14,0.52,5.40,0.124,0.016,0.584,22.21,0.00,0.002,1,neutral,10.3,NEUTRAL,
98.453,1,1,-0.0063,0.1176,-0.2152,0.2453,0.0625,5.46,0.64,5.75,0.128,0.019,0.672,22.26,0.00,0.002,1,neutral,9.8,NEUTRAL,
98.503,1,1,-0.0062,0.1175,-0.2150,0.2451,0.0624,5.23,-0.49,5.29,0.123,0.016,0.694,22.30,0.00,0.002,1,neutral,10.2,NEUTRAL,
98.550,1,1,-0.0062,0.1177,-0.2152,0.2453,0.0616,5.50,-0.05,5.66,0.119,0.019,0.638,22.35,0.00,0.001,1,neutral,10.3,NEUTRAL,
98.598,1,1,-0.0060,0.1176,-0.2150,0.2451,0.0627,5.55,0.72,5.52,0.119,0.015,0.627,22.40,0.00,0.002,1,neutral,10.1,NEUTRAL,
98.646,1,1,-0.0060,0.1178,-0.2153,0.2455,0.0623,5.41,0.56,5.43,0.114,0.012,0.590,22.45,0.00,-0.000,1,neutral,10.4,NEUTRAL,
98.694,1,1,-0.0059,0.1177,-0.2151,0.2453,0.0632,5.48,-0.20,5.40,0.117,0.014,0.601,22.50,0.00,0.001,1,neutral,10.2,NEUTRAL,
98.743,1,1,-0.0058,0.1176,-0.2149,0.2450,0.0626,5.92,-0.19,5.42,0.124,0.019,0.591,22.54,0.00,0.001,1,neutral,10.4,NEUTRAL,
98.789,1,1,-0.0059,0.1182,-0.2158,0.2461,0.0633,5.35,0.01,5.31,0.125,0.018,0.591,22.59,0.00,-0.004,1,neutral,10.0,NEUTRAL,
98.839,1,1,-0.0059,0.1185,-0.2161,0.2466,0.0628,5.63,0.02,5.18,0.126,0.029,0.660,22.64,0.00,-0.005,1,neutral,10.4,NEUTRAL,
98.885,1,1,-0.0059,0.1186,-0.2163,0.2467,0.0614,5.35,1.93,5.27,0.121,0.021,0.820,22.69,0.00,-0.004,1,neutral,10.1,NEUTRAL,
98.935,1,1,-0.0059,0.1190,-0.2167,0.2473,0.0619,5.26,-0.38,4.80,0.121,0.020,0.752,22.74,0.00,-0.006,1,neutral,10.3,NEUTRAL,
98.981,1,1,-0.0059,0.1194,-0.2171,0.2478,0.0629,5.16,0.47,4.85,0.116,0.023,0.713,22.78,0.00,-0.007,1,neutral,10.4,NEUTRAL,
99.031,1,1,-0.0059,0.1193,-0.2169,0.2476,0.0623,5.55,0.83,4.86,0.123,0.043,0.898,22.83,0.00,-0.005,1,neutral,10.4,NEUTRAL,
99.078,1,1,-0.0059,0.1193,-0.2171,0.2478,0.0626,5.39,0.93,5.02,0.122,0.047,0.927,22.88,0.00,-0.005,1,neutral,10.2,NEUTRAL,
99.126,1,1,-0.0059,0.1197,-0.2176,0.2484,0.0638,5.38,0.03,5.26,0.123,0.044,0.837,22.93,0.00,-0.006,1,neutral,10.2,NEUTRAL,
99.174,1,1,-0.0060,0.1198,-0.2177,0.2486,0.0633,5.03,0.46,5.14,0.120,0.037,0.774,22.98,0.00,-0.006,1,neutral,10.3,NEUTRAL,
99.239,1,1,-0.0061,0.1201,-0.2181,0.2490,0.0633,5.10,0.38,5.07,0.118,0.033,0.637,23.04,0.00,-0.006,1,neutral,11.1,NEUTRAL,
99.286,1,1,-0.0061,0.1201,-0.2181,0.2491,0.0633,5.27,0.48,4.88,0.119,0.041,0.686,23.09,0.00,-0.005,1,neutral,10.2,NEUTRAL,
99.334,1,1,-0.0061,0.1200,-0.2178,0.2487,0.0629,5.25,0.31,5.31,0.115,0.036,0.725,23.14,0.00,-0.002,1,neutral,10.4,NEUTRAL,
99.381,1,1,-0.0062,0.1204,-0.2183,0.2494,0.0635,5.41,-0.12,4.88,0.121,0.036,0.722,23.18,0.00,-0.005,1,neutral,10.1,NEUTRAL,
99.430,1,1,-0.0061,0.1205,-0.2183,0.2494,0.0634,5.50,0.03,4.80,0.125,0.040,0.661,23.23,0.00,-0.004,1,neutral,10.5,NEUTRAL,
99.478,1,1,-0.0063,0.1208,-0.2189,0.2501,0.0636,5.05,0.01,4.93,0.119,0.030,0.810,23.28,0.00,-0.006,1,neutral,10.3,NEUTRAL,
99.526,1,1,-0.0062,0.1203,-0.2184,0.2494,0.0627,5.33,0.55,4.79,0.123,0.026,0.803,23.33,0.00,-0.002,1,neutral,10.2,NEUTRAL,
99.574,1,1,-0.0063,0.1206,-0.2188,0.2499,0.0634,4.85,0.04,4.98,0.119,0.025,0.765,23.38,0.00,-0.004,1,neutral,9.8,NEUTRAL,
99.638,1,1,-0.0064,0.1208,-0.2190,0.2502,0.0636,5.08,-0.85,5.06,0.127,0.021,0.753,23.44,0.00,-0.004,1,neutral,11.0,NEUTRAL,
99.684,1,1,-0.0063,0.1208,-0.2190,0.2502,0.0634,5.11,0.05,5.06,0.122,0.022,0.799,23.49,0.00,-0.003,1,neutral,10.1,NEUTRAL,
99.734,1,1,-0.0063,0.1207,-0.2189,0.2501,0.0634,4.77,0.20,4.98,0.119,0.021,0.676,23.54,0.00,-0.002,1,neutral,10.2,NEUTRAL,
99.782,1,1,-0.0062,0.1203,-0.2184,0.2494,0.0626,5.46,0.24,4.81,0.117,0.021,0.558,23.58,0.00,0.001,1,neutral,10.1,NEUTRAL,
99.830,1,1,-0.0061,0.1202,-0.2184,0.2494,0.0627,5.38,0.14,4.88,0.113,0.018,0.504,23.63,0.00,0.001,1,neutral,10.2,NEUTRAL,
99.879,1,1,-0.0060,0.1198,-0.2180,0.2488,0.0630,5.71,0.04,4.90,0.114,0.017,0.464,23.68,0.00,0.003,1,neutral,10.3,NEUTRAL,
99.927,1,1,-0.0059,0.1194,-0.2177,0.2484,0.0629,5.64,0.71,4.88,0.116,0.018,0.406,23.73,0.00,0.004,1,neutral,10.4,NEUTRAL,
99.976,1,1,-0.0059,0.1193,-0.2176,0.2482,0.0629,5.42,0.04,4.92,0.112,0.020,0.407,23.78,0.00,0.004,1,neutral,10.5,NEUTRAL,
100.038,1,1,-0.0059,0.1192,-0.2173,0.2479,0.0623,5.38,-0.78,4.68,0.118,0.018,0.446,23.84,0.00,0.004,1,neutral,10.7,NEUTRAL,
100.086,1,1,-0.0058,0.1192,-0.2173,0.2479,0.0630,5.66,0.26,4.94,0.116,0.014,0.459,23.89,0.00,0.003,1,neutral,10.2,NEUTRAL,
100.134,1,1,-0.0059,0.1197,-0.2180,0.2488,0.0631,5.35,-0.09,4.72,0.122,0.017,0.516,23.94,0.00,-0.001,1,neutral,10.1,NEUTRAL,
100.182,1,1,-0.0060,0.1199,-0.2182,0.2491,0.0633,5.14,-0.15,4.93,0.120,0.021,0.531,23.98,0.00,-0.002,1,neutral,10.5,NEUTRAL,
100.230,1,1,-0.0060,0.1200,-0.2184,0.2492,0.0634,5.13,-0.22,4.71,0.125,0.032,0.595,24.03,0.00,-0.002,1,neutral,10.1,NEUTRAL,
100.279,1,1,-0.0060,0.1200,-0.2187,0.2495,0.0633,5.15,0.01,4.71,0.127,0.025,0.727,24.08,0.00,-0.003,1,neutral,10.3,NEUTRAL,
100.326,1,1,-0.0060,0.1200,-0.2185,0.2493,0.0626,5.32,0.39,4.89,0.125,0.031,0.789,24.13,0.00,-0.002,1,neutral,10.3,NEUTRAL,
100.374,1,1,-0.0062,0.1201,-0.2186,0.2495,0.0599,5.25,1.46,5.04,0.126,0.031,0.716,24.18,0.00,-0.002,1,neutral,10.4,NEUTRAL,
100.438,1,1,-0.0061,0.1200,-0.2184,0.2493,0.0627,5.06,-0.86,5.02,0.122,0.026,0.649,24.24,0.00,-0.001,1,neutral,10.7,NEUTRAL,
100.485,1,1,-0.0060,0.1198,-0.2181,0.2490,0.0631,5.65,-0.04,5.06,0.119,0.027,0.599,24.29,0.00,0.001,1,neutral,10.0,NEUTRAL,
100.535,1,1,-0.0061,0.1200,-0.2186,0.2494,0.0634,5.33,0.47,5.10,0.121,0.020,0.631,24.34,0.00,-0.001,1,neutral,10.5,NEUTRAL,
100.582,1,1,-0.0061,0.1202,-0.2190,0.2499,0.0630,5.41,0.32,5.17,0.120,0.019,0.592,24.38,0.00,-0.003,1,neutral,10.1,NEUTRAL,
100.630,1,1,-0.0061,0.1199,-0.2187,0.2495,0.0634,5.40,0.91,4.95,0.117,0.020,0.539,24.43,0.00,-0.001,1,neutral,10.3,NEUTRAL,
100.678,1,1,-0.0060,0.1199,-0.2186,0.2494,0.0633,5.42,0.08,4.94,0.115,0.014,0.557,24.48,0.00,-0.000,1,neutral,10.2,NEUTRAL,
100.727,1,1,-0.0061,0.1197,-0.2184,0.2492,0.0632,5.51,0.30,4.76,0.116,0.008,0.490,24.53,0.00,0.001,1,neutral,10.4,NEUTRAL,
100.774,1,1,-0.0061,0.1198,-0.2187,0.2494,0.0633,5.68,0.32,5.06,0.116,0.003,0.423,24.58,0.00,-0.000,1,neutral,10.1,NEUTRAL,
100.822,1,1,-0.0059,0.1194,-0.2181,0.2487,0.0632,5.74,0.72,4.92,0.116,0.005,0.441,24.62,0.00,0.003,1,neutral,10.1,NEUTRAL,
100.870,1,1,-0.0059,0.1194,-0.2182,0.2488,0.0631,5.69,0.83,5.01,0.117,0.009,0.395,24.67,0.00,0.002,1,neutral,10.4,NEUTRAL,
100.919,1,1,-0.0059,0.1196,-0.2185,0.2492,0.0629,5.64,0.91,4.93,0.112,0.009,0.412,24.72,0.00,-0.000,1,neutral,10.3,NEUTRAL,
100.968,1,1,-0.0058,0.1195,-0.2183,0.2490,0.0634,5.84,0.86,5.12,0.109,0.006,0.361,24.77,0.00,0.001,1,neutral,10.3,NEUTRAL,
101.014,1,1,-0.0059,0.1195,-0.2182,0.2489,0.0634,5.53,0.79,5.05,0.113,0.005,0.403,24.82,0.00,0.001,1,neutral,10.1,NEUTRAL,
101.062,1,1,-0.0060,0.1199,-0.2188,0.2496,0.0633,5.16,0.63,5.00,0.110,0.007,0.425,24.86,0.00,-0.002,1,neutral,10.2,NEUTRAL,
101.111,1,1,-0.0059,0.1199,-0.2187,0.2495,0.0631,5.73,0.13,4.86,0.110,0.009,0.355,24.91,0.00,-0.001,1,neutral,10.5,NEUTRAL,
101.158,1,1,-0.0061,0.1201,-0.2193,0.2501,0.0633,5.21,1.02,5.04,0.111,0.004,0.405,24.96,0.00,-0.004,1,neutral,10.4,NEUTRAL,
101.206,1,1,-0.0062,0.1200,-0.2192,0.2499,0.0629,5.26,0.08,5.15,0.109,0.000,0.378,25.01,0.00,-0.002,1,neutral,10.2,NEUTRAL,
101.254,1,1,-0.0061,0.1199,-0.2189,0.2497,0.0629,5.56,0.83,5.01,0.120,0.011,0.602,25.06,0.00,-0.001,1,neutral,10.1,NEUTRAL,
101.303,1,1,-0.0061,0.1198,-0.2188,0.2495,0.0635,5.56,0.90,5.03,0.116,0.009,0.737,25.11,0.00,0.000,1,neutral,10.3,NEUTRAL,
101.350,1,1,-0.0060,0.1197,-0.2186,0.2493,0.0631,5.92,0.63,5.06,0.117,0.008,0.674,25.15,0.00,0.001,1,neutral,9.8,NEUTRAL,
101.399,1,1,-0.0060,0.1197,-0.2186,0.2493,0.0631,5.47,0.74,4.98,0.119,0.007,0.555,25.20,0.00,0.001,1,neutral,10.2,NEUTRAL,
101.448,1,1,-0.0060,0.1194,-0.2182,0.2488,0.0635,5.88,0.43,4.89,0.120,0.001,0.527,25.25,0.00,0.003,1,neutral,10.1,NEUTRAL,
101.510,1,1,-0.0061,0.1196,-0.2185,0.2492,0.0634,5.48,0.19,5.16,0.116,-0.002,0.486,25.31,0.00,0.001,1,neutral,10.6,NEUTRAL,
101.558,1,1,-0.0061,0.1198,-0.2189,0.2496,0.0632,5.61,0.50,4.88,0.116,-0.004,0.442,25.36,0.00,-0.001,1,neutral,10.4,NEUTRAL,
101.606,1,1,-0.0060,0.1195,-0.2185,0.2491,0.0629,5.58,1.17,5.26,0.112,-0.005,0.428,25.41,0.00,0.001,1,neutral,10.1,NEUTRAL,
101.654,1,1,-0.0060,0.1194,-0.2182,0.2487,0.0626,5.64,0.49,4.89,0.108,-0.007,0.354,25.46,0.00,0.002,1,neutral,10.4,NEUTRAL,
101.702,1,1,-0.0061,0.1196,-0.2184,0.2491,0.0630,5.20,0.96,4.88,0.105,-0.005,0.334,25.50,0.00,0.001,1,neutral,10.5,NEUTRAL,
101.750,1,1,-0.0061,0.1197,-0.2184,0.2491,0.0632,5.71,0.88,4.94,0.103,-0.000,0.319,25.55,0.00,0.000,1,neutral,10.3,NEUTRAL,
101.800,1,1,-0.0062,0.1198,-0.2186,0.2494,0.0629,5.22,1.00,4.91,0.105,0.004,0.325,25.60,0.00,-0.001,1,neutral,10.3,NEUTRAL,
101.846,1,1,-0.0063,0.1197,-0.2185,0.2493,0.0631,5.36,0.54,4.90,0.106,0.000,0.380,25.65,0.00,-0.000,1,neutral,10.3,NEUTRAL,
101.893,1,1,-0.0063,0.1196,-0.2184,0.2491,0.0635,5.24,0.34,5.01,0.103,0.003,0.424,25.70,0.00,0.001,1,neutral,10.0,NEUTRAL,
101.945,1,1,-0.0063,0.1194,-0.2182,0.2488,0.0631,5.41,0.16,4.86,0.107,0.007,0.454,25.75,0.00,0.002,1,neutral,10.4,NEUTRAL,
101.989,1,1,-0.0063,0.1194,-0.2183,0.2489,0.0634,5.40,0.75,4.76,0.107,0.003,0.493,25.79,0.00,0.001,1,neutral,9.9,NEUTRAL,
102.055,1,1,-0.0063,0.1192,-0.2179,0.2484,0.0628,5.49,0.49,4.76,0.110,0.004,0.448,25.86,0.00,0.002,1,neutral,11.2,NEUTRAL,
102.101,1,1,-0.0063,0.1198,-0.2188,0.2495,0.0630,5.27,1.04,4.84,0.105,-0.002,0.520,25.90,0.00,-0.003,1,neutral,10.3,NEUTRAL,
102.150,1,1,-0.0064,0.1198,-0.2187,0.2494,0.0629,5.48,-0.01,4.74,0.107,-0.006,0.512,25.95,0.00,-0.002,1,neutral,10.5,NEUTRAL,
102.198,1,1,-0.0065,0.1199,-0.2189,0.2496,0.0635,5.27,-0.27,4.79,0.109,-0.008,0.420,26.00,0.00,-0.003,1,neutral,10.1,NEUTRAL,
102.247,1,1,-0.0064,0.1197,-0.2188,0.2495,0.0626,5.36,-0.03,5.12,0.108,-0.003,0.456,26.05,0.00,-0.001,1,neutral,10.3,NEUTRAL,
102.293,1,1,-0.0063,0.1193,-0.2180,0.2486,0.0629,5.85,0.91,4.94,0.106,-0.004,0.458,26.10,0.00,0.003,1,neutral,10.2,NEUTRAL,
102.342,1,1,-0.0063,0.1192,-0.2179,0.2485,0.0630,5.47,0.83,4.83,0.098,-0.007,0.484,26.14,0.00,0.003,1,neutral,10.4,NEUTRAL,
102.390,1,1,-0.0062,0.1191,-0.2178,0.2483,0.0628,5.85,1.19,4.90,0.098,-0.006,0.497,26.19,0.00,0.003,1,neutral,10.2,NEUTRAL,
102.454,1,1,-0.0062,0.1189,-0.2177,0.2482,0.0632,5.87,0.92,4.71,0.093,-0.010,0.480,26.26,0.00,0.003,1,neutral,10.7,NEUTRAL,
102.502,1,1,-0.0062,0.1192,-0.2183,0.2488,0.0631,5.57,0.39,4.76,0.095,-0.012,0.468,26.30,0.00,-0.000,1,neutral,10.2,NEUTRAL,
102.550,1,1,-0.0061,0.1187,-0.2176,0.2480,0.0629,6.05,0.90,5.18,0.095,-0.014,0.397,26.35,0.00,0.003,1,neutral,10.3,NEUTRAL,
102.598,1,1,-0.0061,0.1188,-0.2176,0.2480,0.0635,5.74,-0.03,5.11,0.093,-0.018,0.366,26.40,0.00,0.002,1,neutral,10.2,NEUTRAL,
102.647,1,1,-0.0061,0.1188,-0.2177,0.2481,0.0633,5.52,0.29,5.02,0.096,-0.016,0.396,26.45,0.00,0.002,1,neutral,10.4,NEUTRAL,
102.693,1,1,-0.0060,0.1190,-0.2179,0.2483,0.0630,5.76,0.71,5.18,0.101,-0.014,0.377,26.50,0.00,0.000,1,neutral,10.3,NEUTRAL,
102.742,1,1,-0.0060,0.1186,-0.2174,0.2478,0.0634,5.86,0.39,5.33,0.108,-0.015,0.345,26.54,0.00,0.002,1,neutral,10.2,NEUTRAL,
102.791,1,1,-0.0058,0.1184,-0.2170,0.2473,0.0642,5.91,0.05,5.14,0.112,-0.013,0.312,26.59,0.00,0.004,1,neutral,10.5,NEUTRAL,
102.854,1,1,-0.0058,0.1184,-0.2169,0.2472,0.0636,5.86,0.07,5.55,0.117,-0.012,0.277,26.66,0.00,0.003,1,neutral,10.7,NEUTRAL,
102.903,1,1,-0.0058,0.1183,-0.2169,0.2471,0.0640,5.40,0.73,4.93,0.119,-0.010,0.260,26.70,0.00,0.003,1,neutral,10.2,NEUTRAL,
102.950,1,1,-0.0057,0.1183,-0.2168,0.2470,0.0636,5.87,-0.55,5.23,0.119,-0.011,0.274,26.75,0.00,0.003,1,neutral,10.3,NEUTRAL,
102.997,1,1,-0.0057,0.1184,-0.2170,0.2473,0.0639,5.50,0.02,5.60,0.117,-0.012,0.241,26.80,0.00,0.001,1,neutral,10.1,NEUTRAL,
103.047,1,1,-0.0057,0.1186,-0.2171,0.2474,0.0641,5.47,0.04,5.30,0.117,-0.012,0.208,26.85,0.00,0.000,1,neutral,10.6,NEUTRAL,
103.092,1,1,-0.0056,0.1185,-0.2169,0.2472,0.0628,5.61,0.93,5.47,0.118,-0.010,0.225,26.89,0.00,0.001,1,neutral,10.0,NEUTRAL,
103.143,1,1,-0.0056,0.1184,-0.2167,0.2470,0.0636,6.18,-0.41,5.31,0.118,-0.012,0.248,26.94,0.00,0.002,1,neutral,10.5,NEUTRAL,
103.190,1,1,-0.0057,0.1185,-0.2167,0.2471,0.0628,5.11,-0.10,5.51,0.116,-0.016,0.254,26.99,0.00,0.001,1,neutral,10.2,NEUTRAL,
103.254,1,1,-0.0057,0.1185,-0.2168,0.2471,0.0626,6.13,0.45,5.24,0.112,-0.018,0.222,27.06,0.00,0.001,1,neutral,10.7,NEUTRAL,
103.303,1,1,-0.0057,0.1185,-0.2169,0.2472,0.0640,5.65,0.06,5.35,0.111,-0.021,0.203,27.11,0.00,0.000,1,neutral,10.5,NEUTRAL,
103.350,1,1,-0.0056,0.1180,-0.2161,0.2463,0.0640,5.94,0.45,5.47,0.116,-0.018,0.307,27.15,0.00,0.004,1,neutral,10.3,NEUTRAL,
103.397,1,1,-0.0056,0.1183,-0.2165,0.2468,0.0631,6.00,0.70,5.22,0.117,-0.018,0.316,27.20,0.00,0.001,1,neutral,10.1,NEUTRAL,
103.446,1,1,-0.0057,0.1180,-0.2160,0.2462,0.0631,5.10,1.03,5.34,0.116,-0.001,0.530,27.25,0.00,0.003,1,neutral,10.3,NEUTRAL,
103.494,1,1,-0.0056,0.1178,-0.2155,0.2456,0.0628,5.14,0.92,5.19,0.113,0.025,0.645,27.30,0.00,0.005,1,neutral,10.3,NEUTRAL,
103.542,1,1,-0.0056,0.1179,-0.2154,0.2456,0.0634,5.62,1.33,5.50,0.118,0.067,0.918,27.34,0.00,0.004,1,neutral,10.3,NEUTRAL,
103.589,1,1,-0.0056,0.1181,-0.2156,0.2459,0.0643,5.59,1.98,5.35,0.121,0.073,1.175,27.39,0.00,0.002,1,neutral,10.2,NEUTRAL,
103.654,1,1,-0.0057,0.1182,-0.2157,0.2461,0.0634,5.43,0.66,5.08,0.127,0.091,1.114,27.46,0.00,0.001,1,neutral,11.0,NEUTRAL,
103.701,1,1,-0.0058,0.1189,-0.2163,0.2469,0.0634,5.46,0.93,5.36,0.131,0.105,0.901,27.50,0.00,-0.003,1,neutral,10.1,NEUTRAL,
103.750,1,1,-0.0058,0.1190,-0.2163,0.2470,0.0633,5.80,1.41,5.46,0.132,0.130,0.977,27.55,0.00,-0.002,1,neutral,10.4,NEUTRAL,
103.798,1,1,-0.0059,0.1188,-0.2159,0.2465,0.0631,5.48,1.54,5.41,0.129,0.144,0.900,27.60,0.00,0.000,1,neutral,10.3,NEUTRAL,
103.846,1,1,-0.0059,0.1189,-0.2159,0.2465,0.0634,5.60,0.76,5.30,0.127,0.158,0.785,27.65,0.00,-0.000,1,neutral,10.2,NEUTRAL,
103.895,1,1,-0.0059,0.1187,-0.2158,0.2464,0.0630,5.59,1.22,5.43,0.128,0.172,0.700,27.70,0.00,0.001,1,neutral,10.4,NEUTRAL,
103.944,1,1,-0.0059,0.1192,-0.2162,0.2469,0.0642,5.37,1.16,5.71,0.142,0.194,0.843,27.75,0.00,-0.002,1,neutral,10.1,NEUTRAL,
103.990,1,1,-0.0060,0.1191,-0.2162,0.2469,0.0623,5.12,1.47,5.59,0.137,0.197,1.029,27.79,0.00,-0.001,1,neutral,10.2,NEUTRAL,
104.038,1,1,-0.0062,0.1194,-0.2166,0.2474,0.0630,5.19,0.79,5.63,0.131,0.216,1.099,27.84,0.00,-0.003,1,neutral,10.3,NEUTRAL,
104.085,1,1,-0.0062,0.1193,-0.2164,0.2472,0.0639,5.23,0.37,5.52,0.131,0.219,1.080,27.89,0.00,-0.002,1,excited,10.3,NEUTRAL,
104.135,1,1,-0.0062,0.1192,-0.2162,0.2469,0.0635,5.46,0.89,5.73,0.134,0.215,0.975,27.94,0.00,-0.000,1,excited,10.4,NEUTRAL,
104.182,1,1,-0.0063,0.1192,-0.2163,0.2471,0.0634,5.15,0.24,5.61,0.133,0.207,0.900,27.98,0.00,-0.001,1,excited,10.4,NEUTRAL,
104.230,1,1,-0.0063,0.1192,-0.2163,0.2471,0.0629,5.45,1.18,5.90,0.126,0.197,0.849,28.03,0.00,-0.001,1,excited,10.1,NEUTRAL,
104.278,1,1,-0.0063,0.1191,-0.2161,0.2468,0.0627,5.15,0.06,5.74,0.127,0.212,1.066,28.08,0.00,0.001,1,excited,10.3,NEUTRAL,
104.328,1,1,-0.0063,0.1189,-0.2157,0.2464,0.0636,5.01,0.59,5.88,0.129,0.235,1.036,28.13,0.00,0.002,1,excited,10.3,NEUTRAL,
104.374,1,1,-0.0063,0.1186,-0.2152,0.2458,0.0636,5.10,0.07,5.57,0.121,0.257,1.000,28.18,0.00,0.004,1,excited,10.0,NEUTRAL,
104.422,1,1,-0.0063,0.1184,-0.2152,0.2457,0.0633,4.94,1.36,5.70,0.124,0.246,1.266,28.22,0.00,0.004,1,excited,10.3,NEUTRAL,
104.471,1,1,-0.0064,0.1182,-0.2150,0.2454,0.0635,4.73,0.59,5.61,0.126,0.257,1.328,28.27,0.00,0.004,1,excited,10.2,NEUTRAL,
104.516,1,1,-0.0065,0.1186,-0.2155,0.2460,0.0636,4.98,0.38,5.74,0.125,0.267,1.124,28.32,0.00,0.001,1,excited,10.1,NEUTRAL,
104.566,1,1,-0.0064,0.1182,-0.2150,0.2454,0.0635,5.62,1.04,6.02,0.133,0.258,1.188,28.37,0.00,0.003,1,excited,10.3,NEUTRAL,
104.614,1,1,-0.0065,0.1185,-0.2153,0.2458,0.0640,4.75,0.32,5.50,0.132,0.266,1.203,28.42,0.00,0.001,1,excited,10.4,NEUTRAL,
104.661,1,1,-0.0065,0.1183,-0.2148,0.2453,0.0643,5.00,0.40,5.91,0.132,0.274,1.016,28.46,0.00,0.003,1,excited,10.1,NEUTRAL,
104.710,1,1,-0.0065,0.1181,-0.2143,0.2448,0.0635,5.08,0.44,5.86,0.134,0.267,1.048,28.51,0.00,0.004,1,excited,10.3,NEUTRAL,
104.757,1,1,-0.0066,0.1180,-0.2143,0.2447,0.0635,4.96,0.54,5.80,0.133,0.291,1.350,28.56,0.00,0.004,1,excited,10.1,NEUTRAL,
104.806,1,1,-0.0066,0.1183,-0.2146,0.2451,0.0640,4.79,0.76,6.01,0.131,0.298,1.250,28.61,0.00,0.001,1,excited,10.1,NEUTRAL,
104.870,1,1,-0.0068,0.1183,-0.2146,0.2451,0.0634,4.77,-0.17,5.72,0.133,0.317,1.163,28.67,0.00,0.001,1,excited,10.7,NEUTRAL,
104.917,1,1,-0.0069,0.1185,-0.2150,0.2456,0.0635,4.51,0.41,5.68,0.125,0.305,1.390,28.72,0.00,-0.001,1,excited,10.3,NEUTRAL,
104.967,1,1,-0.0068,0.1187,-0.2149,0.2456,0.0636,5.21,0.26,5.50,0.128,0.309,1.365,28.77,0.00,-0.001,1,excited,10.2,NEUTRAL,
105.014,1,1,-0.0068,0.1190,-0.2156,0.2463,0.0630,5.05,0.87,5.78,0.130,0.303,1.246,28.82,0.00,-0.004,1,excited,10.2,NEUTRAL,
105.063,1,1,-0.0068,0.1192,-0.2157,0.2465,0.0634,5.14,0.37,5.71,0.129,0.316,1.296,28.86,0.00,-0.004,1,excited,10.4,NEUTRAL,
105.111,1,1,-0.0067,0.1184,-0.2150,0.2455,0.0630,4.82,1.02,5.88,0.129,0.307,1.357,28.91,0.00,0.001,1,excited,10.4,NEUTRAL,
105.158,1,1,-0.0066,0.1184,-0.2148,0.2453,0.0630,5.38,0.16,5.36,0.128,0.303,1.136,28.96,0.00,0.002,1,excited,10.2,NEUTRAL,
105.206,1,1,-0.0067,0.1186,-0.2150,0.2456,0.0628,4.94,0.07,5.54,0.129,0.297,0.960,29.01,0.00,0.000,1,excited,10.2,NEUTRAL,
105.269,1,1,-0.0066,0.1187,-0.2152,0.2458,0.0625,5.18,0.15,5.33,0.128,0.311,1.005,29.07,0.00,-0.001,1,excited,10.6,NEUTRAL,
105.318,1,1,-0.0066,0.1188,-0.2155,0.2462,0.0635,5.09,1.24,5.53,0.126,0.302,1.139,29.12,0.00,-0.002,1,excited,10.1,NEUTRAL,
105.366,1,1,-0.0066,0.1193,-0.2163,0.2471,0.0638,4.72,0.79,5.71,0.129,0.288,1.046,29.17,0.00,-0.005,1,excited,10.2,NEUTRAL,
105.414,1,1,-0.0066,0.1192,-0.2163,0.2471,0.0642,4.28,0.74,5.50,0.131,0.278,0.842,29.22,0.00,-0.004,1,excited,10.3,NEUTRAL,
105.462,1,1,-0.0066,0.1193,-0.2162,0.2470,0.0647,5.03,-0.34,5.59,0.140,0.320,1.506,29.26,0.00,-0.003,1,excited,10.2,NEUTRAL,
105.511,1,1,-0.0067,0.1194,-0.2163,0.2472,0.0622,4.76,0.21,5.34,0.142,0.331,1.538,29.31,0.00,-0.003,1,excited,10.2,NEUTRAL,
105.557,1,1,-0.0066,0.1189,-0.2157,0.2464,0.0639,4.65,0.45,5.52,0.141,0.331,1.397,29.36,0.00,0.001,1,excited,10.4,NEUTRAL,
105.606,1,1,-0.0066,0.1185,-0.2151,0.2456,0.0624,4.74,-0.20,5.32,0.136,0.366,1.713,29.41,0.00,0.004,1,excited,10.2,EXCITED,9
105.671,1,1,-0.0067,0.1187,-0.2153,0.2460,0.0635,4.64,-0.36,5.22,0.133,0.390,1.403,29.47,0.00,0.002,1,excited,10.7,EXCITED,
105.719,1,1,-0.0065,0.1188,-0.2153,0.2460,0.0642,5.03,-0.90,5.21,0.136,0.412,1.221,29.52,0.00,0.001,1,excited,10.0,EXCITED,
105.765,1,1,-0.0065,0.1190,-0.2155,0.2462,0.0628,5.43,0.75,5.35,0.134,0.414,1.230,29.57,0.00,0.000,1,excited,10.0,EXCITED,
105.814,1,1,-0.0064,0.1191,-0.2156,0.2464,0.0634,5.20,0.71,5.41,0.131,0.404,1.170,29.62,0.00,-0.000,1,excited,10.3,EXCITED,
105.862,1,1,-0.0064,0.1195,-0.2163,0.2472,0.0634,5.08,0.38,5.32,0.124,0.403,1.074,29.66,0.00,-0.004,1,excited,10.4,EXCITED,
105.911,1,1,-0.0064,0.1195,-0.2162,0.2471,0.0644,4.96,0.28,5.37,0.120,0.382,1.199,29.71,0.00,-0.003,1,excited,10.3,EXCITED,
105.958,1,1,-0.0062,0.1191,-0.2154,0.2462,0.0628,5.31,0.31,5.33,0.116,0.395,1.456,29.76,0.00,0.002,1,excited,9.9,EXCITED,
106.006,1,1,-0.0063,0.1192,-0.2157,0.2466,0.0637,5.04,0.64,5.61,0.119,0.371,1.735,29.81,0.00,-0.000,1,excited,10.3,EXCITED,
106.070,1,1,-0.0062,0.1190,-0.2155,0.2463,0.0635,5.07,0.06,5.66,0.119,0.363,1.513,29.87,0.00,0.001,1,excited,10.8,EXCITED,
106.118,1,1,-0.0064,0.1192,-0.2160,0.2468,0.0642,4.43,0.75,5.74,0.114,0.383,1.655,29.92,0.00,-0.001,1,excited,10.4,EXCITED,
106.166,1,1,-0.0062,0.1187,-0.2152,0.2459,0.0627,5.33,-0.30,5.32,0.117,0.375,1.734,29.97,0.00,0.003,1,excited,10.3,EXCITED,
106.214,1,1,-0.0062,0.1190,-0.2155,0.2462,0.0634,4.92,0.63,5.40,0.113,0.399,1.908,30.02,0.00,0.001,1,excited,10.2,EXCITED,
106.262,1,1,-0.0060,0.1184,-0.2146,0.2452,0.0640,5.52,-0.23,5.45,0.115,0.396,1.885,30.06,0.00,0.005,1,excited,10.1,EXCITED,
106.311,1,1,-0.0060,0.1187,-0.2150,0.2457,0.0643,5.29,0.61,5.13,0.114,0.397,1.574,30.11,0.00,0.002,1,excited,10.1,EXCITED,
106.357,1,1,-0.0060,0.1190,-0.2156,0.2463,0.0636,5.16,-0.46,5.46,0.112,0.403,1.351,30.16,0.00,-0.001,1,excited,10.1,EXCITED,
106.406,1,1,-0.0061,0.1193,-0.2161,0.2469,0.0635,4.97,0.51,5.30,0.106,0.398,1.259,30.21,0.00,-0.003,1,excited,10.5,EXCITED,
106.470,1,1,-0.0060,0.1190,-0.2157,0.2465,0.0638,5.14,-0.06,5.31,0.101,0.425,1.402,30.27,0.00,-0.001,1,excited,10.6,EXCITED,
106.518,1,1,-0.0060,0.1195,-0.2165,0.2473,0.0644,5.36,0.72,5.36,0.102,0.413,1.670,30.32,0.00,-0.005,1,excited,10.4,EXCITED,
106.565,1,1,-0.0061,0.1197,-0.2169,0.2478,0.0638,5.35,0.55,5.09,0.105,0.399,1.420,30.37,0.00,-0.006,1,excited,10.1,EXCITED,
106.614,1,1,-0.0061,0.1198,-0.2170,0.2480,0.0633,5.18,0.81,5.67,0.104,0.421,1.665,30.42,0.00,-0.005,1,excited,10.2,EXCITED,
106.662,1,1,-0.0060,0.1194,-0.2164,0.2472,0.0644,4.94,0.02,5.58,0.108,0.428,1.504,30.46,0.00,-0.001,1,excited,10.2,EXCITED,
106.711,1,1,-0.0060,0.1192,-0.2162,0.2470,0.0637,5.44,0.41,5.59,0.110,0.414,1.528,30.51,0.00,0.000,1,excited,10.4,EXCITED,
106.757,1,1,-0.0060,0.1190,-0.2159,0.2466,0.0641,4.92,-0.18,5.62,0.111,0.401,1.247,30.56,0.00,0.002,1,excited,10.3,EXCITED,
106.806,1,1,-0.0060,0.1186,-0.2155,0.2460,0.0637,5.33,1.43,5.32,0.107,0.387,1.106,30.61,0.00,0.004,1,excited,10.3,EXCITED,
106.870,1,1,-0.0060,0.1186,-0.2153,0.2458,0.0629,5.36,0.66,5.51,0.101,0.368,0.998,30.67,0.00,0.004,1,excited,10.6,EXCITED,
106.919,1,1,-0.0061,0.1188,-0.2156,0.2463,0.0646,4.95,0.01,5.52,0.104,0.353,0.917,30.72,0.00,0.001,1,excited,10.4,EXCITED,
106.966,1,1,-0.0062,0.1188,-0.2156,0.2462,0.0639,4.74,-0.09,5.25,0.106,0.340,0.754,30.77,0.00,0.001,1,excited,10.4,EXCITED,
107.014,1,1,-0.0062,0.1187,-0.2154,0.2460,0.0636,4.91,0.29,5.49,0.107,0.371,1.293,30.82,0.00,0.002,1,excited,10.2,EXCITED,
107.063,1,1,-0.0061,0.1189,-0.2157,0.2464,0.0638,5.46,0.31,5.51,0.105,0.375,1.363,30.86,0.00,-0.000,1,excited,10.4,EXCITED,
107.113,1,1,-0.0061,0.1187,-0.2153,0.2459,0.0637,5.49,0.56,5.44,0.109,0.368,1.268,30.92,0.00,0.002,1,excited,10.3,EXCITED,
107.159,1,1,-0.0060,0.1187,-0.2154,0.2460,0.0637,5.14,0.42,5.25,0.111,0.349,1.256,30.96,0.00,0.001,1,excited,10.4,EXCITED,
107.205,1,1,-0.0061,0.1184,-0.2151,0.2455,0.0633,4.97,0.07,5.41,0.115,0.337,1.072,31.01,0.00,0.003,1,excited,10.1,EXCITED,
107.254,1,1,-0.0060,0.1184,-0.2150,0.2455,0.0633,5.48,-0.50,5.47,0.113,0.343,1.131,31.06,0.00,0.002,1,excited,10.2,EXCITED,
107.303,1,1,-0.0059,0.1178,-0.2138,0.2441,0.0637,5.71,0.17,5.62,0.114,0.329,1.226,31.10,0.00,0.008,1,excited,10.3,EXCITED,
107.350,1,1,-0.0060,0.1180,-0.2140,0.2444,0.0638,5.09,-0.83,5.63,0.116,0.314,1.039,31.15,0.00,0.005,1,excited,10.2,EXCITED,
107.398,1,1,-0.0060,0.1176,-0.2136,0.2439,0.0632,4.86,0.35,5.45,0.115,0.321,1.118,31.20,0.00,0.006,1,excited,10.3,EXCITED,
107.446,1,1,-0.0060,0.1176,-0.2137,0.2440,0.0636,5.71,0.82,5.54,0.114,0.324,0.929,31.25,0.00,0.004,1,excited,10.3,EXCITED,
107.493,1,1,-0.0060,0.1171,-0.2131,0.2432,0.0636,5.24,0.49,5.49,0.115,0.343,1.033,31.30,0.00,0.007,1,excited,10.0,EXCITED,
107.542,1,1,-0.0060,0.1171,-0.2130,0.2432,0.0623,5.17,0.33,5.69,0.114,0.306,1.655,31.34,0.00,0.006,1,excited,10.1,EXCITED,
107.590,1,1,-0.0060,0.1174,-0.2133,0.2436,0.0634,5.15,0.08,5.50,0.117,0.314,1.916,31.39,0.00,0.003,1,excited,10.1,EXCITED,
107.639,1,1,-0.0060,0.1178,-0.2137,0.2441,0.0627,5.64,0.61,5.34,0.121,0.327,1.649,31.44,0.00,0.000,1,excited,10.2,EXCITED,
107.686,1,1,-0.0060,0.1183,-0.2144,0.2450,0.0625,5.40,0.46,5.78,0.124,0.296,2.008,31.49,0.00,-0.004,1,excited,10.3,EXCITED,
107.734,1,1,-0.0062,0.1185,-0.2149,0.2455,0.0639,4.90,1.01,5.25,0.120,0.307,2.175,31.54,0.00,-0.005,1,excited,10.3,EXCITED,
107.781,1,1,-0.0061,0.1184,-0.2148,0.2453,0.0635,5.41,0.90,5.81,0.119,0.328,1.985,31.58,0.00,-0.003,1,excited,10.2,EXCITED,
107.830,1,1,-0.0061,0.1180,-0.2142,0.2447,0.0634,5.04,0.22,5.48,0.114,0.328,1.862,31.63,0.00,-0.000,1,excited,10.3,EXCITED,
107.878,1,1,-0.0061,0.1177,-0.2137,0.2441,0.0629,5.29,1.09,5.25,0.118,0.326,1.618,31.68,0.00,0.002,1,excited,10.2,EXCITED,
107.927,1,1,-0.0062,0.1182,-0.2144,0.2449,0.0634,5.22,0.32,5.27,0.119,0.319,1.403,31.73,0.00,-0.001,1,excited,10.2,EXCITED,
107.973,1,1,-0.0064,0.1189,-0.2153,0.2461,0.0640,5.10,0.80,5.61,0.118,0.313,1.163,31.77,0.00,-0.006,1,excited,9.9,EXCITED,
108.022,1,1,-0.0066,0.1192,-0.2158,0.2466,0.0635,4.74,0.91,5.37,0.109,0.335,1.383,31.82,0.00,-0.007,1,excited,10.4,EXCITED,
108.086,1,1,-0.0065,0.1191,-0.2156,0.2464,0.0631,5.19,0.77,5.79,0.115,0.317,1.567,31.89,0.00,-0.005,1,excited,10.9,EXCITED,
108.133,1,1,-0.0065,0.1189,-0.2154,0.2461,0.0638,4.86,1.29,5.86,0.117,0.315,1.454,31.93,0.00,-0.003,1,excited,10.1,EXCITED,
108.182,1,1,-0.0064,0.1188,-0.2151,0.2458,0.0636,5.17,-0.02,5.52,0.123,0.335,1.523,31.98,0.00,-0.001,1,excited,10.5,EXCITED,
108.230,1,1,-0.0065,0.1190,-0.2153,0.2461,0.0628,5.19,1.09,5.31,0.124,0.329,1.577,32.03,0.00,-0.002,1,excited,10.2,EXCITED,
108.279,1,1,-0.0066,0.1193,-0.2158,0.2466,0.0639,4.78,0.28,5.54,0.126,0.328,1.320,32.08,0.00,-0.004,1,excited,10.3,EXCITED,
108.327,1,1,-0.0064,0.1189,-0.2152,0.2459,0.0633,5.32,0.20,5.67,0.130,0.313,1.281,32.13,0.00,-0.000,1,excited,10.3,EXCITED,
108.374,1,1,-0.0064,0.1189,-0.2153,0.2460,0.0635,5.21,1.64,5.77,0.124,0.319,1.341,32.18,0.00,-0.000,1,excited,10.2,EXCITED,
108.423,1,1,-0.0065,0.1184,-0.2149,0.2455,0.0645,5.19,0.50,5.45,0.127,0.304,1.409,32.22,0.00,0.002,1,excited,10.6,EXCITED,
108.486,1,1,-0.0066,0.1188,-0.2154,0.2461,0.0632,4.86,1.01,5.47,0.121,0.319,1.473,32.29,0.00,-0.000,1,excited,10.8,EXCITED,
108.534,1,1,-0.0067,0.1188,-0.2153,0.2460,0.0630,4.91,0.44,5.31,0.117,0.293,1.798,32.34,0.00,0.000,1,excited,10.2,EXCITED,
108.582,1,1,-0.0067,0.1187,-0.2152,0.2458,0.0643,5.19,-0.22,5.49,0.113,0.325,2.306,32.38,0.00,0.001,1,excited,10.1,EXCITED,
108.630,1,1,-0.0066,0.1186,-0.2149,0.2455,0.0635,5.22,0.11,5.32,0.111,0.356,1.965,32.43,0.00,0.002,1,excited,10.3,EXCITED,
108.678,1,1,-0.0066,0.1189,-0.2153,0.2460,0.0630,5.00,0.54,5.61,0.115,0.338,2.292,32.48,0.00,-0.001,1,excited,10.1,EXCITED,
108.727,1,1,-0.0066,0.1187,-0.2150,0.2457,0.0635,4.92,-0.50,5.46,0.116,0.320,1.904,32.53,0.00,0.001,1,excited,10.5,EXCITED,
108.772,1,1,-0.0065,0.1186,-0.2146,0.2453,0.0635,5.67,0.30,5.65,0.113,0.316,1.699,32.57,0.00,0.002,1,excited,10.3,EXCITED,
108.822,1,1,-0.0065,0.1186,-0.2146,0.2452,0.0643,5.04,0.30,5.51,0.111,0.310,1.410,32.62,0.00,0.002,1,excited,10.5,EXCITED,
108.886,1,1,-0.0067,0.1189,-0.2153,0.2460,0.0642,4.64,0.27,5.55,0.110,0.301,1.183,32.69,0.00,-0.001,1,excited,10.9,EXCITED,
108.934,1,1,-0.0067,0.1191,-0.2156,0.2464,0.0640,4.84,0.62,5.82,0.106,0.324,1.437,32.74,0.00,-0.002,1,excited,10.1,EXCITED,
108.981,1,1,-0.0068,0.1195,-0.2160,0.2469,0.0637,4.72,0.66,5.50,0.104,0.336,1.228,32.78,0.00,-0.004,1,excited,10.2,EXCITED,
109.030,1,1,-0.0068,0.1195,-0.2160,0.2469,0.0630,4.79,1.11,5.34,0.103,0.355,1.138,32.83,0.00,-0.003,1,excited,10.2,EXCITED,
109.078,1,1,-0.0068,0.1194,-0.2158,0.2467,0.0634,5.25,-0.01,5.42,0.105,0.353,1.186,32.88,0.00,-0.001,1,excited,10.2,EXCITED,
109.126,1,1,-0.0069,0.1195,-0.2159,0.2468,0.0628,4.82,0.19,5.17,0.103,0.339,1.157,32.93,0.00,-0.002,1,excited,10.2,EXCITED,
109.174,1,1,-0.0068,0.1194,-0.2161,0.2470,0.0628,4.85,0.62,5.29,0.102,0.342,1.149,32.98,0.00,-0.002,1,excited,10.3,EXCITED,
109.222,1,1,-0.0070,0.1204,-0.2175,0.2487,0.0631,4.33,0.73,5.26,0.106,0.348,1.016,33.02,0.00,-0.009,1,excited,10.2,EXCITED,
109.286,1,1,-0.0070,0.1201,-0.2172,0.2483,0.0625,4.79,0.77,5.30,0.110,0.320,1.206,33.09,0.00,-0.006,1,excited,10.7,EXCITED,
109.334,1,1,-0.0071,0.1208,-0.2181,0.2494,0.0628,4.59,0.65,4.81,0.104,0.350,1.818,33.14,0.00,-0.009,1,excited,10.3,EXCITED,
109.382,1,1,-0.0070,0.1208,-0.2180,0.2493,0.0633,4.79,0.28,5.40,0.108,0.345,1.935,33.18,0.00,-0.007,1,excited,10.3,EXCITED,
109.430,1,1,-0.0069,0.1206,-0.2176,0.2488,0.0632,4.94,0.59,5.28,0.109,0.344,1.610,33.23,0.00,-0.004,1,excited,10.1,EXCITED,
109.479,1,1,-0.0069,0.1205,-0.2174,0.2487,0.0631,5.34,0.89,5.23,0.112,0.334,1.442,33.28,0.00,-0.002,1,excited,10.3,EXCITED,
109.527,1,1,-0.0068,0.1203,-0.2173,0.2485,0.0634,4.83,-0.39,5.09,0.112,0.362,1.746,33.33,0.00,-0.001,1,excited,10.2,EXCITED,
109.574,1,1,-0.0067,0.1201,-0.2170,0.2481,0.0629,5.12,0.49,5.30,0.109,0.359,1.811,33.38,0.00,0.001,1,excited,10.4,EXCITED,
109.622,1,1,-0.0066,0.1197,-0.2163,0.2473,0.0629,4.99,-0.12,5.16,0.118,0.332,1.885,33.42,0.00,0.004,1,excited,10.3,EXCITED,
109.685,1,1,-0.0066,0.1200,-0.2168,0.2479,0.0630,5.24,0.59,5.08,0.115,0.325,1.708,33.49,0.00,0.001,1,excited,10.2,EXCITED,
109.735,1,1,-0.0066,0.1197,-0.2166,0.2476,0.0633,4.92,0.76,5.54,0.110,0.364,2.086,33.54,0.00,0.002,1,excited,10.3,EXCITED,
109.782,1,1,-0.0065,0.1195,-0.2161,0.2470,0.0640,5.09,-0.08,5.26,0.118,0.346,2.492,33.58,0.00,0.004,1,excited,10.3,EXCITED,
109.830,1,1,-0.0066,0.1200,-0.2167,0.2477,0.0632,4.77,-0.10,5.40,0.117,0.334,2.100,33.63,0.00,0.000,1,excited,10.0,EXCITED,
109.878,1,1,-0.0066,0.1198,-0.2165,0.2475,0.0629,5.05,0.61,5.07,0.116,0.323,1.726,33.68,0.00,0.001,1,excited,9.9,EXCITED,
109.927,1,1,-0.0065,0.1197,-0.2162,0.2472,0.0627,5.20,0.80,5.12,0.115,0.323,1.530,33.73,0.00,0.002,1,excited,10.3,EXCITED,
109.974,1,1,-0.0064,0.1191,-0.2156,0.2464,0.0632,5.27,0.40,5.47,0.118,0.301,1.617,33.78,0.00,0.005,1,excited,10.3,EXCITED,
110.025,1,1,-0.0065,0.1195,-0.2160,0.2469,0.0630,4.99,0.77,4.76,0.113,0.308,1.701,33.83,0.00,0.002,1,excited,10.5,EXCITED,
110.071,1,1,-0.0065,0.1197,-0.2163,0.2473,0.0625,4.99,0.92,5.37,0.113,0.321,1.516,33.87,0.00,-0.000,1,excited,10.1,EXCITED,
110.117,1,1,-0.0065,0.1195,-0.2159,0.2469,0.0625,5.49,0.51,5.35,0.113,0.322,1.370,33.92,0.00,0.002,1,excited,10.2,EXCITED,
110.166,1,1,-0.0064,0.1195,-0.2162,0.2472,0.0630,4.94,1.03,5.28,0.109,0.322,1.171,33.97,0.00,0.000,1,excited,10.5,EXCITED,
110.214,1,1,-0.0065,0.1195,-0.2163,0.2472,0.0630,4.71,0.39,5.31,0.108,0.324,1.001,34.02,0.00,0.000,1,excited,10.3,EXCITED,
110.262,1,1,-0.0066,0.1195,-0.2164,0.2473,0.0633,4.58,0.38,5.61,0.108,0.295,1.323,34.06,0.00,-0.000,1,excited,10.4,EXCITED,
110.310,1,1,-0.0067,0.1196,-0.2167,0.2476,0.0630,4.88,1.76,5.17,0.104,0.311,1.710,34.11,0.00,-0.002,1,excited,10.1,EXCITED,
110.358,1,1,-0.0067,0.1198,-0.2170,0.2480,0.0633,5.25,0.70,5.18,0.109,0.302,1.752,34.16,0.00,-0.003,1,excited,10.1,EXCITED,
110.406,1,1,-0.0067,0.1195,-0.2168,0.2476,0.0631,5.03,1.22,5.28,0.107,0.319,1.791,34.21,0.00,-0.001,1,excited,10.3,EXCITED,
110.454,1,1,-0.0068,0.1198,-0.2172,0.2482,0.0631,4.71,0.58,5.38,0.111,0.336,1.534,34.26,0.00,-0.003,1,excited,10.3,EXCITED,
110.503,1,1,-0.0068,0.1198,-0.2172,0.2481,0.0632,4.74,1.33,5.42,0.106,0.337,1.444,34.31,0.00,-0.002,1,excited,10.3,EXCITED,
110.550,1,1,-0.0067,0.1197,-0.2170,0.2479,0.0629,5.22,1.78,5.42,0.105,0.343,1.259,34.35,0.00,-0.001,1,excited,10.2,EXCITED,
110.598,1,1,-0.0067,0.1199,-0.2172,0.2482,0.0629,5.09,0.74,5.48,0.108,0.340,1.155,34.40,0.00,-0.002,1,excited,10.1,EXCITED,
110.647,1,1,-0.0068,0.1197,-0.2169,0.2478,0.0631,5.16,1.29,5.18,0.110,0.327,1.096,34.45,0.00,0.000,1,excited,10.5,EXCITED,
110.694,1,1,-0.0069,0.1199,-0.2173,0.2483,0.0631,4.80,0.62,5.27,0.110,0.303,1.124,34.50,0.00,-0.002,1,excited,10.0,EXCITED,
110.742,1,1,-0.0068,0.1197,-0.2171,0.2480,0.0630,5.02,0.70,5.30,0.110,0.316,1.413,34.54,0.00,-0.001,1,excited,10.4,EXCITED,
110.790,1,1,-0.0068,0.1199,-0.2173,0.2483,0.0632,5.09,0.84,5.19,0.114,0.315,1.338,34.59,0.00,-0.001,1,excited,10.2,EXCITED,
110.839,1,1,-0.0068,0.1197,-0.2170,0.2479,0.0628,5.24,1.19,5.44,0.112,0.313,1.147,34.64,0.00,0.000,1,excited,10.2,EXCITED,
110.902,1,1,-0.0067,0.1194,-0.2165,0.2473,0.0631,5.15,1.25,5.34,0.108,0.322,1.053,34.70,0.00,0.002,1,excited,10.2,EXCITED,
110.951,1,1,-0.0066,0.1193,-0.2163,0.2471,0.0628,5.38,0.52,5.34,0.111,0.322,0.986,34.75,0.00,0.003,1,excited,10.3,EXCITED,
111.065,1,1,-0.0067,0.1196,-0.2169,0.2478,0.0635,4.93,1.10,5.48,0.107,0.309,0.884,34.87,0.00,0.001,1,excited,77.1,EXCITED,
111.111,1,1,-0.0070,0.1202,-0.2177,0.2488,0.0634,4.77,1.17,4.95,0.111,0.321,1.087,34.91,0.00,-0.004,1,excited,10.2,EXCITED,
111.161,1,1,-0.0070,0.1202,-0.2177,0.2488,0.0629,5.12,0.91,5.35,0.107,0.313,1.161,34.96,0.00,-0.003,1,excited,10.2,EXCITED,
111.207,1,1,-0.0069,0.1199,-0.2172,0.2482,0.0631,5.30,1.35,5.36,0.103,0.310,0.979,35.01,0.00,0.000,1,excited,10.0,EXCITED,
111.255,1,1,-0.0069,0.1199,-0.2172,0.2482,0.0633,5.11,0.15,5.27,0.106,0.308,0.863,35.06,0.00,0.000,1,excited,10.3,EXCITED,
111.301,1,1,-0.0069,0.1202,-0.2174,0.2485,0.0638,5.13,0.06,5.32,0.105,0.301,0.783,35.10,0.00,-0.001,1,excited,10.1,EXCITED,
111.350,1,1,-0.0070,0.1202,-0.2174,0.2485,0.0629,5.14,1.16,5.36,0.098,0.300,0.751,35.15,0.00,-0.001,1,excited,10.2,EXCITED,
111.397,1,1,-0.0070,0.1203,-0.2175,0.2486,0.0631,4.96,0.80,5.54,0.099,0.326,1.080,35.20,0.00,-0.001,1,excited,10.1,EXCITED,
111.446,1,1,-0.0067,0.1192,-0.2162,0.2470,0.0629,5.67,0.52,5.50,0.102,0.315,1.369,35.25,0.00,0.006,1,excited,10.0,EXCITED,
111.494,1,1,-0.0068,0.1196,-0.2170,0.2478,0.0630,5.35,1.21,5.43,0.104,0.282,1.520,35.30,0.00,0.001,1,excited,10.4,EXCITED,
111.541,1,1,-0.0069,0.1197,-0.2170,0.2479,0.0643,4.54,1.29,5.35,0.107,0.286,1.718,35.34,0.00,0.000,1,excited,10.1,EXCITED,
111.590,1,1,-0.0069,0.1195,-0.2168,0.2476,0.0639,5.06,0.94,5.33,0.109,0.270,1.682,35.39,0.00,0.002,1,excited,10.5,EXCITED,
111.637,1,1,-0.0068,0.1190,-0.2160,0.2467,0.0636,5.28,0.65,5.25,0.114,0.244,1.606,35.44,0.00,0.005,1,excited,10.4,EXCITED,
111.703,1,1,-0.0067,0.1191,-0.2161,0.2469,0.0638,5.44,0.91,5.54,0.117,0.252,1.639,35.50,0.00,0.004,1,excited,11.2,EXCITED,
111.750,1,1,-0.0066,0.1191,-0.2161,0.2468,0.0632,5.45,1.11,5.46,0.122,0.254,1.413,35.55,0.00,0.003,1,excited,10.1,EXCITED,
111.798,1,1,-0.0064,0.1187,-0.2156,0.2462,0.0641,5.08,1.03,5.48,0.123,0.243,1.318,35.60,0.00,0.005,1,excited,10.3,EXCITED,
111.846,1,1,-0.0066,0.1196,-0.2167,0.2476,0.0635,4.79,0.24,5.36,0.124,0.233,1.102,35.65,0.00,-0.002,1,excited,10.4,EXCITED,
111.895,1,1,-0.0064,0.1194,-0.2167,0.2475,0.0636,5.47,1.19,5.65,0.127,0.217,1.025,35.70,0.00,-0.001,1,excited,10.3,EXCITED,
111.945,1,1,-0.0064,0.1196,-0.2167,0.2476,0.0654,4.93,0.62,5.85,0.140,0.214,1.046,35.75,0.00,-0.001,1,excited,10.3,EXCITED,
111.990,1,1,-0.0062,0.1186,-0.2155,0.2461,0.0636,5.74,1.33,5.80,0.139,0.215,1.023,35.79,0.00,0.006,1,excited,10.1,EXCITED,
112.038,1,1,-0.0062,0.1187,-0.2155,0.2461,0.0634,5.42,0.38,5.65,0.142,0.191,1.225,35.84,0.00,0.004,1,excited,10.2,EXCITED,
112.102,1,1,-0.0061,0.1184,-0.2153,0.2457,0.0636,5.44,1.31,5.59,0.141,0.197,1.277,35.90,0.00,0.005,1,excited,10.7,EXCITED,
112.149,1,1,-0.0062,0.1188,-0.2160,0.2466,0.0633,5.08,0.41,5.25,0.142,0.214,1.241,35.95,0.00,0.000,1,excited,10.2,EXCITED,
112.198,1,1,-0.0062,0.1189,-0.2161,0.2468,0.0632,5.16,0.70,5.56,0.141,0.216,1.167,36.00,0.00,-0.001,1,excited,10.2,EXCITED,
112.246,1,1,-0.0063,0.1189,-0.2159,0.2466,0.0648,4.80,0.14,5.10,0.138,0.214,1.014,36.05,0.00,0.000,1,excited,10.2,EXCITED,
112.293,1,1,-0.0063,0.1186,-0.2156,0.2461,0.0643,5.55,1.28,5.84,0.136,0.232,1.158,36.10,0.00,0.002,1,excited,10.1,EXCITED,
112.342,1,1,-0.0062,0.1185,-0.2154,0.2459,0.0638,5.42,0.54,5.79,0.137,0.248,0.999,36.14,0.00,0.003,1,excited,10.1,EXCITED,
112.392,1,1,-0.0062,0.1184,-0.2153,0.2458,0.0637,5.57,0.83,5.58,0.139,0.247,1.026,36.19,0.00,0.003,1,excited,10.4,EXCITED,
112.438,1,1,-0.0062,0.1186,-0.2155,0.2460,0.0632,5.06,0.09,5.36,0.139,0.260,1.072,36.24,0.00,0.001,1,excited,10.1,EXCITED,
112.502,1,1,-0.0063,0.1189,-0.2159,0.2465,0.0641,5.14,0.84,5.67,0.134,0.268,0.921,36.30,0.00,-0.001,1,excited,10.9,EXCITED,
112.550,1,1,-0.0063,0.1190,-0.2161,0.2468,0.0625,5.24,1.38,5.44,0.123,0.274,0.859,36.35,0.00,-0.002,1,excited,10.3,EXCITED,
112.598,1,1,-0.0065,0.1194,-0.2166,0.2474,0.0619,4.76,1.46,5.30,0.118,0.259,1.009,36.40,0.00,-0.004,1,excited,10.1,EXCITED,
112.646,1,1,-0.0065,0.1194,-0.2168,0.2476,0.0616,5.09,1.55,5.21,0.117,0.264,1.080,36.45,0.00,-0.004,1,excited,10.2,EXCITED,
112.693,1,1,-0.0066,0.1193,-0.2167,0.2475,0.0622,4.86,0.78,5.38,0.117,0.270,0.899,36.50,0.00,-0.003,1,excited,10.2,EXCITED,
112.743,1,1,-0.0064,0.1189,-0.2162,0.2468,0.0622,5.52,0.97,4.95,0.115,0.269,0.802,36.55,0.00,0.001,1,excited,10.4,EXCITED,
112.790,1,1,-0.0064,0.1192,-0.2164,0.2471,0.0626,5.67,0.39,4.94,0.119,0.234,1.243,36.59,0.00,-0.001,1,excited,10.2,EXCITED,
112.839,1,1,-0.0063,0.1193,-0.2161,0.2469,0.0626,5.54,0.45,5.10,0.121,0.236,1.452,36.64,0.00,0.000,1,excited,10.5,EXCITED,
112.902,1,1,-0.0064,0.1194,-0.2164,0.2472,0.0623,5.18,1.42,5.09,0.116,0.243,1.273,36.70,0.00,-0.001,1,excited,10.6,EXCITED,
112.954,1,1,-0.0063,0.1192,-0.2162,0.2470,0.0624,5.25,1.69,5.23,0.114,0.253,1.091,36.76,0.00,0.000,1,excited,10.7,EXCITED,
113.014,1,1,-0.0064,0.1191,-0.2160,0.2468,0.0621,5.17,-0.35,5.37,0.123,0.253,1.038,36.82,0.00,0.001,1,excited,10.6,EXCITED,
113.062,1,1,-0.0064,0.1192,-0.2159,0.2467,0.0620,5.35,1.00,5.10,0.123,0.230,1.239,36.86,0.00,0.001,1,excited,10.2,EXCITED,
113.111,1,1,-0.0065,0.1190,-0.2157,0.2465,0.0628,4.80,0.59,4.80,0.117,0.219,1.132,36.91,0.00,0.002,1,excited,10.4,EXCITED,
113.157,1,1,-0.0066,0.1191,-0.2157,0.2465,0.0618,5.14,0.71,5.34,0.108,0.206,1.016,36.96,0.00,0.001,1,excited,10.2,EXCITED,
113.205,1,1,-0.0068,0.1192,-0.2158,0.2466,0.0624,5.07,1.30,5.29,0.103,0.194,0.881,37.01,0.00,0.000,1,excited,10.1,EXCITED,
113.255,1,1,-0.0070,0.1197,-0.2165,0.2475,0.0623,4.93,0.71,5.01,0.101,0.170,0.930,37.06,0.00,-0.003,1,neutral,10.3,EXCITED,
113.318,1,1,-0.0070,0.1196,-0.2163,0.2473,0.0629,5.04,0.67,5.51,0.104,0.149,0.832,37.12,0.00,-0.002,1,neutral,10.4,EXCITED,
113.366,1,1,-0.0069,0.1192,-0.2157,0.2466,0.0623,5.22,0.43,5.66,0.105,0.137,0.757,37.17,0.00,0.002,1,neutral,10.3,EXCITED,
113.414,1,1,-0.0070,0.1193,-0.2160,0.2469,0.0625,5.03,0.42,5.20,0.103,0.136,0.737,37.22,0.00,0.000,1,neutral,10.3,EXCITED,
113.460,1,1,-0.0072,0.1193,-0.2160,0.2469,0.0628,4.85,0.10,5.40,0.104,0.129,0.714,37.26,0.00,-0.000,1,neutral,10.2,EXCITED,
113.511,1,1,-0.0071,0.1191,-0.2159,0.2467,0.0632,5.54,0.87,5.58,0.104,0.139,0.822,37.31,0.00,0.001,1,neutral,10.3,EXCITED,
113.557,1,1,-0.0071,0.1191,-0.2158,0.2466,0.0631,5.21,1.25,5.32,0.102,0.115,1.211,37.36,0.00,0.001,1,neutral,10.4,EXCITED,
113.605,1,1,-0.0071,0.1188,-0.2154,0.2461,0.0635,5.21,0.94,5.61,0.103,0.150,1.865,37.41,0.00,0.003,1,neutral,10.2,EXCITED,
113.655,1,1,-0.0072,0.1191,-0.2158,0.2465,0.0635,5.09,0.11,5.36,0.102,0.130,2.256,37.46,0.00,0.000,1,neutral,10.4,EXCITED,
113.718,1,1,-0.0073,0.1190,-0.2157,0.2464,0.0631,4.91,1.04,5.42,0.100,0.152,2.288,37.52,0.00,0.001,1,neutral,10.7,EXCITED,
113.766,1,1,-0.0072,0.1193,-0.2160,0.2468,0.0630,5.11,0.37,5.55,0.107,0.167,1.975,37.57,0.00,-0.001,1,neutral,10.6,EXCITED,
113.814,1,1,-0.0072,0.1191,-0.2155,0.2463,0.0628,5.30,0.60,5.49,0.109,0.179,1.638,37.62,0.00,0.001,1,neutral,10.3,EXCITED,
113.862,1,1,-0.0071,0.1192,-0.2158,0.2466,0.0634,5.41,0.72,5.57,0.114,0.187,1.371,37.66,0.00,-0.000,1,neutral,10.1,EXCITED,
113.911,1,1,-0.0070,0.1183,-0.2145,0.2450,0.0628,5.38,0.60,5.64,0.120,0.203,1.268,37.71,0.00,0.006,1,neutral,10.2,EXCITED,
113.957,1,1,-0.0070,0.1185,-0.2148,0.2454,0.0629,5.01,0.50,5.73,0.119,0.219,1.143,37.76,0.00,0.003,1,neutral,10.2,EXCITED,
114.006,1,1,-0.0070,0.1186,-0.2149,0.2456,0.0634,5.07,-0.02,5.53,0.122,0.248,1.222,37.81,0.00,0.002,1,neutral,10.4,EXCITED,
114.054,1,1,-0.0070,0.1185,-0.2148,0.2454,0.0643,4.91,-0.86,5.85,0.131,0.241,1.474,37.86,0.00,0.002,1,neutral,10.2,EXCITED,
114.118,1,1,-0.0071,0.1187,-0.2152,0.2459,0.0637,4.81,0.39,5.41,0.127,0.239,1.308,37.92,0.00,0.000,1,neutral,10.6,EXCITED,
114.166,1,1,-0.0071,0.1186,-0.2152,0.2458,0.0638,4.87,0.19,5.41,0.128,0.234,1.122,37.97,0.00,0.001,1,neutral,10.4,EXCITED,
114.213,1,1,-0.0071,0.1186,-0.2150,0.2457,0.0634,4.57,0.49,5.65,0.126,0.242,1.093,38.02,0.00,0.001,1,neutral,10.2,EXCITED,
114.263,1,1,-0.0070,0.1186,-0.2150,0.2456,0.0640,5.38,0.69,5.56,0.127,0.240,1.006,38.07,0.00,0.001,1,neutral,10.6,EXCITED,
114.311,1,1,-0.0069,0.1183,-0.2146,0.2451,0.0633,5.26,-0.10,5.87,0.131,0.218,1.161,38.11,0.00,0.003,1,neutral,10.3,EXCITED,
114.358,1,1,-0.0069,0.1183,-0.2147,0.2452,0.0631,4.93,-0.33,5.72,0.133,0.232,1.462,38.16,0.00,0.002,1,neutral,10.1,EXCITED,
114.407,1,1,-0.0071,0.1191,-0.2157,0.2465,0.0635,4.63,0.42,4.96,0.127,0.239,1.287,38.21,0.00,-0.003,1,neutral,10.4,EXCITED,
114.454,1,1,-0.0071,0.1190,-0.2157,0.2464,0.0638,4.23,1.01,5.53,0.125,0.258,1.273,38.26,0.00,-0.003,1,neutral,10.1,EXCITED,
114.519,1,1,-0.0071,0.1190,-0.2156,0.2464,0.0642,4.97,0.01,5.63,0.127,0.263,1.151,38.32,0.00,-0.002,1,neutral,10.8,EXCITED,
114.565,1,1,-0.0070,0.1190,-0.2155,0.2463,0.0633,4.72,0.02,5.73,0.128,0.249,1.236,38.37,0.00,-0.001,1,neutral,10.2,EXCITED,
114.614,1,1,-0.0070,0.1190,-0.2154,0.2462,0.0643,4.66,0.60,5.69,0.124,0.242,1.085,38.42,0.00,-0.001,1,neutral,10.3,EXCITED,
114.662,1,1,-0.0068,0.1186,-0.2147,0.2453,0.0625,5.42,-0.08,5.78,0.129,0.235,0.994,38.46,0.00,0.003,1,neutral,10.3,EXCITED,
114.711,1,1,-0.0069,0.1190,-0.2151,0.2459,0.0641,4.67,-0.11,5.72,0.133,0.216,1.014,38.51,0.00,0.000,1,neutral,10.2,EXCITED,
114.758,1,1,-0.0069,0.1189,-0.2150,0.2458,0.0640,5.19,0.28,5.90,0.134,0.218,1.089,38.56,0.00,0.001,1,neutral,10.3,EXCITED,
114.806,1,1,-0.0067,0.1184,-0.2142,0.2448,0.0633,5.37,-0.18,5.86,0.136,0.206,1.112,38.61,0.00,0.004,1,neutral,10.2,EXCITED,
114.854,1,1,-0.0069,0.1182,-0.2141,0.2446,0.0640,4.81,-0.51,5.81,0.132,0.157,1.546,38.66,0.00,0.004,1,neutral,10.5,EXCITED,
114.918,1,1,-0.0071,0.1182,-0.2143,0.2449,0.0625,5.04,0.43,5.77,0.126,0.123,1.288,38.72,0.00,0.003,1,neutral,10.7,EXCITED,
114.966,1,1,-0.0077,0.1182,-0.2146,0.2452,0.0636,3.93,0.87,5.89,0.115,0.119,1.389,38.77,0.00,0.001,1,neutral,10.0,EXCITED,
115.014,1,1,-0.0083,0.1182,-0.2145,0.2450,0.0638,3.46,1.46,6.24,0.106,0.090,1.538,38.82,0.00,0.002,1,neutral,10.5,EXCITED,
115.062,1,1,-0.0091,0.1186,-0.2151,0.2458,0.0648,3.05,1.24,6.38,0.097,0.053,1.478,38.86,0.00,-0.002,1,neutral,10.2,EXCITED,
115.111,1,1,-0.0100,0.1190,-0.2155,0.2464,0.0641,2.30,0.04,6.45,0.095,0.058,1.712,38.91,0.00,-0.004,1,neutral,10.2,EXCITED,
115.158,1,1,-0.0111,0.1197,-0.2164,0.2476,0.0634,1.69,-0.23,6.34,0.093,0.061,1.385,38.96,0.00,-0.008,1,neutral,10.3,EXCITED,
115.206,1,1,-0.0122,0.1207,-0.2175,0.2490,0.0642,0.83,-0.89,6.55,0.089,0.077,1.343,39.01,0.00,-0.013,1,neutral,10.3,EXCITED,
115.254,1,1,-0.0134,0.1220,-0.2188,0.2509,0.0634,0.11,-1.18,6.58,0.082,0.063,1.511,39.06,0.00,-0.018,1,neutral,10.4,EXCITED,
115.318,1,1,-0.0147,0.1224,-0.2187,0.2510,0.0659,-1.09,-0.33,6.32,0.074,0.045,1.299,39.12,0.00,-0.015,1,neutral,10.2,NEUTRAL,4
115.367,1,1,-0.0161,0.1236,-0.2198,0.2527,0.0663,-1.72,-1.48,6.46,0.070,0.044,1.229,39.17,0.00,-0.019,1,neutral,10.4,NEUTRAL,
115.417,1,1,-0.0175,0.1245,-0.2199,0.2533,0.0668,-2.54,-2.20,6.94,0.070,0.034,1.134,39.22,0.00,-0.017,1,neutral,10.6,NEUTRAL,
115.479,1,1,-0.0193,0.1264,-0.2213,0.2555,0.0671,-3.48,-3.38,7.13,0.071,0.016,1.043,39.28,0.00,-0.021,1,neutral,10.9,NEUTRAL,
115.542,1,1,-0.0209,0.1268,-0.2212,0.2558,0.0645,-4.45,-3.29,6.80,0.071,0.006,0.886,39.34,0.00,-0.018,1,neutral,10.8,NEUTRAL,
115.590,1,1,-0.0226,0.1284,-0.2227,0.2580,0.0658,-5.05,-3.08,6.94,0.075,0.047,1.499,39.39,0.00,-0.023,1,neutral,10.3,NEUTRAL,
115.638,1,1,-0.0240,0.1289,-0.2231,0.2588,0.0645,-5.48,-3.22,6.73,0.074,0.066,1.393,39.44,0.00,-0.022,1,neutral,10.2,NEUTRAL,
115.686,1,1,-0.0251,0.1294,-0.2233,0.2592,0.0655,-6.07,-2.83,6.85,0.074,0.099,1.416,39.49,0.00,-0.019,1,neutral,10.1,NEUTRAL,
115.733,1,1,-0.0258,0.1291,-0.2225,0.2586,0.0659,-5.40,-2.74,7.40,0.074,0.083,1.830,39.54,0.00,-0.013,1,neutral,10.2,NEUTRAL,
115.799,1,1,-0.0267,0.1293,-0.2225,0.2587,0.0651,-5.96,-3.79,6.82,0.079,0.088,1.682,39.60,0.00,-0.010,1,neutral,10.6,NEUTRAL,
115.846,1,1,-0.0276,0.1295,-0.2224,0.2588,0.0651,-7.05,-3.40,7.08,0.081,0.080,1.537,39.65,0.00,-0.009,1,neutral,10.4,NEUTRAL,
115.894,1,1,-0.0286,0.1299,-0.2225,0.2592,0.0651,-7.58,-4.12,7.15,0.088,0.109,1.830,39.70,0.00,-0.009,1,neutral,10.3,NEUTRAL,
115.945,1,1,-0.0295,0.1305,-0.2230,0.2600,0.0657,-7.88,-3.83,6.67,0.086,0.158,1.895,39.75,0.00,-0.010,1,neutral,10.3,NEUTRAL,
116.006,1,1,-0.0300,0.1304,-0.2226,0.2597,0.0663,-7.64,-3.33,6.98,0.084,0.126,2.406,39.81,0.00,-0.007,1,neutral,10.8,NEUTRAL,
116.053,1,1,-0.0308,0.1309,-0.2232,0.2606,0.0660,-8.13,-4.34,7.11,0.085,0.103,1.971,39.86,0.00,-0.009,1,neutral,10.2,NEUTRAL,
116.102,1,1,-0.0316,0.1314,-0.2238,0.2614,0.0641,-7.84,-4.34,7.07,0.084,0.109,1.964,39.90,0.00,-0.011,1,neutral,10.5,NEUTRAL,
116.150,1,1,-0.0321,0.1312,-0.2235,0.2611,0.0660,-8.18,-3.87,7.30,0.086,0.088,2.022,39.95,0.00,-0.007,1,neutral,10.3,NEUTRAL,
116.197,1,1,-0.0326,0.1316,-0.2240,0.2618,0.0654,-8.00,-4.15,7.14,0.087,0.077,1.706,40.00,0.00,-0.009,1,neutral,10.3,NEUTRAL,
116.246,1,1,-0.0328,0.1313,-0.2237,0.2614,0.0648,-7.50,-4.64,7.10,0.082,0.033,1.963,40.05,0.00,-0.005,1,neutral,10.3,NEUTRAL,
116.295,1,1,-0.0330,0.1312,-0.2232,0.2610,0.0643,-7.57,-4.01,7.29,0.105,0.021,2.116,40.10,0.00,-0.003,1,neutral,10.2,NEUTRAL,
116.343,1,1,-0.0332,0.1312,-0.2230,0.2609,0.0650,-7.25,-4.81,7.14,0.125,-0.001,1.909,40.14,0.00,-0.002,1,neutral,10.2,NEUTRAL,
116.390,1,1,-0.0337,0.1319,-0.2238,0.2619,0.0632,-7.42,-4.06,7.16,0.186,0.006,2.424,40.19,0.00,-0.006,1,angry,10.2,NEUTRAL,
116.438,1,1,-0.0340,0.1315,-0.2232,0.2613,0.0631,-7.92,-3.99,7.10,0.199,-0.001,2.530,40.24,0.00,-0.002,1,angry,10.1,NEUTRAL,
116.486,1,1,-0.0345,0.1315,-0.2234,0.2615,0.0638,-7.73,-3.41,7.03,0.219,0.002,2.240,40.29,0.00,-0.002,1,angry,10.1,NEUTRAL,
116.534,1,1,-0.0348,0.1313,-0.2229,0.2611,0.0636,-7.84,-4.39,7.15,0.228,-0.004,1.953,40.34,0.00,-0.000,1,angry,10.3,NEUTRAL,
116.598,1,1,-0.0353,0.1316,-0.2236,0.2619,0.0635,-8.06,-2.99,7.02,0.247,0.013,1.865,40.40,0.00,-0.003,1,angry,10.6,NEUTRAL,
116.646,1,1,-0.0356,0.1319,-0.2240,0.2624,0.0626,-7.96,-4.71,6.93,0.264,0.040,1.744,40.45,0.00,-0.004,1,angry,10.3,NEUTRAL,
116.697,1,1,-0.0361,0.1325,-0.2248,0.2635,0.0644,-7.81,-4.18,7.01,0.261,0.086,1.881,40.50,0.00,-0.008,1,angry,10.3,NEUTRAL,
116.743,1,1,-0.0364,0.1320,-0.2243,0.2628,0.0639,-8.28,-4.30,7.61,0.240,0.155,2.171,40.55,0.00,-0.003,1,angry,10.0,NEUTRAL,
116.789,1,1,-0.0371,0.1325,-0.2252,0.2639,0.0626,-8.78,-3.62,7.80,0.225,0.220,1.966,40.59,0.00,-0.007,1,neutral,10.0,NEUTRAL,
116.838,1,1,-0.0375,0.1322,-0.2247,0.2634,0.0669,-8.59,-4.02,7.86,0.212,0.255,1.794,40.64,0.00,-0.004,1,neutral,9.8,NEUTRAL,
116.884,1,1,-0.0381,0.1319,-0.2249,0.2635,0.0671,-9.73,-3.15,7.73,0.200,0.316,2.032,40.69,0.00,-0.003,1,neutral,10.2,NEUTRAL,
116.935,1,1,-0.0383,0.1306,-0.2234,0.2615,0.0649,-9.41,-3.14,7.75,0.195,0.336,2.045,40.74,0.00,0.005,1,neutral,10.3,NEUTRAL,
116.982,1,1,-0.0387,0.1302,-0.2231,0.2611,0.0652,-9.49,-3.75,7.50,0.185,0.339,1.866,40.78,0.00,0.006,1,neutral,10.2,NEUTRAL,
117.030,1,1,-0.0390,0.1301,-0.2230,0.2611,0.0628,-9.84,-3.79,7.92,0.172,0.367,1.922,40.83,0.00,0.005,1,neutral,10.4,NEUTRAL,
117.078,1,1,-0.0399,0.1312,-0.2249,0.2634,0.0653,-10.54,-3.34,7.73,0.163,0.374,1.751,40.88,0.00,-0.006,1,neutral,10.0,NEUTRAL,
117.126,1,1,-0.0402,0.1310,-0.2248,0.2633,0.0642,-10.28,-3.45,7.70,0.161,0.381,1.468,40.93,0.00,-0.004,1,neutral,10.2,NEUTRAL,
117.176,1,1,-0.0403,0.1305,-0.2249,0.2631,0.0644,-10.12,-2.40,7.87,0.171,0.372,1.471,40.98,0.00,-0.003,1,neutral,10.6,NEUTRAL,
117.222,1,1,-0.0406,0.1307,-0.2257,0.2640,0.0619,-10.81,-3.30,8.05,0.216,0.296,2.531,41.02,0.00,-0.006,1,neutral,10.3,NEUTRAL,
117.271,1,1,-0.0397,0.1290,-0.2243,0.2618,0.0648,-9.55,-2.11,7.90,0.209,0.205,2.911,41.07,0.00,0.004,1,neutral,10.2,NEUTRAL,
117.334,1,1,-0.0387,0.1267,-0.2221,0.2586,0.0635,-9.51,-1.58,7.99,0.184,0.125,2.613,41.14,0.00,0.013,1,neutral,10.6,NEUTRAL,
117.381,1,1,-0.0382,0.1260,-0.2214,0.2576,0.0628,-9.78,-2.79,7.87,0.162,0.068,2.176,41.18,0.00,0.015,1,neutral,10.3,NEUTRAL,
117.430,1,1,-0.0377,0.1258,-0.2214,0.2574,0.0647,-9.49,-3.06,7.63,0.140,0.024,1.842,41.23,0.00,0.013,1,neutral,10.3,NEUTRAL,
117.478,1,1,-0.0372,0.1256,-0.2214,0.2573,0.0657,-9.35,-2.81,7.61,0.121,-0.017,1.610,41.28,0.00,0.011,1,angry,10.3,NEUTRAL,
117.524,1,1,-0.0370,0.1261,-0.2219,0.2579,0.0633,-9.45,-3.44,7.70,0.111,-0.045,1.381,41.33,0.00,0.006,1,angry,10.3,NEUTRAL,
117.574,1,1,-0.0365,0.1267,-0.2220,0.2582,0.0636,-8.32,-4.38,7.55,0.137,-0.075,1.653,41.38,0.00,0.004,1,angry,10.3,NEUTRAL,
117.622,1,1,-0.0359,0.1269,-0.2218,0.2581,0.0625,-7.79,-3.10,7.54,0.163,-0.082,1.603,41.42,0.00,0.003,1,angry,10.2,NEUTRAL,
117.670,1,1,-0.0356,0.1273,-0.2223,0.2586,0.0639,-8.12,-3.54,7.54,0.186,-0.095,1.432,41.47,0.00,0.000,1,angry,10.1,NEUTRAL,
117.735,1,1,-0.0354,0.1276,-0.2222,0.2587,0.0637,-8.60,-3.13,7.80,0.199,-0.109,1.213,41.54,0.00,0.000,1,angry,10.7,NEUTRAL,
117.782,1,1,-0.0353,0.1280,-0.2226,0.2592,0.0630,-8.51,-3.42,7.32,0.205,-0.111,1.121,41.58,0.00,-0.002,1,angry,10.1,NEUTRAL,
117.831,1,1,-0.0350,0.1275,-0.2220,0.2584,0.0658,-8.14,-2.59,7.46,0.198,-0.116,1.080,41.63,0.00,0.002,1,angry,10.1,NEUTRAL,
117.878,1,1,-0.0348,0.1273,-0.2216,0.2579,0.0622,-8.27,-3.44,7.51,0.194,-0.112,0.991,41.68,0.00,0.003,1,angry,9.9,NEUTRAL,
117.926,1,1,-0.0348,0.1277,-0.2220,0.2585,0.0651,-8.36,-3.60,7.42,0.201,-0.110,0.946,41.73,0.00,0.000,1,angry,9.8,NEUTRAL,
117.972,1,1,-0.0344,0.1270,-0.2209,0.2571,0.0633,-7.46,-3.47,7.39,0.214,-0.109,0.911,41.77,0.00,0.006,1,angry,10.1,NEUTRAL,
118.023,1,1,-0.0343,0.1272,-0.2213,0.2576,0.0638,-8.03,-3.49,7.49,0.224,-0.111,0.777,41.82,0.00,0.003,1,angry,10.2,NEUTRAL,
118.070,1,1,-0.0343,0.1275,-0.2215,0.2579,0.0662,-8.00,-3.71,7.53,0.250,-0.115,0.948,41.87,0.00,0.001,1,angry,9.9,NEUTRAL,
118.133,1,1,-0.0342,0.1274,-0.2215,0.2578,0.0634,-7.78,-3.20,7.48,0.231,-0.110,1.264,41.94,0.00,0.001,1,angry,9.9,NEUTRAL,
118.182,1,1,-0.0344,0.1280,-0.2222,0.2587,0.0656,-8.33,-4.00,7.48,0.237,-0.111,1.357,41.98,0.00,-0.003,1,angry,10.0,NEUTRAL,
118.233,1,1,-0.0340,0.1273,-0.2212,0.2575,0.0655,-7.39,-3.55,7.62,0.224,-0.110,1.354,42.04,0.00,0.003,1,angry,11.2,NEUTRAL,
118.293,1,1,-0.0342,0.1279,-0.2218,0.2583,0.0633,-8.01,-3.75,7.40,0.237,-0.110,1.378,42.10,0.00,-0.001,1,angry,10.9,NEUTRAL,
118.342,1,1,-0.0343,0.1284,-0.2223,0.2590,0.0649,-8.11,-3.75,7.74,0.229,-0.115,1.405,42.14,0.00,-0.003,1,angry,10.4,NEUTRAL,
118.392,1,1,-0.0340,0.1280,-0.2216,0.2581,0.0631,-7.67,-3.21,7.79,0.230,-0.111,1.294,42.19,0.00,0.001,1,angry,10.6,NEUTRAL,
118.439,1,1,-0.0338,0.1275,-0.2208,0.2572,0.0650,-7.90,-5.19,7.72,0.212,-0.122,1.420,42.24,0.00,0.005,1,angry,10.3,NEUTRAL,
118.487,1,1,-0.0340,0.1282,-0.2216,0.2582,0.0633,-7.93,-3.95,7.45,0.219,-0.118,1.523,42.29,0.00,-0.001,1,angry,10.2,NEUTRAL,
118.534,1,1,-0.0339,0.1282,-0.2214,0.2581,0.0614,-7.82,-3.37,7.75,0.213,-0.113,1.405,42.34,0.00,0.000,1,angry,10.3,NEUTRAL,
118.582,1,1,-0.0339,0.1281,-0.2214,0.2580,0.0643,-8.21,-4.08,7.75,0.219,-0.106,1.307,42.38,0.00,0.000,1,angry,10.4,NEUTRAL,
118.630,1,1,-0.0338,0.1279,-0.2210,0.2575,0.0631,-7.72,-3.24,7.44,0.218,-0.101,1.127,42.43,0.00,0.002,1,angry,10.3,NEUTRAL,
118.677,1,1,-0.0339,0.1278,-0.2209,0.2574,0.0644,-8.18,-3.06,7.93,0.210,-0.105,1.097,42.48,0.00,0.002,1,angry,10.1,NEUTRAL,
118.727,1,1,-0.0338,0.1278,-0.2211,0.2577,0.0619,-7.64,-2.91,7.47,0.219,-0.103,1.127,42.53,0.00,0.001,1,angry,10.7,NEUTRAL,
118.774,1,1,-0.0340,0.1279,-0.2214,0.2580,0.0660,-7.90,-3.96,7.47,0.237,-0.109,1.132,42.58,0.00,-0.001,1,angry,10.3,NEUTRAL,
118.822,1,1,-0.0340,0.1280,-0.2214,0.2580,0.0629,-8.00,-3.85,7.78,0.250,-0.107,1.003,42.62,0.00,-0.001,1,angry,10.3,NEUTRAL,
118.869,1,1,-0.0340,0.1281,-0.2215,0.2581,0.0626,-7.51,-3.24,7.29,0.255,-0.105,0.880,42.67,0.00,-0.001,1,angry,9.8,NEUTRAL,
118.934,1,1,-0.0342,0.1285,-0.2221,0.2589,0.0652,-7.88,-3.20,7.53,0.266,-0.105,0.788,42.74,0.00,-0.003,1,angry,11.1,NEUTRAL,
118.981,1,1,-0.0343,0.1285,-0.2223,0.2591,0.0648,-8.48,-2.48,7.54,0.261,-0.106,0.843,42.78,0.00,-0.003,1,angry,10.2,ANGRY,11
119.030,1,1,-0.0343,0.1285,-0.2224,0.2591,0.0638,-8.51,-3.21,7.76,0.273,-0.103,0.927,42.83,0.00,-0.003,1,angry,10.2,ANGRY,
119.079,1,1,-0.0342,0.1283,-0.2221,0.2588,0.0636,-7.72,-3.26,7.66,0.257,-0.109,1.173,42.88,0.00,-0.001,1,angry,10.4,ANGRY,
119.127,1,1,-0.0344,0.1286,-0.2224,0.2592,0.0639,-8.54,-3.70,7.74,0.265,-0.107,1.295,42.93,0.00,-0.003,1,angry,10.5,ANGRY,
119.173,1,1,-0.0344,0.1290,-0.2229,0.2598,0.0628,-7.72,-3.60,7.22,0.283,-0.104,1.228,42.98,0.00,-0.005,1,angry,10.2,ANGRY,
119.222,1,1,-0.0346,0.1288,-0.2226,0.2595,0.0649,-8.55,-3.50,7.31,0.288,-0.101,1.118,43.02,0.00,-0.002,1,angry,10.1,ANGRY,
119.270,1,1,-0.0345,0.1281,-0.2219,0.2585,0.0637,-7.95,-3.25,7.39,0.300,-0.089,1.120,43.07,0.00,0.002,1,angry,10.3,ANGRY,
119.318,1,1,-0.0348,0.1284,-0.2224,0.2592,0.0636,-8.94,-4.01,7.69,0.288,-0.075,1.263,43.12,0.00,-0.001,1,angry,10.2,ANGRY,
119.365,1,1,-0.0351,0.1290,-0.2233,0.2603,0.0651,-8.46,-3.27,7.46,0.293,-0.070,1.251,43.17,0.00,-0.006,1,angry,10.2,ANGRY,
119.415,1,1,-0.0352,0.1292,-0.2236,0.2607,0.0647,-8.54,-3.52,7.73,0.302,-0.063,1.106,43.22,0.00,-0.006,1,angry,10.4,ANGRY,
119.463,1,1,-0.0349,0.1287,-0.2229,0.2597,0.0661,-7.95,-3.58,7.76,0.272,-0.065,1.520,43.26,0.00,-0.001,1,angry,10.4,ANGRY,
119.510,1,1,-0.0350,0.1287,-0.2229,0.2597,0.0651,-8.05,-2.51,7.30,0.256,-0.068,1.343,43.31,0.00,-0.001,1,angry,10.4,ANGRY,
119.558,1,1,-0.0348,0.1285,-0.2227,0.2595,0.0641,-7.82,-3.11,7.44,0.261,-0.069,1.365,43.36,0.00,0.001,1,angry,10.3,ANGRY,
119.606,1,1,-0.0346,0.1281,-0.2221,0.2587,0.0649,-8.15,-3.73,7.52,0.257,-0.066,1.239,43.41,0.00,0.004,1,angry,10.3,ANGRY,
119.655,1,1,-0.0345,0.1281,-0.2221,0.2587,0.0650,-8.01,-3.61,7.76,0.244,-0.069,1.184,43.46,0.00,0.003,1,angry,10.3,ANGRY,
119.702,1,1,-0.0343,0.1273,-0.2211,0.2575,0.0650,-7.99,-3.63,7.64,0.250,-0.067,1.245,43.50,0.00,0.008,1,angry,10.4,ANGRY,
119.750,1,1,-0.0344,0.1277,-0.2216,0.2580,0.0627,-8.00,-3.25,7.31,0.247,-0.069,1.139,43.55,0.00,0.004,1,angry,10.1,ANGRY,
119.798,1,1,-0.0345,0.1279,-0.2218,0.2583,0.0636,-8.03,-3.54,7.63,0.242,-0.071,0.969,43.60,0.00,0.002,1,angry,10.3,ANGRY,
119.847,1,1,-0.0344,0.1278,-0.2216,0.2581,0.0649,-7.78,-4.04,7.82,0.226,-0.073,0.964,43.65,0.00,0.002,1,angry,10.5,ANGRY,
119.893,1,1,-0.0345,0.1280,-0.2219,0.2585,0.0649,-7.90,-3.95,7.75,0.240,-0.074,1.214,43.69,0.00,0.000,1,angry,10.1,ANGRY,
119.944,1,1,-0.0346,0.1279,-0.2220,0.2585,0.0644,-8.20,-3.49,7.60,0.229,-0.076,1.313,43.75,0.00,-0.000,1,angry,10.4,ANGRY,
119.990,1,1,-0.0347,0.1285,-0.2229,0.2596,0.0649,-8.31,-3.59,7.85,0.220,-0.082,1.107,43.79,0.00,-0.005,1,angry,10.1,ANGRY,
120.038,1,1,-0.0348,0.1289,-0.2235,0.2603,0.0648,-8.39,-3.77,7.42,0.229,-0.080,1.155,43.84,0.00,-0.007,1,angry,10.2,ANGRY,
120.086,1,1,-0.0347,0.1287,-0.2233,0.2600,0.0621,-8.18,-3.82,7.59,0.247,-0.081,1.119,43.89,0.00,-0.004,1,angry,10.2,ANGRY,
120.150,1,1,-0.0347,0.1287,-0.2230,0.2598,0.0637,-8.09,-3.98,7.83,0.263,-0.074,0.988,43.95,0.00,-0.003,1,angry,10.1,ANGRY,
120.199,1,1,-0.0348,0.1290,-0.2234,0.2603,0.0643,-8.21,-3.74,7.76,0.250,-0.070,1.188,44.00,0.00,-0.004,1,angry,10.2,ANGRY,
120.244,1,1,-0.0346,0.1285,-0.2228,0.2596,0.0620,-8.06,-3.08,7.49,0.251,-0.066,1.135,44.05,0.00,-0.000,1,angry,10.1,ANGRY,
120.294,1,1,-0.0348,0.1293,-0.2239,0.2608,0.0638,-8.35,-4.46,7.51,0.271,-0.070,1.228,44.10,0.00,-0.005,1,angry,10.4,ANGRY,
120.342,1,1,-0.0345,0.1283,-0.2226,0.2592,0.0642,-7.77,-3.28,7.36,0.278,-0.064,1.175,44.14,0.00,0.003,1,angry,10.2,ANGRY,
120.390,1,1,-0.0342,0.1271,-0.2210,0.2572,0.0650,-7.68,-3.23,7.47,0.250,-0.062,1.495,44.19,0.00,0.010,1,angry,10.3,ANGRY,
120.438,1,1,-0.0340,0.1268,-0.2205,0.2566,0.0644,-7.86,-3.22,7.38,0.251,-0.059,1.554,44.24,0.00,0.011,1,angry,10.5,ANGRY,
120.487,1,1,-0.0341,0.1271,-0.2212,0.2573,0.0639,-7.96,-2.86,7.29,0.224,-0.065,1.710,44.29,0.00,0.006,1,angry,10.2,ANGRY,
120.552,1,1,-0.0342,0.1274,-0.2216,0.2579,0.0638,-7.81,-3.27,7.41,0.233,-0.068,1.740,44.35,0.00,0.003,1,angry,10.7,ANGRY,
120.599,1,1,-0.0342,0.1275,-0.2216,0.2579,0.0636,-7.85,-4.02,7.56,0.239,-0.076,1.498,44.40,0.00,0.002,1,angry,10.1,ANGRY,
120.646,1,1,-0.0342,0.1276,-0.2217,0.2581,0.0623,-7.50,-3.44,7.59,0.246,-0.075,1.346,44.45,0.00,0.001,1,angry,10.2,ANGRY,
120.696,1,1,-0.0343,0.1275,-0.2216,0.2580,0.0634,-8.13,-3.72,7.33,0.237,-0.078,1.332,44.50,0.00,0.001,1,angry,10.2,ANGRY,
120.743,1,1,-0.0344,0.1282,-0.2224,0.2590,0.0645,-7.46,-3.39,7.32,0.234,-0.081,1.131,44.55,0.00,-0.003,1,angry,10.2,ANGRY,
120.790,1,1,-0.0343,0.1281,-0.2223,0.2588,0.0649,-7.36,-3.62,7.39,0.238,-0.087,1.027,44.59,0.00,-0.002,1,angry,10.2,ANGRY,
120.839,1,1,-0.0342,0.1282,-0.2223,0.2589,0.0636,-7.53,-2.98,7.50,0.217,-0.089,1.217,44.64,0.00,-0.002,1,angry,10.4,ANGRY,
120.886,1,1,-0.0342,0.1279,-0.2221,0.2585,0.0645,-7.48,-2.45,7.51,0.237,-0.086,1.572,44.69,0.00,0.000,1,angry,10.3,ANGRY,
120.952,1,1,-0.0342,0.1279,-0.2220,0.2585,0.0640,-7.54,-3.30,7.27,0.228,-0.083,1.535,44.75,0.00,0.000,1,angry,10.9,ANGRY,
121.014,1,1,-0.0344,0.1283,-0.2227,0.2593,0.0639,-7.74,-2.76,7.32,0.229,-0.082,1.314,44.82,0.00,-0.002,1,angry,10.6,ANGRY,
121.062,1,1,-0.0343,0.1280,-0.2222,0.2587,0.0643,-7.60,-3.41,7.71,0.206,-0.087,1.432,44.86,0.00,0.000,1,angry,10.5,ANGRY,
121.111,1,1,-0.0342,0.1279,-0.2220,0.2585,0.0627,-7.64,-2.82,7.59,0.215,-0.097,1.582,44.91,0.00,0.001,1,angry,10.3,ANGRY,
121.158,1,1,-0.0344,0.1290,-0.2234,0.2602,0.0640,-7.04,-3.42,7.62,0.210,-0.097,1.493,44.96,0.00,-0.006,1,angry,10.2,ANGRY,
121.206,1,1,-0.0347,0.1300,-0.2248,0.2620,0.0658,-6.92,-2.04,7.80,0.201,-0.089,1.351,45.01,0.00,-0.012,1,angry,10.1,ANGRY,
121.254,1,1,-0.0346,0.1302,-0.2250,0.2622,0.0637,-6.31,-2.71,8.34,0.206,-0.082,1.278,45.06,0.00,-0.011,1,angry,10.4,ANGRY,
121.301,1,1,-0.0345,0.1294,-0.2238,0.2608,0.0620,-4.91,-3.76,8.03,0.224,-0.071,1.286,45.10,0.00,-0.003,1,angry,10.2,ANGRY,
121.350,1,1,-0.0350,0.1305,-0.2256,0.2630,0.0664,-4.82,-3.43,8.00,0.235,-0.064,1.084,45.15,0.00,-0.011,1,angry,10.4,ANGRY,
121.400,1,1,-0.0347,0.1291,-0.2238,0.2607,0.0641,-3.86,-3.81,8.03,0.252,-0.061,1.023,45.20,0.00,0.000,1,angry,10.4,ANGRY,
121.446,1,1,-0.0345,0.1282,-0.2225,0.2591,0.0623,-3.98,-4.59,8.17,0.251,-0.067,1.099,45.25,0.00,0.007,1,angry,10.3,ANGRY,
121.494,1,1,-0.0343,0.1276,-0.2217,0.2581,0.0678,-3.36,-4.78,8.41,0.243,-0.079,1.064,45.30,0.00,0.010,1,angry,10.3,ANGRY,
121.542,1,1,-0.0344,0.1275,-0.2221,0.2584,0.0657,-4.48,-3.55,8.18,0.255,-0.065,1.334,45.34,0.00,0.007,1,angry,10.4,ANGRY,
121.590,1,1,-0.0343,0.1267,-0.2212,0.2572,0.0631,-3.58,-3.70,8.10,0.280,-0.057,1.343,45.39,0.00,0.010,1,angry,10.2,ANGRY,
121.638,1,1,-0.0342,0.1260,-0.2204,0.2561,0.0616,-4.57,-3.53,8.11,0.285,-0.057,1.335,45.44,0.00,0.013,1,angry,10.6,ANGRY,
121.686,1,1,-0.0338,0.1243,-0.2184,0.2536,0.0633,-4.66,-3.27,8.01,0.280,-0.051,1.239,45.49,0.00,0.021,1,angry,10.2,ANGRY,
121.750,1,1,-0.0342,0.1251,-0.2197,0.2551,0.0643,-5.09,-3.19,7.97,0.295,-0.047,1.228,45.55,0.00,0.012,1,angry,10.6,ANGRY,
121.798,1,1,-0.0340,0.1242,-0.2185,0.2536,0.0670,-5.08,-2.82,8.28,0.300,-0.041,1.094,45.60,0.00,0.016,1,angry,10.3,ANGRY,
121.846,1,1,-0.0339,0.1241,-0.2185,0.2536,0.0644,-4.86,-2.90,8.17,0.298,-0.039,0.969,45.65,0.00,0.013,1,angry,10.5,ANGRY,
121.893,1,1,-0.0337,0.1234,-0.2173,0.2522,0.0636,-4.81,-4.08,8.14,0.303,-0.039,0.884,45.70,0.00,0.016,1,angry,10.3,ANGRY,
121.944,1,1,-0.0333,0.1221,-0.2154,0.2498,0.0671,-4.50,-2.99,8.23,0.297,-0.034,0.876,45.75,0.00,0.022,1,angry,10.2,ANGRY,
121.990,1,1,-0.0331,0.1213,-0.2144,0.2486,0.0682,-3.65,-3.48,8.22,0.325,-0.030,1.260,45.79,0.00,0.023,1,angry,10.3,ANGRY,
122.038,1,1,-0.0333,0.1221,-0.2157,0.2500,0.0639,-4.72,-4.35,7.93,0.336,-0.029,1.189,45.84,0.00,0.012,1,angry,10.4,ANGRY,
122.087,1,1,-0.0331,0.1215,-0.2148,0.2489,0.0630,-4.34,-3.63,8.26,0.330,-0.028,1.177,45.89,0.00,0.014,1,angry,10.4,ANGRY,
122.134,1,1,-0.0330,0.1207,-0.2135,0.2475,0.0658,-5.14,-3.62,8.10,0.314,-0.030,1.142,45.94,0.00,0.018,1,angry,10.2,ANGRY,
122.182,1,1,-0.0329,0.1205,-0.2132,0.2471,0.0641,-4.89,-3.21,8.05,0.316,-0.026,1.154,45.98,0.00,0.016,1,angry,10.1,ANGRY,
122.230,1,1,-0.0330,0.1208,-0.2138,0.2478,0.0609,-5.10,-3.07,7.92,0.296,-0.026,1.283,46.03,0.00,0.010,1,angry,10.3,ANGRY,
122.278,1,1,-0.0329,0.1204,-0.2133,0.2471,0.0640,-5.56,-4.36,8.11,0.296,-0.024,1.276,46.08,0.00,0.011,1,angry,10.3,ANGRY,
122.326,1,1,-0.0324,0.1188,-0.2109,0.2443,0.0622,-4.60,-3.95,8.10,0.287,-0.022,1.177,46.13,0.00,0.020,1,angry,10.2,ANGRY,
122.374,1,1,-0.0327,0.1197,-0.2125,0.2461,0.0631,-5.50,-2.71,8.12,0.290,-0.019,1.106,46.18,0.00,0.009,1,angry,10.4,ANGRY,
122.422,1,1,-0.0327,0.1200,-0.2132,0.2468,0.0643,-4.78,-2.79,8.16,0.295,-0.018,0.950,46.22,0.00,0.004,1,angry,10.3,ANGRY,
122.470,1,1,-0.0327,0.1201,-0.2131,0.2468,0.0642,-5.13,-2.66,8.39,0.282,-0.018,1.040,46.27,0.00,0.003,1,angry,10.4,ANGRY,
122.519,1,1,-0.0327,0.1204,-0.2135,0.2473,0.0654,-5.18,-2.71,8.12,0.293,-0.015,1.168,46.32,0.00,0.001,1,angry,10.5,ANGRY,
122.566,1,1,-0.0325,0.1197,-0.2124,0.2460,0.0697,-4.83,-3.63,8.03,0.282,-0.015,1.263,46.37,0.00,0.006,1,angry,10.2,ANGRY,
122.613,1,1,-0.0326,0.1203,-0.2135,0.2473,0.0666,-4.63,-2.97,8.32,0.290,-0.016,1.291,46.42,0.00,-0.001,1,angry,10.2,ANGRY,
122.662,1,1,-0.0323,0.1197,-0.2129,0.2464,0.0654,-4.72,-2.66,8.07,0.278,-0.018,1.343,46.46,0.00,0.003,1,angry,10.3,ANGRY,
122.711,1,1,-0.0324,0.1202,-0.2138,0.2474,0.0682,-4.49,-2.92,7.93,0.274,-0.019,1.169,46.51,0.00,-0.002,1,angry,10.2,ANGRY,
122.756,1,1,-0.0327,0.1213,-0.2150,0.2490,0.0659,-5.50,-2.85,7.88,0.281,-0.021,1.118,46.56,0.00,-0.008,1,angry,10.2,ANGRY,
122.806,1,1,-0.0327,0.1212,-0.2148,0.2488,0.0644,-5.04,-4.13,8.26,0.304,-0.020,1.181,46.61,0.00,-0.006,1,angry,10.4,ANGRY,
122.854,1,1,-0.0327,0.1206,-0.2146,0.2483,0.0661,-5.26,-2.96,7.73,0.312,-0.016,1.103,46.66,0.00,-0.003,1,angry,10.3,ANGRY,
122.903,1,1,-0.0329,0.1212,-0.2153,0.2492,0.0631,-4.86,-2.47,8.09,0.299,-0.017,1.204,46.70,0.00,-0.006,1,angry,10.2,ANGRY,
122.966,1,1,-0.0330,0.1218,-0.2160,0.2502,0.0682,-5.61,-3.82,7.87,0.315,-0.017,1.288,46.77,0.00,-0.008,1,angry,10.9,ANGRY,
123.013,1,1,-0.0330,0.1218,-0.2164,0.2505,0.0670,-5.38,-3.34,8.21,0.319,-0.017,1.162,46.82,0.00,-0.007,1,angry,10.2,ANGRY,
123.062,1,1,-0.0333,0.1222,-0.2170,0.2513,0.0628,-5.69,-3.62,8.04,0.310,-0.019,1.124,46.86,0.00,-0.009,1,angry,10.4,ANGRY,
123.111,1,1,-0.0332,0.1221,-0.2169,0.2511,0.0668,-4.94,-2.43,7.89,0.316,-0.016,1.117,46.91,0.00,-0.007,1,angry,10.2,ANGRY,
123.157,1,1,-0.0331,0.1220,-0.2167,0.2509,0.0638,-5.05,-2.29,7.75,0.306,-0.016,1.150,46.96,0.00,-0.004,1,angry,10.2,ANGRY,
123.206,1,1,-0.0330,0.1214,-0.2161,0.2501,0.0642,-5.32,-1.55,7.66,0.294,-0.017,1.007,47.01,0.00,-0.000,1,angry,10.3,ANGRY,
123.255,1,1,-0.0333,0.1221,-0.2168,0.2510,0.0656,-6.04,-2.48,7.61,0.278,-0.017,0.899,47.06,0.00,-0.004,1,angry,10.3,ANGRY,
123.307,1,1,-0.0333,0.1217,-0.2163,0.2505,0.0677,-5.52,-2.63,8.20,0.285,-0.018,0.994,47.11,0.00,-0.001,1,angry,10.6,ANGRY,
123.366,1,1,-0.0333,0.1220,-0.2165,0.2508,0.0658,-5.47,-2.03,8.04,0.296,-0.016,0.894,47.17,0.00,-0.002,1,angry,10.8,ANGRY,
123.429,1,1,-0.0330,0.1211,-0.2150,0.2489,0.0683,-5.56,-2.24,7.94,0.285,-0.018,0.969,47.23,0.00,0.004,1,angry,10.5,ANGRY,
123.478,1,1,-0.0330,0.1206,-0.2144,0.2482,0.0632,-5.49,-2.71,7.65,0.272,-0.018,0.857,47.28,0.00,0.007,1,angry,10.4,ANGRY,
123.526,1,1,-0.0330,0.1210,-0.2152,0.2490,0.0644,-5.41,-2.63,7.90,0.265,-0.018,0.736,47.33,0.00,0.002,1,angry,10.4,ANGRY,
123.573,1,1,-0.0330,0.1211,-0.2151,0.2491,0.0645,-5.29,-2.58,8.13,0.272,-0.017,0.794,47.38,0.00,0.001,1,angry,10.3,ANGRY,
123.622,1,1,-0.0331,0.1214,-0.2154,0.2495,0.0652,-5.11,-1.87,7.99,0.265,-0.011,0.860,47.42,0.00,-0.001,1,angry,10.3,ANGRY,
123.670,1,1,-0.0331,0.1211,-0.2151,0.2491,0.0638,-5.32,-2.99,7.77,0.267,-0.009,0.832,47.47,0.00,0.001,1,angry,9.9,ANGRY,
123.719,1,1,-0.0330,0.1208,-0.2149,0.2487,0.0633,-5.51,-2.30,7.86,0.268,-0.011,0.739,47.52,0.00,0.003,1,angry,10.6,ANGRY,
123.766,1,1,-0.0331,0.1208,-0.2149,0.2487,0.0672,-5.13,-2.22,7.65,0.289,-0.010,0.938,47.57,0.00,0.002,1,angry,10.1,ANGRY,
123.815,1,1,-0.0333,0.1214,-0.2156,0.2496,0.0673,-5.58,-2.00,7.89,0.285,-0.009,1.073,47.62,0.00,-0.002,1,angry,11.0,ANGRY,
123.863,1,1,-0.0332,0.1208,-0.2147,0.2486,0.0648,-5.15,-2.30,8.42,0.286,-0.012,0.932,47.67,0.00,0.002,1,angry,10.3,ANGRY,
123.910,1,1,-0.0334,0.1216,-0.2158,0.2500,0.0644,-5.22,-2.73,7.92,0.282,-0.011,0.831,47.71,0.00,-0.004,1,angry,10.1,ANGRY,
123.959,1,1,-0.0335,0.1215,-0.2161,0.2501,0.0681,-5.70,-2.77,7.81,0.293,-0.009,0.894,47.76,0.00,-0.004,1,angry,10.2,ANGRY,
124.006,1,1,-0.0335,0.1213,-0.2158,0.2497,0.0695,-5.49,-2.02,7.92,0.294,-0.012,0.862,47.81,0.00,-0.001,1,angry,10.5,ANGRY,
124.054,1,1,-0.0335,0.1216,-0.2160,0.2501,0.0639,-5.73,-3.10,8.14,0.279,-0.014,0.944,47.86,0.00,-0.003,1,angry,10.2,ANGRY,
124.101,1,1,-0.0333,0.1211,-0.2151,0.2491,0.0647,-5.39,-3.54,8.20,0.271,-0.014,0.813,47.90,0.00,0.002,1,angry,10.1,ANGRY,
124.165,1,1,-0.0334,0.1217,-0.2159,0.2501,0.0645,-5.03,-2.05,7.77,0.295,-0.005,1.045,47.97,0.00,-0.001,1,angry,10.3,ANGRY,
124.214,1,1,-0.0335,0.1215,-0.2156,0.2498,0.0684,-6.11,-3.30,7.91,0.288,-0.009,1.281,48.02,0.00,0.000,1,angry,10.2,ANGRY,
124.262,1,1,-0.0337,0.1216,-0.2158,0.2500,0.0659,-6.20,-3.66,7.97,0.282,-0.008,1.082,48.06,0.00,-0.001,1,angry,10.3,ANGRY,
124.309,1,1,-0.0336,0.1216,-0.2160,0.2501,0.0651,-5.79,-2.90,8.02,0.270,-0.012,0.994,48.11,0.00,-0.001,1,angry,10.2,ANGRY,
124.358,1,1,-0.0335,0.1213,-0.2152,0.2493,0.0624,-6.04,-3.29,7.96,0.261,-0.012,0.836,48.16,0.00,0.002,1,angry,10.2,ANGRY,
124.406,1,1,-0.0335,0.1217,-0.2160,0.2502,0.0652,-5.56,-2.33,7.96,0.273,-0.010,0.975,48.21,0.00,-0.002,1,angry,10.4,ANGRY,
124.455,1,1,-0.0336,0.1219,-0.2163,0.2505,0.0682,-5.76,-3.15,8.27,0.261,-0.012,1.132,48.26,0.00,-0.003,1,angry,10.2,ANGRY,
124.502,1,1,-0.0335,0.1216,-0.2157,0.2499,0.0626,-5.72,-2.56,8.09,0.265,-0.010,1.144,48.30,0.00,0.001,1,angry,10.2,ANGRY,
124.566,1,1,-0.0338,0.1222,-0.2168,0.2511,0.0632,-5.83,-2.54,8.04,0.266,-0.004,0.987,48.37,0.00,-0.003,1,angry,10.8,ANGRY,
124.613,1,1,-0.0338,0.1220,-0.2166,0.2509,0.0656,-6.00,-2.57,8.08,0.265,-0.006,0.920,48.41,0.00,-0.002,1,angry,10.2,ANGRY,
124.661,1,1,-0.0337,0.1218,-0.2162,0.2504,0.0644,-5.75,-3.47,8.04,0.268,-0.010,0.803,48.46,0.00,0.001,1,angry,10.3,ANGRY,
124.711,1,1,-0.0337,0.1218,-0.2162,0.2504,0.0662,-5.81,-2.63,7.82,0.256,-0.012,0.876,48.51,0.00,0.001,1,angry,10.6,ANGRY,
124.758,1,1,-0.0338,0.1220,-0.2165,0.2508,0.0662,-5.49,-3.67,8.22,0.271,-0.012,1.107,48.56,0.00,-0.001,1,angry,10.3,ANGRY,
124.806,1,1,-0.0337,0.1215,-0.2157,0.2498,0.0623,-5.67,-3.21,8.01,0.270,-0.014,1.081,48.61,0.00,0.003,1,angry,10.1,ANGRY,
124.854,1,1,-0.0341,0.1227,-0.2175,0.2520,0.0700,-6.32,-3.03,8.10,0.273,-0.001,1.113,48.66,0.00,-0.007,1,angry,10.2,ANGRY,
124.903,1,1,-0.0344,0.1231,-0.2183,0.2530,0.0716,-6.36,-3.08,7.66,0.259,0.002,1.162,48.71,0.00,-0.009,1,angry,10.5,ANGRY,
124.966,1,1,-0.0343,0.1228,-0.2178,0.2524,0.0714,-6.01,-2.85,7.91,0.258,-0.000,1.057,48.77,0.00,-0.005,1,angry,10.7,ANGRY,
125.014,1,1,-0.0346,0.1237,-0.2192,0.2541,0.0666,-6.61,-3.00,8.06,0.251,0.001,0.950,48.82,0.00,-0.012,1,angry,10.3,ANGRY,
125.062,1,1,-0.0344,0.1233,-0.2187,0.2534,0.0701,-5.90,-2.98,8.31,0.244,0.001,0.794,48.86,0.00,-0.006,1,angry,10.4,ANGRY,
125.109,1,1,-0.0343,0.1225,-0.2176,0.2521,0.0668,-6.86,-3.02,8.28,0.245,-0.003,0.752,48.91,0.00,0.001,1,angry,10.3,ANGRY,
125.158,1,1,-0.0342,0.1224,-0.2175,0.2520,0.0655,-6.36,-2.29,8.34,0.241,-0.002,0.701,48.96,0.00,0.001,1,angry,10.3,ANGRY,
125.206,1,1,-0.0343,0.1227,-0.2175,0.2520,0.0664,-6.54,-2.68,8.10,0.226,-0.001,0.753,49.01,0.00,0.000,1,angry,10.2,ANGRY,
125.254,1,1,-0.0344,0.1231,-0.2183,0.2529,0.0701,-6.45,-3.17,8.25,0.221,0.003,0.726,49.06,0.00,-0.003,1,angry,10.3,ANGRY,
125.301,1,1,-0.0343,0.1228,-0.2180,0.2525,0.0689,-6.22,-2.24,8.01,0.220,0.001,0.662,49.10,0.00,-0.001,1,angry,10.1,ANGRY,
125.350,1,1,-0.0340,0.1217,-0.2168,0.2509,0.0644,-6.84,-3.81,7.80,0.213,-0.002,0.629,49.15,0.00,0.006,1,angry,10.3,ANGRY,
125.397,1,1,-0.0341,0.1214,-0.2165,0.2506,0.0628,-7.31,-3.23,7.79,0.209,-0.005,0.535,49.20,0.00,0.006,1,angry,10.3,ANGRY,
125.447,1,1,-0.0343,0.1213,-0.2166,0.2507,0.0676,-7.70,-3.48,7.92,0.221,-0.003,0.679,49.25,0.00,0.005,1,angry,10.2,ANGRY,
125.493,1,1,-0.0346,0.1210,-0.2158,0.2498,0.0703,-7.77,-4.26,7.99,0.242,-0.003,0.750,49.30,0.00,0.007,1,angry,10.1,ANGRY,
125.542,1,1,-0.0355,0.1217,-0.2165,0.2509,0.0651,-9.29,-4.23,8.50,0.251,-0.003,0.701,49.34,0.00,0.001,1,angry,10.3,ANGRY,
125.590,1,1,-0.0366,0.1222,-0.2165,0.2513,0.0633,-9.87,-4.39,8.65,0.249,0.001,0.721,49.39,0.00,-0.001,1,angry,10.3,ANGRY,
125.638,1,1,-0.0380,0.1230,-0.2170,0.2522,0.0657,-11.90,-6.51,9.08,0.259,0.005,0.768,49.44,0.00,-0.004,1,angry,10.3,ANGRY,
125.689,1,1,-0.0400,0.1245,-0.2186,0.2547,0.0678,-12.25,-6.22,9.42,0.257,0.007,0.762,49.49,0.00,-0.013,1,angry,10.3,ANGRY,
125.734,1,1,-0.0422,0.1258,-0.2203,0.2572,0.0680,-14.15,-5.96,10.04,0.257,0.012,0.665,49.54,0.00,-0.022,1,angry,10.2,ANGRY,
125.782,1,1,-0.0445,0.1278,-0.2230,0.2609,0.0719,-15.15,-6.14,10.56,0.254,0.016,0.586,49.58,0.00,-0.032,1,angry,10.6,ANGRY,
125.831,1,1,-0.0464,0.1290,-0.2245,0.2630,0.0726,-15.83,-6.53,10.41,0.254,0.012,0.572,49.63,0.00,-0.035,1,angry,10.4,ANGRY,
125.879,1,1,-0.0477,0.1292,-0.2247,0.2636,0.0731,-16.23,-5.57,10.12,0.254,0.026,0.733,49.68,0.00,-0.030,1,angry,10.2,ANGRY,
125.926,1,1,-0.0490,0.1298,-0.2254,0.2647,0.0706,-16.63,-6.65,10.41,0.261,0.030,0.745,49.73,0.00,-0.029,1,angry,10.0,ANGRY,
125.974,1,1,-0.0496,0.1288,-0.2242,0.2633,0.0689,-17.06,-5.94,10.66,0.271,0.031,0.700,49.78,0.00,-0.017,1,angry,10.2,ANGRY,
126.022,1,1,-0.0503,0.1285,-0.2239,0.2630,0.0680,-16.95,-6.13,10.46,0.270,0.043,0.800,49.82,0.00,-0.012,1,angry,10.3,ANGRY,
126.070,1,1,-0.0518,0.1302,-0.2263,0.2662,0.0730,-17.83,-6.54,11.08,0.276,0.040,0.858,49.87,0.00,-0.023,1,angry,10.3,ANGRY,
126.119,1,1,-0.0526,0.1310,-0.2272,0.2674,0.0715,-17.41,-5.59,10.59,0.276,0.049,0.875,49.92,0.00,-0.024,1,angry,10.2,ANGRY,
126.182,1,1,-0.0535,0.1318,-0.2283,0.2690,0.0726,-17.70,-6.23,11.00,0.276,0.044,0.851,49.98,0.00,-0.024,1,angry,10.8,ANGRY,
126.230,1,1,-0.0541,0.1315,-0.2281,0.2688,0.0715,-18.18,-6.03,11.18,0.279,0.043,0.757,50.03,0.00,-0.018,1,angry,10.2,ANGRY,
126.278,1,1,-0.0549,0.1325,-0.2295,0.2707,0.0744,-18.21,-6.47,11.46,0.284,0.046,0.677,50.08,0.00,-0.022,1,angry,10.3,ANGRY,
126.326,1,1,-0.0552,0.1325,-0.2295,0.2707,0.0734,-17.78,-5.65,11.18,0.293,0.062,0.787,50.13,0.00,-0.018,1,angry,10.0,ANGRY,
126.374,1,1,-0.0553,0.1328,-0.2302,0.2714,0.0730,-17.87,-5.89,11.07,0.288,0.053,1.020,50.18,0.00,-0.017,1,angry,10.7,ANGRY,
126.422,1,1,-0.0558,0.1336,-0.2314,0.2730,0.0734,-17.90,-6.10,10.91,0.291,0.046,0.935,50.22,0.00,-0.021,1,angry,10.0,ANGRY,
126.470,1,1,-0.0557,0.1330,-0.2307,0.2720,0.0711,-17.84,-6.28,11.10,0.296,0.040,0.791,50.27,0.00,-0.012,1,angry,10.6,ANGRY,
126.519,1,1,-0.0551,0.1318,-0.2290,0.2699,0.0678,-17.62,-5.42,10.57,0.277,0.035,0.997,50.32,0.00,-0.001,1,neutral,10.1,ANGRY,
126.581,1,1,-0.0553,0.1316,-0.2288,0.2697,0.0729,-18.86,-6.94,11.29,0.285,0.034,1.082,50.38,0.00,-0.000,1,neutral,10.1,ANGRY,
126.631,1,1,-0.0554,0.1315,-0.2289,0.2697,0.0741,-18.34,-7.52,11.53,0.287,0.033,0.920,50.43,0.00,-0.000,1,neutral,10.4,ANGRY,
126.677,1,1,-0.0557,0.1316,-0.2293,0.2702,0.0781,-18.25,-6.59,11.11,0.278,0.029,0.941,50.48,0.00,-0.002,1,neutral,10.4,ANGRY,
126.727,1,1,-0.0555,0.1309,-0.2284,0.2690,0.0739,-17.90,-5.62,10.94,0.275,0.030,0.834,50.53,0.00,0.003,1,neutral,10.4,ANGRY,
126.774,1,1,-0.0561,0.1318,-0.2296,0.2706,0.0781,-19.04,-7.23,11.67,0.278,0.028,0.786,50.58,0.00,-0.005,1,neutral,10.3,ANGRY,
126.822,1,1,-0.0562,0.1319,-0.2302,0.2712,0.0749,-18.54,-6.04,11.50,0.271,0.023,0.805,50.62,0.00,-0.006,1,neutral,10.3,ANGRY,
126.870,1,1,-0.0565,0.1321,-0.2305,0.2716,0.0751,-18.74,-5.83,11.12,0.271,0.021,0.746,50.67,0.00,-0.007,1,neutral,10.4,ANGRY,
126.919,1,1,-0.0563,0.1316,-0.2299,0.2708,0.0748,-18.46,-5.92,11.23,0.252,0.017,0.921,50.72,0.00,-0.002,1,neutral,10.2,ANGRY,
126.983,1,1,-0.0563,0.1313,-0.2296,0.2704,0.0803,-18.71,-6.09,11.58,0.249,0.011,0.887,50.78,0.00,-0.000,1,neutral,10.7,ANGRY,
127.030,1,1,-0.0560,0.1305,-0.2285,0.2690,0.0776,-18.14,-6.31,11.65,0.252,0.007,0.787,50.83,0.00,0.006,1,neutral,10.3,ANGRY,
127.078,1,1,-0.0566,0.1314,-0.2299,0.2708,0.0794,-19.05,-5.86,11.58,0.252,0.008,0.695,50.88,0.00,-0.003,1,neutral,10.3,ANGRY,
127.127,1,1,-0.0565,0.1305,-0.2287,0.2694,0.0758,-18.80,-6.73,11.81,0.247,0.010,0.633,50.93,0.00,0.004,1,neutral,10.1,ANGRY,
127.172,1,1,-0.0564,0.1300,-0.2282,0.2686,0.0732,-18.51,-5.50,11.25,0.242,0.012,0.540,50.97,0.00,0.006,1,neutral,10.2,ANGRY,
127.222,1,1,-0.0567,0.1300,-0.2284,0.2688,0.0746,-19.14,-6.39,11.49,0.248,0.012,0.587,51.02,0.00,0.004,1,neutral,10.4,ANGRY,
127.270,1,1,-0.0569,0.1304,-0.2292,0.2698,0.0714,-18.76,-5.61,11.37,0.250,0.014,0.507,51.07,0.00,-0.001,1,neutral,10.3,ANGRY,
127.318,1,1,-0.0572,0.1304,-0.2291,0.2697,0.0742,-19.49,-6.24,11.64,0.252,0.015,0.414,51.12,0.00,-0.000,1,neutral,10.2,ANGRY,
127.382,1,1,-0.0577,0.1311,-0.2303,0.2712,0.0761,-19.33,-6.21,11.68,0.256,0.016,0.369,51.18,0.00,-0.005,1,neutral,10.8,ANGRY,
127.429,1,1,-0.0577,0.1309,-0.2301,0.2710,0.0713,-19.00,-5.74,11.31,0.254,0.017,0.388,51.23,0.00,-0.003,1,neutral,10.2,ANGRY,
127.479,1,1,-0.0578,0.1314,-0.2306,0.2716,0.0713,-18.50,-5.16,11.03,0.250,0.017,0.344,51.28,0.00,-0.005,1,neutral,10.2,ANGRY,
127.526,1,1,-0.0578,0.1315,-0.2308,0.2718,0.0711,-18.61,-5.42,11.12,0.249,0.013,0.345,51.33,0.00,-0.005,1,neutral,10.2,ANGRY,
127.574,1,1,-0.0579,0.1312,-0.2306,0.2715,0.0747,-19.02,-5.86,11.45,0.261,0.013,0.473,51.38,0.00,-0.003,1,neutral,10.3,ANGRY,
127.622,1,1,-0.0579,0.1307,-0.2301,0.2709,0.0762,-18.92,-5.36,11.13,0.269,0.012,0.397,51.42,0.00,0.000,1,neutral,10.1,ANGRY,
127.670,1,1,-0.0577,0.1302,-0.2297,0.2702,0.0749,-18.28,-5.30,11.27,0.266,0.010,0.481,51.47,0.00,0.003,1,neutral,10.4,ANGRY,
127.722,1,1,-0.0577,0.1301,-0.2295,0.2701,0.0684,-19.21,-5.88,11.37,0.262,0.006,0.432,51.52,0.00,0.003,1,neutral,10.4,ANGRY,
127.782,1,1,-0.0578,0.1305,-0.2300,0.2707,0.0715,-18.95,-5.45,11.62,0.263,0.008,0.429,51.58,0.00,0.000,1,neutral,10.6,ANGRY,
127.830,1,1,-0.0579,0.1301,-0.2297,0.2703,0.0758,-19.18,-5.42,11.41,0.264,0.013,0.398,51.63,0.00,0.002,1,neutral,10.2,ANGRY,
127.878,1,1,-0.0582,0.1305,-0.2303,0.2711,0.0688,-19.69,-5.53,11.61,0.262,0.010,0.437,51.68,0.00,-0.002,1,neutral,10.1,ANGRY,
127.926,1,1,-0.0583,0.1308,-0.2307,0.2715,0.0773,-19.25,-5.72,11.56,0.263,0.009,0.396,51.73,0.00,-0.003,1,neutral,10.4,ANGRY,
127.974,1,1,-0.0586,0.1314,-0.2314,0.2724,0.0746,-19.72,-5.97,11.76,0.260,0.009,0.380,51.78,0.00,-0.006,1,neutral,10.3,ANGRY,
128.022,1,1,-0.0588,0.1318,-0.2317,0.2730,0.0684,-19.50,-5.81,11.48,0.259,0.018,0.445,51.82,0.00,-0.007,1,neutral,10.3,ANGRY,
128.070,1,1,-0.0588,0.1318,-0.2317,0.2730,0.0720,-19.49,-5.37,11.64,0.256,0.019,0.446,51.87,0.00,-0.006,1,neutral,10.3,ANGRY,
128.118,1,1,-0.0588,0.1317,-0.2316,0.2728,0.0712,-18.96,-5.93,11.86,0.248,0.015,0.483,51.92,0.00,-0.004,1,neutral,10.2,ANGRY,
128.166,1,1,-0.0584,0.1306,-0.2302,0.2711,0.0739,-19.18,-5.60,11.52,0.242,0.017,0.462,51.97,0.00,0.004,1,neutral,10.4,ANGRY,
128.213,1,1,-0.0584,0.1302,-0.2297,0.2704,0.0745,-19.44,-5.45,11.69,0.242,0.020,0.434,52.02,0.00,0.006,1,neutral,10.2,ANGRY,
128.262,1,1,-0.0582,0.1294,-0.2289,0.2694,0.0714,-19.51,-5.33,11.80,0.242,0.017,0.422,52.06,0.00,0.009,1,neutral,10.3,ANGRY,
128.311,1,1,-0.0584,0.1297,-0.2292,0.2697,0.0757,-19.71,-5.31,11.73,0.243,0.014,0.378,52.11,0.00,0.006,1,neutral,10.2,ANGRY,
128.358,1,1,-0.0583,0.1298,-0.2293,0.2698,0.0777,-19.08,-5.65,12.08,0.243,0.011,0.328,52.16,0.00,0.004,1,neutral,10.3,ANGRY,
128.406,1,1,-0.0580,0.1289,-0.2281,0.2683,0.0694,-19.09,-5.41,11.73,0.236,0.009,0.375,52.21,0.00,0.010,1,neutral,10.1,ANGRY,
128.455,1,1,-0.0583,0.1290,-0.2284,0.2687,0.0739,-19.79,-6.00,11.96,0.238,0.010,0.437,52.26,0.00,0.006,1,neutral,10.1,ANGRY,
128.502,1,1,-0.0591,0.1296,-0.2294,0.2700,0.0716,-20.49,-5.58,12.11,0.239,0.011,0.378,52.30,0.00,-0.001,1,neutral,10.0,ANGRY,
128.550,1,1,-0.0598,0.1298,-0.2298,0.2706,0.0695,-21.55,-5.79,12.37,0.239,0.010,0.335,52.35,0.00,-0.003,1,neutral,10.4,NEUTRAL,7
128.598,1,1,-0.0605,0.1302,-0.2306,0.2717,0.0707,-21.47,-4.74,12.35,0.232,0.014,0.409,52.40,0.00,-0.007,1,neutral,10.4,NEUTRAL,
128.646,1,1,-0.0613,0.1300,-0.2308,0.2719,0.0692,-22.33,-4.62,12.39,0.233,0.014,0.449,52.45,0.00,-0.006,1,neutral,10.4,NEUTRAL,
128.693,1,1,-0.0627,0.1307,-0.2321,0.2737,0.0620,-23.62,-4.97,12.57,0.239,0.021,0.507,52.50,0.00,-0.013,1,neutral,10.0,NEUTRAL,
128.743,1,1,-0.0637,0.1312,-0.2328,0.2747,0.0587,-23.80,-4.69,12.38,0.229,0.023,0.638,52.54,0.00,-0.014,1,neutral,10.4,NEUTRAL,
128.790,1,1,-0.0655,0.1334,-0.2362,0.2791,0.0589,-24.40,-4.56,12.83,0.228,0.048,0.908,52.59,0.00,-0.030,1,neutral,10.1,NEUTRAL,
128.838,1,1,-0.0668,0.1347,-0.2384,0.2819,0.0624,-24.50,-5.50,12.87,0.232,0.042,1.141,52.64,0.00,-0.036,1,neutral,10.3,NEUTRAL,
128.886,1,1,-0.0680,0.1359,-0.2403,0.2843,0.0589,-24.91,-5.17,12.48,0.243,0.042,1.065,52.69,0.00,-0.039,1,neutral,10.3,NEUTRAL,
128.934,1,1,-0.0684,0.1356,-0.2399,0.2840,0.0623,-24.71,-6.22,12.47,0.237,0.040,1.081,52.74,0.00,-0.030,1,neutral,10.4,NEUTRAL,
128.998,1,1,-0.0684,0.1346,-0.2387,0.2824,0.0610,-24.66,-5.31,12.40,0.249,0.042,1.069,52.80,0.00,-0.019,1,neutral,10.8,NEUTRAL,
129.046,1,1,-0.0689,0.1350,-0.2397,0.2836,0.0735,-24.82,-5.55,12.54,0.246,0.035,1.099,52.85,0.00,-0.020,1,neutral,10.1,NEUTRAL,
129.095,1,1,-0.0688,0.1344,-0.2393,0.2829,0.0660,-24.54,-6.05,12.79,0.237,0.032,0.985,52.90,0.00,-0.013,1,neutral,10.2,NEUTRAL,
129.143,1,1,-0.0686,0.1334,-0.2383,0.2816,0.0602,-24.61,-5.78,12.76,0.220,0.033,0.978,52.94,0.00,-0.005,1,neutral,10.0,NEUTRAL,
129.190,1,1,-0.0685,0.1330,-0.2377,0.2809,0.0592,-24.77,-6.61,13.44,0.236,0.032,1.268,52.99,0.00,-0.001,1,neutral,10.3,NEUTRAL,
129.238,1,1,-0.0682,0.1317,-0.2360,0.2787,0.0629,-25.09,-5.43,13.36,0.233,0.032,1.264,0.00,0.00,0.008,0,neutral,10.2,NEUTRAL,
129.287,1,1,-0.0678,0.1305,-0.2343,0.2767,0.0652,-24.54,-5.17,12.97,0.237,0.028,1.118,0.05,0.00,0.015,1,neutral,10.3,NEUTRAL,
129.335,1,1,-0.0676,0.1302,-0.2334,0.2757,0.0666,-24.81,-5.65,13.24,0.239,0.026,0.927,0.10,0.00,0.016,1,neutral,10.3,NEUTRAL,
129.398,1,1,-0.0677,0.1307,-0.2340,0.2765,0.0605,-24.59,-5.43,13.09,0.231,0.022,0.846,0.16,0.00,0.010,1,neutral,10.7,NEUTRAL,
129.446,1,1,-0.0676,0.1307,-0.2338,0.2762,0.0660,-24.37,-5.63,12.99,0.232,0.020,0.779,0.21,0.00,0.009,1,neutral,10.3,NEUTRAL,
129.493,1,1,-0.0677,0.1307,-0.2340,0.2764,0.0626,-24.32,-4.82,12.43,0.230,0.017,0.674,0.26,0.00,0.007,1,neutral,10.4,NEUTRAL,
129.544,1,1,-0.0678,0.1308,-0.2342,0.2767,0.0657,-24.59,-3.99,12.45,0.234,0.018,0.642,0.31,0.00,0.004,1,neutral,10.4,NEUTRAL,
129.589,1,1,-0.0677,0.1308,-0.2342,0.2767,0.0670,-24.02,-4.98,12.92,0.231,0.017,0.627,0.35,0.00,0.003,1,neutral,10.0,NEUTRAL,
129.639,1,1,-0.0679,0.1309,-0.2344,0.2769,0.0641,-25.20,-5.31,13.12,0.235,0.022,0.644,0.00,0.00,0.002,0,neutral,10.4,NEUTRAL,
129.685,1,1,-0.0682,0.1314,-0.2350,0.2777,0.0656,-25.01,-5.58,13.40,0.232,0.022,0.639,0.00,0.00,-0.002,0,neutral,10.2,NEUTRAL,
129.735,1,1,-0.0684,0.1318,-0.2356,0.2785,0.0628,-24.69,-4.92,13.01,0.236,0.022,0.601,0.05,0.00,-0.005,1,neutral,10.6,NEUTRAL,
129.798,1,1,-0.0687,0.1323,-0.2361,0.2792,0.0650,-24.65,-4.98,13.23,0.251,0.021,0.649,0.11,0.00,-0.006,1,neutral,11.0,NEUTRAL,
129.844,1,1,-0.0687,0.1320,-0.2361,0.2791,0.0631,-24.42,-4.37,12.79,0.247,0.022,0.802,0.16,0.00,-0.004,1,neutral,10.1,NEUTRAL,
129.895,1,1,-0.0685,0.1315,-0.2353,0.2781,0.0596,-24.76,-4.39,12.93,0.242,0.028,0.726,0.21,0.00,0.000,1,neutral,10.5,NEUTRAL,
129.943,1,1,-0.0688,0.1319,-0.2358,0.2788,0.0607,-24.62,-5.41,13.33,0.247,0.039,0.769,0.26,0.00,-0.003,1,neutral,10.2,NEUTRAL,
129.990,1,1,-0.0693,0.1329,-0.2373,0.2807,0.0709,-24.53,-5.51,13.61,0.244,0.033,0.895,0.30,0.00,-0.010,1,neutral,10.2,NEUTRAL,
130.038,1,1,-0.0696,0.1340,-0.2384,0.2822,0.0648,-23.96,-4.98,13.40,0.242,0.030,0.753,0.35,0.00,-0.014,1,neutral,10.2,NEUTRAL,
130.086,1,1,-0.0691,0.1328,-0.2369,0.2803,0.0637,-24.33,-4.95,12.99,0.240,0.029,0.613,0.40,0.00,-0.003,1,neutral,10.3,NEUTRAL,
130.134,1,1,-0.0688,0.1324,-0.2362,0.2794,0.0658,-23.96,-4.51,12.87,0.236,0.025,0.562,0.45,0.00,0.001,1,neutral,10.2,NEUTRAL,
130.198,1,1,-0.0690,0.1327,-0.2367,0.2800,0.0632,-24.20,-3.73,12.48,0.234,0.024,0.489,0.51,0.00,-0.001,1,neutral,10.7,NEUTRAL,
130.246,1,1,-0.0688,0.1325,-0.2364,0.2796,0.0621,-24.31,-5.24,13.08,0.232,0.023,0.423,0.56,0.00,0.001,1,neutral,10.2,NEUTRAL,
130.294,1,1,-0.0691,0.1331,-0.2373,0.2807,0.0632,-24.92,-4.29,13.01,0.228,0.025,0.384,0.61,0.00,-0.004,1,neutral,10.2,NEUTRAL,
130.342,1,1,-0.0691,0.1327,-0.2370,0.2803,0.0581,-24.76,-3.68,12.47,0.226,0.035,0.449,0.66,0.00,-0.002,1,neutral,10.5,NEUTRAL,
130.391,1,1,-0.0683,0.1313,-0.2350,0.2777,0.0649,-24.20,-5.04,12.88,0.222,0.026,0.627,0.71,0.00,0.010,1,neutral,10.1,NEUTRAL,
130.438,1,1,-0.0685,0.1314,-0.2355,0.2782,0.0612,-24.70,-4.65,12.96,0.220,0.023,0.554,0.75,0.00,0.005,1,neutral,10.4,NEUTRAL,
130.488,1,1,-0.0686,0.1316,-0.2357,0.2785,0.0607,-25.00,-4.77,12.94,0.228,0.021,0.605,0.00,0.00,0.003,0,neutral,10.3,NEUTRAL,
130.535,1,1,-0.0687,0.1315,-0.2356,0.2784,0.0592,-24.87,-5.19,13.11,0.238,0.022,0.553,0.05,0.00,0.003,1,neutral,10.5,NEUTRAL,
130.599,1,1,-0.0690,0.1319,-0.2362,0.2792,0.0606,-24.84,-4.75,12.98,0.250,0.025,0.507,0.11,0.00,-0.000,1,neutral,10.8,NEUTRAL,
130.648,1,1,-0.0696,0.1332,-0.2379,0.2814,0.0594,-24.60,-4.56,13.00,0.249,0.031,0.599,0.16,0.00,-0.009,1,neutral,10.1,NEUTRAL,
130.709,1,1,-0.0696,0.1332,-0.2378,0.2813,0.0608,-24.75,-4.88,13.07,0.247,0.025,0.629,0.22,0.00,-0.007,1,neutral,10.5,NEUTRAL,
130.758,1,1,-0.0698,0.1333,-0.2381,0.2817,0.0649,-25.13,-4.60,12.87,0.246,0.027,0.619,0.00,0.00,-0.007,0,neutral,10.1,NEUTRAL,
130.809,1,1,-0.0695,0.1328,-0.2376,0.2810,0.0602,-24.62,-4.59,12.94,0.244,0.025,0.565,0.05,0.00,-0.003,1,neutral,10.3,NEUTRAL,
130.870,1,1,-0.0689,0.1319,-0.2364,0.2793,0.0622,-24.29,-5.21,12.75,0.230,0.019,0.629,0.11,0.00,0.003,1,neutral,10.2,NEUTRAL,
130.918,1,1,-0.0690,0.1319,-0.2365,0.2794,0.0656,-24.81,-4.30,12.63,0.232,0.025,0.769,0.16,0.00,0.002,1,neutral,10.2,NEUTRAL,
130.966,1,1,-0.0690,0.1320,-0.2364,0.2794,0.0641,-24.45,-4.76,12.44,0.244,0.027,0.810,0.21,0.00,0.002,1,neutral,10.2,NEUTRAL,
131.015,1,1,-0.0689,0.1316,-0.2358,0.2786,0.0630,-24.84,-5.39,12.94,0.246,0.026,0.766,0.26,0.00,0.005,1,neutral,10.3,NEUTRAL,
131.062,1,1,-0.0688,0.1313,-0.2356,0.2783,0.0670,-25.04,-5.26,13.09,0.245,0.023,0.674,0.00,0.00,0.005,0,neutral,10.0,NEUTRAL,
131.110,1,1,-0.0690,0.1317,-0.2361,0.2790,0.0634,-24.62,-5.13,12.88,0.231,0.018,0.760,0.05,0.00,0.001,1,neutral,10.2,NEUTRAL,
131.157,1,1,-0.0691,0.1318,-0.2362,0.2792,0.0621,-25.36,-4.82,12.90,0.245,0.016,1.014,0.00,0.00,0.000,0,neutral,10.1,NEUTRAL,
131.206,1,1,-0.0690,0.1314,-0.2358,0.2786,0.0620,-24.84,-5.06,12.88,0.244,0.014,0.986,0.05,0.00,0.002,1,neutral,10.3,NEUTRAL,
131.254,1,1,-0.0691,0.1317,-0.2360,0.2790,0.0665,-24.66,-4.51,12.81,0.237,0.017,0.922,0.10,0.00,0.001,1,neutral,10.1,NEUTRAL,
131.303,1,1,-0.0693,0.1323,-0.2365,0.2797,0.0687,-24.80,-5.51,13.13,0.240,0.018,0.874,0.15,0.00,-0.003,1,neutral,10.4,NEUTRAL,
131.351,1,1,-0.0690,0.1322,-0.2362,0.2793,0.0665,-24.73,-5.71,13.54,0.228,0.016,0.950,0.19,0.00,-0.001,1,neutral,10.2,NEUTRAL,
131.415,1,1,-0.0690,0.1319,-0.2360,0.2790,0.0697,-24.65,-4.44,13.17,0.224,0.023,0.891,0.26,0.00,0.001,1,neutral,10.1,NEUTRAL,
131.464,1,1,-0.0690,0.1320,-0.2363,0.2793,0.0648,-24.44,-4.78,13.09,0.220,0.023,0.802,0.31,0.00,-0.001,1,neutral,9.9,NEUTRAL,
131.510,1,1,-0.0682,0.1307,-0.2344,0.2769,0.0661,-24.62,-5.53,13.44,0.216,0.017,0.752,0.35,0.00,0.010,1,neutral,9.9,NEUTRAL,
131.558,1,1,-0.0690,0.1321,-0.2362,0.2793,0.0639,-24.62,-4.30,12.66,0.222,0.022,0.824,0.40,0.00,-0.002,1,neutral,10.2,NEUTRAL,
131.605,1,1,-0.0693,0.1324,-0.2367,0.2799,0.0586,-25.62,-4.72,12.78,0.228,0.021,0.747,0.00,0.00,-0.005,0,neutral,10.5,NEUTRAL,
131.654,1,1,-0.0689,0.1317,-0.2357,0.2787,0.0641,-24.52,-5.09,13.11,0.243,0.023,0.782,0.05,0.00,0.002,1,neutral,10.3,NEUTRAL,
131.703,1,1,-0.0691,0.1321,-0.2361,0.2792,0.0706,-24.68,-5.20,13.44,0.243,0.028,0.823,0.10,0.00,-0.001,1,neutral,10.3,NEUTRAL,
131.750,1,1,-0.0691,0.1323,-0.2367,0.2799,0.0629,-24.91,-4.78,13.00,0.244,0.027,0.755,0.14,0.00,-0.004,1,neutral,10.2,NEUTRAL,
131.814,1,1,-0.0693,0.1323,-0.2368,0.2800,0.0629,-25.25,-5.32,13.13,0.240,0.028,0.664,0.00,0.00,-0.003,0,neutral,10.8,NEUTRAL,
131.862,1,1,-0.0682,0.1305,-0.2343,0.2767,0.0716,-23.85,-5.36,13.35,0.233,0.023,0.635,0.05,0.00,0.011,1,neutral,10.0,NEUTRAL,
131.911,1,1,-0.0680,0.1306,-0.2346,0.2770,0.0686,-23.96,-5.62,13.23,0.231,0.021,0.547,0.10,0.00,0.008,1,neutral,10.2,NEUTRAL,
131.958,1,1,-0.0682,0.1309,-0.2349,0.2774,0.0686,-24.70,-5.80,13.29,0.226,0.017,0.504,0.14,0.00,0.004,1,neutral,10.1,NEUTRAL,
132.006,1,1,-0.0688,0.1319,-0.2361,0.2790,0.0656,-25.14,-5.14,13.44,0.220,0.015,0.454,0.00,0.00,-0.003,0,neutral,10.4,NEUTRAL,
132.054,1,1,-0.0681,0.1305,-0.2341,0.2765,0.0658,-24.61,-5.63,13.68,0.219,0.013,0.428,0.05,0.00,0.008,1,neutral,10.3,NEUTRAL,
132.102,1,1,-0.0683,0.1306,-0.2343,0.2768,0.0652,-25.46,-5.41,13.65,0.232,0.012,0.587,0.00,0.00,0.005,0,neutral,10.3,NEUTRAL,
132.150,1,1,-0.0683,0.1307,-0.2345,0.2770,0.0684,-24.49,-5.89,13.82,0.231,0.011,0.668,0.05,0.00,0.003,1,neutral,10.2,NEUTRAL,
132.215,1,1,-0.0681,0.1301,-0.2339,0.2762,0.0620,-24.29,-5.10,13.20,0.226,0.012,0.581,0.11,0.00,0.005,1,neutral,10.9,NEUTRAL,
132.263,1,1,-0.0688,0.1309,-0.2354,0.2780,0.0654,-25.17,-4.56,12.93,0.222,0.014,0.484,0.00,0.00,-0.003,0,neutral,10.3,NEUTRAL,
132.311,1,1,-0.0685,0.1303,-0.2345,0.2769,0.0671,-24.45,-4.86,13.27,0.226,0.014,0.499,0.05,0.00,0.002,1,neutral,10.3,NEUTRAL,
132.358,1,1,-0.0686,0.1306,-0.2349,0.2774,0.0621,-25.42,-5.73,13.73,0.232,0.009,0.485,0.00,0.00,-0.001,0,neutral,10.0,NEUTRAL,
132.406,1,1,-0.0684,0.1302,-0.2343,0.2766,0.0636,-24.44,-4.31,12.74,0.225,0.008,0.584,0.05,0.00,0.003,1,neutral,10.4,NEUTRAL,
132.455,1,1,-0.0687,0.1310,-0.2354,0.2780,0.0674,-24.57,-4.69,12.89,0.224,0.007,0.556,0.10,0.00,-0.004,1,neutral,10.4,NEUTRAL,
132.502,1,1,-0.0686,0.1309,-0.2355,0.2781,0.0658,-23.75,-5.00,13.54,0.219,0.009,0.547,0.14,0.00,-0.003,1,neutral,10.3,NEUTRAL,
132.550,1,1,-0.0691,0.1315,-0.2364,0.2792,0.0656,-24.70,-4.68,12.99,0.228,0.010,0.664,0.19,0.00,-0.007,1,neutral,10.2,NEUTRAL,
132.614,1,1,-0.0692,0.1312,-0.2363,0.2790,0.0626,-25.44,-4.77,13.11,0.234,0.012,0.542,0.00,0.00,-0.005,0,neutral,10.9,NEUTRAL,
132.662,1,1,-0.0693,0.1317,-0.2369,0.2798,0.0614,-24.25,-5.91,13.58,0.226,0.016,0.663,0.05,0.00,-0.007,1,neutral,10.2,NEUTRAL,
132.709,1,1,-0.0699,0.1329,-0.2383,0.2816,0.0657,-24.41,-5.53,13.71,0.230,0.033,0.813,0.09,0.00,-0.014,1,neutral,10.3,NEUTRAL,
132.757,1,1,-0.0695,0.1321,-0.2371,0.2802,0.0620,-24.21,-6.66,13.51,0.227,0.025,1.003,0.14,0.00,-0.005,1,neutral,10.1,NEUTRAL,
132.806,1,1,-0.0690,0.1312,-0.2356,0.2784,0.0648,-24.74,-5.51,13.12,0.232,0.023,0.937,0.19,0.00,0.003,1,neutral,10.3,NEUTRAL,
132.854,1,1,-0.0689,0.1313,-0.2358,0.2785,0.0635,-23.83,-5.27,13.13,0.227,0.020,0.891,0.24,0.00,0.002,1,neutral,10.4,NEUTRAL,
132.904,1,1,-0.0687,0.1307,-0.2353,0.2777,0.0682,-24.41,-4.84,13.44,0.228,0.019,0.781,0.29,0.00,0.005,1,neutral,10.3,NEUTRAL,
132.953,1,1,-0.0687,0.1306,-0.2352,0.2777,0.0660,-24.60,-5.09,13.64,0.228,0.019,0.643,0.34,0.00,0.004,1,neutral,10.3,NEUTRAL,
133.015,1,1,-0.0687,0.1305,-0.2351,0.2775,0.0629,-24.82,-5.35,13.19,0.238,0.017,0.639,0.40,0.00,0.004,1,neutral,10.7,NEUTRAL,
133.060,1,1,-0.0691,0.1310,-0.2358,0.2784,0.0642,-25.20,-4.83,13.11,0.234,0.015,0.715,0.00,0.00,-0.001,0,neutral,10.2,NEUTRAL,
133.111,1,1,-0.0686,0.1302,-0.2346,0.2769,0.0622,-24.77,-4.54,13.35,0.224,0.015,0.683,0.05,0.00,0.005,1,neutral,10.3,NEUTRAL,
133.157,1,1,-0.0692,0.1314,-0.2363,0.2791,0.0660,-24.46,-4.70,13.02,0.232,0.019,0.832,0.10,0.00,-0.005,1,neutral,10.1,NEUTRAL,
133.206,1,1,-0.0688,0.1308,-0.2354,0.2779,0.0625,-24.81,-5.00,13.23,0.227,0.015,0.882,0.15,0.00,0.001,1,neutral,10.2,NEUTRAL,
133.255,1,1,-0.0684,0.1304,-0.2347,0.2771,0.0691,-24.28,-5.12,13.55,0.220,0.017,0.791,0.19,0.00,0.004,1,neutral,10.4,NEUTRAL,
133.302,1,1,-0.0688,0.1307,-0.2353,0.2778,0.0661,-25.16,-5.77,13.84,0.221,0.019,0.748,0.00,0.00,0.000,0,neutral,10.1,NEUTRAL,
133.350,1,1,-0.0686,0.1302,-0.2345,0.2769,0.0660,-24.93,-5.38,13.58,0.215,0.015,0.738,0.05,0.00,0.004,1,neutral,10.2,NEUTRAL,
133.414,1,1,-0.0685,0.1298,-0.2341,0.2763,0.0652,-24.74,-5.46,13.39,0.216,0.015,0.671,0.11,0.00,0.005,1,neutral,10.7,NEUTRAL,
133.462,1,1,-0.0682,0.1289,-0.2332,0.2750,0.0630,-24.77,-5.24,13.68,0.221,0.016,0.597,0.16,0.00,0.009,1,neutral,10.1,NEUTRAL,
133.510,1,1,-0.0679,0.1284,-0.2326,0.2742,0.0644,-24.56,-4.39,12.89,0.219,0.014,0.568,0.21,0.00,0.011,1,neutral,10.0,NEUTRAL,
133.558,1,1,-0.0683,0.1290,-0.2335,0.2754,0.0619,-24.86,-4.83,13.14,0.218,0.023,0.635,0.26,0.00,0.004,1,neutral,10.1,NEUTRAL,
133.606,1,1,-0.0687,0.1296,-0.2343,0.2764,0.0619,-25.26,-5.23,13.22,0.230,0.018,0.807,0.00,0.00,-0.001,0,neutral,10.2,NEUTRAL,
133.654,1,1,-0.0686,0.1296,-0.2341,0.2763,0.0664,-24.93,-5.07,12.97,0.233,0.014,0.745,0.05,0.00,-0.000,1,neutral,10.1,NEUTRAL,
133.704,1,1,-0.0683,0.1287,-0.2330,0.2748,0.0684,-24.48,-4.58,12.98,0.234,0.014,0.636,0.10,0.00,0.005,1,neutral,10.5,NEUTRAL,
133.750,1,1,-0.0684,0.1288,-0.2333,0.2751,0.0642,-24.73,-4.80,12.95,0.241,0.017,0.647,0.14,0.00,0.003,1,neutral,10.4,NEUTRAL,
133.814,1,1,-0.0694,0.1306,-0.2358,0.2783,0.0625,-25.41,-5.14,13.30,0.254,0.021,0.609,0.00,0.00,-0.008,0,neutral,10.8,NEUTRAL,
133.862,1,1,-0.0691,0.1300,-0.2350,0.2773,0.0622,-25.34,-5.28,13.31,0.255,0.017,0.673,0.00,0.00,-0.002,0,neutral,10.1,NEUTRAL,
133.910,1,1,-0.0688,0.1292,-0.2339,0.2759,0.0613,-25.11,-4.78,13.03,0.257,0.021,0.650,0.00,0.00,0.004,0,neutral,10.3,NEUTRAL,
133.957,1,1,-0.0696,0.1305,-0.2358,0.2783,0.0643,-25.95,-5.25,13.54,0.251,0.021,0.658,0.00,0.00,-0.007,0,neutral,10.2,NEUTRAL,
134.006,1,1,-0.0698,0.1308,-0.2361,0.2788,0.0645,-26.08,-5.48,13.30,0.243,0.016,0.633,0.00,0.00,-0.007,0,neutral,10.4,NEUTRAL,
134.055,1,1,-0.0699,0.1309,-0.2363,0.2791,0.0630,-25.30,-5.20,13.55,0.252,0.019,0.780,0.00,0.00,-0.007,0,neutral,10.5,NEUTRAL,
134.101,1,1,-0.0697,0.1307,-0.2359,0.2785,0.0612,-24.68,-4.93,13.21,0.247,0.016,0.836,0.05,0.00,-0.003,1,neutral,10.1,NEUTRAL,
134.150,1,1,-0.0693,0.1302,-0.2353,0.2777,0.0632,-24.42,-4.64,13.13,0.244,0.014,0.679,0.10,0.00,0.001,1,neutral,10.0,NEUTRAL,
134.198,1,1,-0.0690,0.1299,-0.2346,0.2769,0.0649,-24.85,-5.73,13.73,0.232,0.010,0.701,0.14,0.00,0.004,1,neutral,10.3,NEUTRAL,
134.246,1,1,-0.0688,0.1295,-0.2341,0.2762,0.0655,-24.81,-5.58,13.56,0.231,0.009,0.698,0.19,0.00,0.006,1,neutral,10.4,NEUTRAL,
134.293,1,1,-0.0687,0.1296,-0.2342,0.2763,0.0656,-24.63,-4.83,13.57,0.231,0.008,0.562,0.24,0.00,0.004,1,neutral,10.1,NEUTRAL,
134.342,1,1,-0.0690,0.1298,-0.2345,0.2767,0.0666,-25.28,-5.22,13.44,0.229,0.009,0.478,0.00,0.00,0.002,0,neutral,10.4,NEUTRAL,
134.390,1,1,-0.0692,0.1302,-0.2351,0.2775,0.0679,-24.82,-5.00,13.43,0.228,0.007,0.424,0.05,0.00,-0.002,1,neutral,10.2,NEUTRAL,
134.438,1,1,-0.0689,0.1298,-0.2344,0.2766,0.0667,-24.42,-5.25,13.54,0.224,0.008,0.414,0.10,0.00,0.002,1,neutral,10.2,NEUTRAL,
134.486,1,1,-0.0689,0.1302,-0.2349,0.2772,0.0658,-24.20,-4.79,13.09,0.225,0.015,0.445,0.14,0.00,-0.001,1,neutral,10.0,NEUTRAL,
134.534,1,1,-0.0691,0.1307,-0.2356,0.2782,0.0657,-24.39,-4.89,13.24,0.224,0.015,0.439,0.19,0.00,-0.005,1,neutral,9.9,NEUTRAL,
134.581,1,1,-0.0695,0.1314,-0.2367,0.2795,0.0641,-25.10,-5.07,13.58,0.230,0.015,0.460,0.00,0.00,-0.009,0,neutral,9.9,NEUTRAL,
134.631,1,1,-0.0694,0.1311,-0.2359,0.2787,0.0669,-24.76,-5.06,13.58,0.227,0.016,0.482,0.05,0.00,-0.004,1,neutral,10.5,NEUTRAL,
134.676,1,1,-0.0696,0.1315,-0.2364,0.2793,0.0646,-24.89,-5.11,13.23,0.237,0.018,0.612,0.10,0.00,-0.006,1,neutral,10.4,NEUTRAL,
134.726,1,1,-0.0702,0.1324,-0.2377,0.2810,0.0662,-25.46,-4.81,13.59,0.237,0.025,0.644,0.00,0.00,-0.011,0,neutral,10.4,NEUTRAL,
134.773,1,1,-0.0699,0.1317,-0.2367,0.2797,0.0643,-25.01,-4.67,13.46,0.240,0.025,0.622,0.00,0.00,-0.004,0,neutral,10.1,NEUTRAL,
134.822,1,1,-0.0699,0.1312,-0.2361,0.2791,0.0639,-25.37,-5.01,13.37,0.234,0.024,0.615,0.00,0.00,-0.000,0,neutral,10.4,NEUTRAL,
134.868,1,1,-0.0703,0.1317,-0.2370,0.2801,0.0702,-25.15,-3.84,13.58,0.229,0.033,0.661,0.00,0.00,-0.005,0,neutral,10.2,NEUTRAL,
134.919,1,1,-0.0698,0.1307,-0.2355,0.2783,0.0677,-24.85,-4.93,13.77,0.226,0.032,0.663,0.05,0.00,0.003,1,neutral,10.5,NEUTRAL,
134.966,1,1,-0.0703,0.1311,-0.2360,0.2789,0.0662,-25.00,-4.52,13.55,0.212,0.057,1.022,0.00,0.00,-0.000,0,neutral,10.0,NEUTRAL,
135.030,1,1,-0.0707,0.1313,-0.2361,0.2793,0.0668,-25.32,-4.75,13.96,0.206,0.066,0.958,0.00,0.00,-0.001,0,neutral,10.9,NEUTRAL,
135.076,1,1,-0.0710,0.1316,-0.2359,0.2793,0.0648,-25.58,-4.14,13.80,0.203,0.065,0.894,0.00,0.00,-0.001,0,neutral,10.2,NEUTRAL,
135.127,1,1,-0.0718,0.1322,-0.2367,0.2805,0.0682,-25.70,-5.35,14.04,0.215,0.061,0.959,0.00,0.00,-0.006,0,neutral,10.2,NEUTRAL,
135.172,1,1,-0.0725,0.1330,-0.2375,0.2816,0.0661,-25.91,-5.40,14.60,0.204,0.092,1.465,0.00,0.00,-0.009,0,neutral,10.1,NEUTRAL,
135.222,1,1,-0.0728,0.1331,-0.2375,0.2818,0.0630,-26.19,-5.33,13.65,0.210,0.093,1.601,0.00,0.00,-0.008,0,neutral,10.3,NEUTRAL,
135.270,1,1,-0.0738,0.1347,-0.2394,0.2844,0.0687,-26.69,-5.17,13.71,0.205,0.082,1.531,0.00,0.00,-0.018,0,neutral,10.0,NEUTRAL,
135.319,1,1,-0.0745,0.1357,-0.2407,0.2861,0.0643,-26.99,-4.48,13.44,0.209,0.073,1.365,0.00,0.00,-0.021,0,neutral,10.2,NEUTRAL,
135.365,1,1,-0.0746,0.1353,-0.2401,0.2855,0.0653,-27.49,-5.23,13.78,0.208,0.058,1.248,0.00,0.00,-0.014,0,neutral,10.1,NEUTRAL,
135.430,1,1,-0.0746,0.1354,-0.2401,0.2856,0.0640,-27.68,-5.73,14.23,0.214,0.056,1.135,0.00,0.00,-0.011,0,neutral,10.9,NEUTRAL,
135.478,1,1,-0.0750,0.1363,-0.2411,0.2869,0.0647,-27.74,-5.51,14.10,0.220,0.050,0.967,0.00,0.00,-0.015,0,neutral,10.1,NEUTRAL,
135.526,1,1,-0.0749,0.1364,-0.2409,0.2868,0.0627,-27.86,-6.53,14.00,0.227,0.042,0.853,0.00,0.00,-0.011,0,neutral,10.2,NEUTRAL,
135.574,1,1,-0.0760,0.1390,-0.2438,0.2907,0.0614,-29.62,-6.57,14.30,0.227,0.044,0.844,0.00,0.00,-0.025,0,neutral,10.4,NEUTRAL,
135.622,1,1,-0.0768,0.1416,-0.2463,0.2943,0.0604,-30.49,-8.62,14.90,0.230,0.053,0.804,0.00,0.00,-0.035,0,neutral,10.3,NEUTRAL,
135.670,1,1,-0.0769,0.1438,-0.2477,0.2965,0.0602,-30.48,-9.51,14.32,0.220,0.054,0.877,0.00,0.00,-0.037,0,neutral,10.6,NEUTRAL,
135.719,1,1,-0.0766,0.1462,-0.2489,0.2986,0.0607,-30.75,-11.79,14.57,0.213,0.042,0.922,0.00,0.00,-0.039,0,neutral,10.2,NEUTRAL,
135.766,1,1,-0.0767,0.1500,-0.2515,0.3027,0.0590,-32.01,-12.54,14.56,0.205,0.048,1.014,0.00,0.00,-0.048,0,neutral,10.2,NEUTRAL,
135.830,1,1,-0.0766,0.1547,-0.2549,0.3078,0.0642,-32.33,-14.73,15.54,0.196,0.041,0.973,0.00,0.00,-0.055,0,neutral,10.7,NEUTRAL,
135.883,1,1,-0.0763,0.1600,-0.2591,0.3139,0.0634,-33.60,-15.79,16.56,0.181,0.029,0.931,0.00,0.00,-0.067,0,neutral,15.1,NEUTRAL,
135.945,1,1,-0.0767,0.1690,-0.2679,0.3259,0.0792,-34.38,-18.03,16.80,0.171,0.023,0.788,0.00,0.00,-0.092,0,neutral,10.6,NEUTRAL,
135.991,1,1,-0.0761,0.1760,-0.2737,0.3342,0.0618,-35.39,-18.36,14.87,0.155,0.028,0.872,0.00,0.00,-0.110,0,neutral,10.0,NEUTRAL,
136.037,1,1,-0.0759,0.1850,-0.2822,0.3458,0.0657,-35.80,-20.74,14.71,0.156,0.041,0.991,0.00,0.00,-0.139,0,neutral,10.2,NEUTRAL,
136.087,1,1,-0.0752,0.1928,-0.2898,0.3561,0.0630,-36.12,-21.95,15.60,0.154,0.070,1.098,0.00,0.00,-0.152,0,neutral,10.1,NEUTRAL,
136.134,1,1,-0.0745,0.2009,-0.2982,0.3672,0.0625,-37.11,-22.80,16.20,0.147,0.080,1.110,0.00,0.00,-0.169,0,neutral,10.0,NEUTRAL,
136.182,1,1,-0.0732,0.2073,-0.3052,0.3761,0.0607,-36.82,-24.37,16.35,0.159,0.059,1.413,0.00,0.00,-0.172,0,neutral,10.1,NEUTRAL,
136.230,1,1,-0.0730,0.2147,-0.3139,0.3872,0.0626,-37.63,-25.19,16.35,0.177,0.058,1.421,0.00,0.00,-0.184,0,neutral,10.0,NEUTRAL,
136.278,1,1,-0.0717,0.2187,-0.3188,0.3932,0.0625,-36.25,-25.26,15.95,0.168,0.039,1.614,0.00,0.00,-0.172,0,neutral,10.0,NEUTRAL,
136.326,1,1,-0.0719,0.2249,-0.3274,0.4037,0.0600,-36.54,-25.05,15.81,0.172,0.034,1.526,0.00,0.00,-0.181,0,neutral,10.1,NEUTRAL,
136.374,1,1,-0.0700,0.2250,-0.3290,0.4047,0.0590,-36.18,-24.19,17.18,0.165,0.035,1.399,0.00,0.00,-0.150,0,neutral,10.2,NEUTRAL,
136.422,1,1,-0.0697,0.2262,-0.3322,0.4079,0.0724,-36.87,-23.42,16.32,0.171,0.062,1.590,0.00,0.00,-0.133,0,neutral,10.2,NEUTRAL,
136.470,1,1,-0.0700,0.2280,-0.3359,0.4119,0.1080,-37.41,-23.39,15.59,0.187,0.070,1.555,0.00,0.00,-0.123,0,neutral,9.9,NOTICING,17
136.518,1,1,-0.0712,0.2302,-0.3400,0.4167,0.1115,-37.54,-23.97,14.58,0.304,0.105,3.062,0.00,0.00,-0.118,0,neutral,10.1,NOTICING,
136.566,1,1,-0.0735,0.2327,-0.3442,0.4219,0.0921,-40.36,-24.00,14.19,0.332,0.118,3.457,0.00,0.00,-0.116,0,neutral,10.1,NOTICING,
136.629,1,1,-0.0754,0.2316,-0.3425,0.4202,0.0572,-40.00,-22.80,14.96,0.416,0.144,3.585,0.00,0.00,-0.088,0,excited,10.3,NOTICING,
136.678,1,1,-0.0773,0.2278,-0.3378,0.4147,0.0527,-40.30,-21.97,14.27,0.471,0.154,3.066,0.00,0.00,-0.048,0,excited,10.4,NOTICING,
136.726,1,1,-0.0817,0.2283,-0.3384,0.4163,0.0661,-40.35,-19.34,15.03,0.480,0.148,3.038,0.00,0.00,-0.045,0,excited,9.9,NOTICING,
136.774,1,1,-0.0864,0.2270,-0.3367,0.4152,0.0802,-41.04,-18.46,14.06,0.506,0.193,3.316,0.00,0.00,-0.031,0,excited,10.3,NOTICING,
136.822,1,1,-0.0903,0.2231,-0.3317,0.4099,0.0706,-42.08,-17.43,15.06,0.555,0.206,3.258,0.00,0.00,-0.003,0,excited,10.1,NOTICING,
136.869,1,1,-0.0949,0.2199,-0.3272,0.4055,0.0847,-42.83,-16.48,14.27,0.561,0.225,3.135,0.00,0.00,0.016,0,excited,10.1,NOTICING,
136.918,1,1,-0.0998,0.2173,-0.3233,0.4021,0.0495,-43.96,-17.55,13.74,0.544,0.289,3.403,0.00,0.00,0.027,0,excited,10.0,NOTICING,
136.966,1,1,-0.1045,0.2149,-0.3200,0.3994,0.0802,-45.69,-18.34,14.22,0.512,0.347,3.083,0.00,0.00,0.033,0,excited,10.1,NOTICING,
137.030,1,1,-0.1088,0.2126,-0.3170,0.3969,0.0465,-45.78,-17.47,12.57,0.477,0.345,3.055,0.00,0.00,0.034,0,excited,10.7,NOTICING,
137.078,1,1,-0.1140,0.2131,-0.3170,0.3986,0.0683,-47.56,-16.98,10.96,0.461,0.339,2.639,0.00,0.00,0.020,0,excited,10.3,NOTICING,
137.126,1,1,-0.1158,0.2096,-0.3117,0.3931,0.0394,-48.18,-16.87,11.28,0.463,0.294,2.822,0.00,0.00,0.039,0,excited,10.0,NOTICING,
137.174,1,1,-0.1180,0.2087,-0.3098,0.3917,0.0416,-46.22,-19.74,9.29,0.402,0.284,3.379,0.00,0.00,0.037,0,excited,10.2,NOTICING,
137.222,1,1,-0.1200,0.2075,-0.3084,0.3906,0.0416,-47.19,-16.45,10.95,0.398,0.264,3.442,0.00,0.00,0.034,0,excited,9.8,NOTICING,
137.271,1,1,-0.1196,0.2038,-0.3042,0.3852,0.0371,-47.02,-15.59,11.00,0.346,0.280,3.685,0.00,0.00,0.050,0,excited,10.4,NOTICING,
137.318,1,1,-0.1177,0.1981,-0.2973,0.3761,0.0400,-46.89,-16.76,6.98,0.308,0.317,3.360,0.00,0.00,0.078,0,excited,10.1,NOTICING,
137.366,1,1,-0.1201,0.2000,-0.2997,0.3798,0.0434,-49.75,-17.43,10.29,0.284,0.333,2.897,0.00,0.00,0.047,0,excited,10.0,NOTICING,
137.414,1,1,-0.1195,0.1975,-0.2964,0.3757,0.0505,-49.93,-17.01,8.85,0.247,0.331,2.721,0.00,0.00,0.055,0,excited,10.1,NOTICING,
137.462,1,1,-0.1211,0.1988,-0.2979,0.3781,0.0464,-49.43,-16.75,8.14,0.220,0.375,2.941,0.00,0.00,0.034,0,excited,10.1,NOTICING,
137.510,1,1,-0.1211,0.1979,-0.2968,0.3767,0.0385,-51.67,-16.48,9.93,0.230,0.395,2.899,0.00,0.00,0.032,0,excited,10.2,NOTICING,
137.557,1,1,-0.1193,0.1951,-0.2928,0.3715,0.0334,-49.16,-16.30,9.30,0.253,0.433,2.794,0.00,0.00,0.048,0,excited,10.1,NOTICING,
137.605,1,1,-0.1174,0.1914,-0.2885,0.3656,0.0446,-51.94,-15.20,10.50,0.258,0.430,2.787,0.00,0.00,0.063,0,excited,10.1,NOTICING,
137.654,1,1,-0.1165,0.1898,-0.2868,0.3631,0.0307,-50.59,-15.76,9.63,0.254,0.439,2.441,0.00,0.00,0.061,0,excited,10.0,NOTICING,
137.703,1,1,-0.1164,0.1892,-0.2863,0.3624,0.0318,-51.28,-16.62,10.50,0.267,0.466,2.383,0.00,0.00,0.051,0,excited,10.0,NOTICING,
137.748,1,1,-0.1149,0.1872,-0.2841,0.3591,0.0333,-51.02,-16.35,10.61,0.330,0.487,2.851,0.00,0.00,0.056,0,excited,10.0,NOTICING,
137.799,1,1,-0.1162,0.1893,-0.2874,0.3632,0.0516,-47.55,-15.77,6.24,0.340,0.501,2.875,0.00,0.00,0.028,0,excited,10.3,NOTICING,
137.846,1,1,-0.1161,0.1895,-0.2877,0.3636,0.0419,-47.71,-15.98,6.87,0.365,0.503,2.625,0.00,0.00,0.021,0,excited,10.1,NOTICING,
137.894,1,1,-0.1175,0.1910,-0.2904,0.3669,0.0822,-48.07,-16.11,8.98,0.422,0.481,2.858,0.00,0.00,0.003,0,excited,10.2,NOTICING,
137.944,1,1,-0.1181,0.1910,-0.2910,0.3676,0.0793,-48.86,-15.99,8.80,0.456,0.489,2.713,0.00,0.00,-0.001,0,excited,10.4,NOTICING,
137.990,1,1,-0.1195,0.1918,-0.2927,0.3698,0.0527,-52.11,-14.86,10.30,0.508,0.487,2.672,0.00,0.00,-0.010,0,excited,10.2,NOTICING,
138.038,1,1,-0.1215,0.1940,-0.2958,0.3741,0.0415,-52.71,-15.60,8.93,0.563,0.517,2.742,0.00,0.00,-0.026,0,excited,10.1,NOTICING,
138.086,1,1,-0.1207,0.1917,-0.2932,0.3706,0.0326,-54.77,-14.68,11.08,0.525,0.509,3.602,0.00,0.00,-0.006,0,excited,10.4,NOTICING,
138.134,1,1,-0.1214,0.1922,-0.2932,0.3710,0.0613,-51.01,-15.25,9.69,0.567,0.512,4.079,0.00,0.00,-0.006,0,excited,10.0,NOTICING,
138.182,1,1,-0.1221,0.1935,-0.2947,0.3731,0.0722,-49.79,-15.27,11.30,0.603,0.484,3.770,0.00,0.00,-0.014,0,excited,10.2,NOTICING,
138.254,1,1,-0.1261,0.2003,-0.3061,0.3870,0.0646,-49.86,-14.82,12.24,0.589,0.465,3.468,0.00,0.00,-0.050,0,excited,17.4,NOTICING,
138.319,1,1,-0.1269,0.2011,-0.3092,0.3901,0.0380,-50.07,-12.61,11.35,0.588,0.445,2.920,0.00,0.00,-0.050,0,excited,17.4,NOTICING,
138.381,1,1,-0.1286,0.2032,-0.3144,0.3958,0.0465,-48.46,-11.89,10.81,0.584,0.370,3.098,0.00,0.00,-0.058,0,excited,17.2,NOTICING,
138.442,1,0,-0.1286,0.2032,-0.3144,0.3958,,-48.57,-10.12,9.92,0.604,0.298,2.853,0.00,0.00,-0.058,0,excited,15.2,NOTICING,
138.501,1,0,-0.1286,0.2032,-0.3144,0.3958,,-46.14,-7.59,8.12,0.575,0.247,2.875,0.00,0.00,-0.058,0,excited,9.9,NOTICING,
138.550,1,0,-0.1286,0.2032,-0.3144,0.3958,,-46.92,-8.07,7.92,0.531,0.242,2.950,0.00,0.00,-0.058,0,excited,9.5,NOTICING,
138.600,1,1,-0.1259,0.1952,-0.3077,0.3856,0.0461,-45.04,-6.94,9.98,0.542,0.218,3.118,0.00,0.00,-0.006,0,excited,10.0,NOTICING,
138.653,1,0,-0.1259,0.1952,-0.3077,0.3856,,-45.19,-5.91,10.75,0.565,0.175,2.933,0.00,0.00,-0.006,0,excited,15.4,NOTICING,
138.711,1,1,-0.1262,0.1905,-0.3057,0.3817,0.0457,-43.43,-8.74,8.71,0.546,0.155,2.883,0.00,0.00,0.009,0,excited,11.9,NOTICING,
138.758,1,1,-0.1278,0.1896,-0.3075,0.3832,0.0422,-43.83,-9.87,8.93,0.514,0.155,2.695,0.00,0.00,0.001,0,excited,9.9,NOTICING,
138.807,1,1,-0.1276,0.1856,-0.3042,0.3785,0.0480,-46.04,-10.09,8.22,0.482,0.191,2.779,0.00,0.00,0.020,0,excited,10.1,NOTICING,
138.854,1,1,-0.1270,0.1825,-0.3009,0.3741,0.0703,-43.53,-10.01,7.60,0.430,0.179,3.038,0.00,0.00,0.034,0,excited,10.1,NOTICING,
138.903,1,1,-0.1278,0.1818,-0.3008,0.3740,0.0636,-45.47,-10.39,10.53,0.415,0.157,2.886,0.00,0.00,0.028,0,excited,10.0,NOTICING,
138.958,1,1,-0.1269,0.1791,-0.2973,0.3696,0.0740,-45.59,-8.77,9.63,0.404,0.176,2.811,0.00,0.00,0.038,0,excited,16.9,NOTICING,
139.021,1,1,-0.1257,0.1769,-0.2947,0.3660,0.0657,-45.04,-8.94,10.07,0.389,0.147,2.797,0.00,0.00,0.042,0,excited,17.2,NOTICING,
139.078,1,1,-0.1286,0.1814,-0.3008,0.3741,0.0601,-43.62,-11.35,7.75,0.368,0.183,3.053,0.00,0.00,0.005,0,excited,10.4,NOTICING,
139.126,1,1,-0.1276,0.1795,-0.2979,0.3705,0.0548,-48.17,-7.85,9.02,0.359,0.138,3.625,0.00,0.00,0.019,0,excited,10.2,NOTICING,
139.174,1,1,-0.1263,0.1779,-0.2955,0.3673,0.0571,-44.05,-8.88,10.61,0.351,0.146,3.594,0.00,0.00,0.028,0,excited,10.2,NOTICING,
139.224,1,1,-0.1272,0.1795,-0.2975,0.3700,0.0511,-46.54,-11.18,9.30,0.353,0.170,3.191,0.00,0.00,0.012,0,excited,10.2,NOTICING,
139.270,1,1,-0.1290,0.1819,-0.3010,0.3746,0.0513,-49.02,-8.32,10.04,0.357,0.143,3.329,0.00,0.00,-0.010,0,excited,10.2,NOTICING,
139.318,1,1,-0.1326,0.1873,-0.3084,0.3844,0.0466,-46.36,-10.19,9.72,0.349,0.189,3.773,0.00,0.00,-0.049,0,excited,10.1,NOTICING,
139.366,1,1,-0.1319,0.1857,-0.3064,0.3818,0.0481,-46.18,-10.72,10.36,0.360,0.162,4.076,0.00,0.00,-0.028,0,excited,10.1,NOTICING,
139.421,1,1,-0.1321,0.1857,-0.3067,0.3821,0.0528,-46.08,-10.20,8.97,0.347,0.222,4.457,0.00,0.00,-0.023,0,excited,17.1,NOTICING,
139.477,1,1,-0.1328,0.1872,-0.3092,0.3851,0.0432,-45.95,-9.76,9.76,0.347,0.220,4.257,0.00,0.00,-0.030,0,excited,10.3,NOTICING,
139.526,1,1,-0.1300,0.1833,-0.3041,0.3782,0.0415,-46.35,-9.62,9.02,0.344,0.203,3.650,0.00,0.00,0.004,0,excited,10.3,NOTICING,
139.581,1,1,-0.1282,0.1801,-0.2995,0.3722,0.0480,-46.53,-10.41,10.32,0.323,0.219,3.405,0.00,0.00,0.025,0,excited,17.0,NOTICING,
139.638,1,1,-0.1289,0.1817,-0.3017,0.3750,0.0476,-46.92,-8.75,10.35,0.308,0.211,2.987,0.00,0.00,0.010,0,excited,9.9,NOTICING,
139.686,1,1,-0.1283,0.1807,-0.3003,0.3732,0.0708,-45.12,-9.85,7.70,0.315,0.171,3.041,0.00,0.00,0.016,0,excited,10.3,NOTICING,
139.734,1,1,-0.1286,0.1812,-0.3006,0.3738,0.0585,-44.67,-9.77,8.39,0.326,0.206,3.539,0.00,0.00,0.010,0,excited,10.3,NOTICING,
139.782,1,1,-0.1289,0.1811,-0.3011,0.3743,0.0519,-45.11,-8.98,8.00,0.333,0.165,3.961,0.00,0.00,0.006,0,excited,10.3,NOTICING,
139.853,1,1,-0.1277,0.1794,-0.2985,0.3709,0.0570,-45.72,-9.63,9.88,0.328,0.144,3.342,0.00,0.00,0.014,0,excited,16.7,NOTICING,
139.916,1,1,-0.1267,0.1777,-0.2961,0.3678,0.0571,-46.37,-9.94,9.85,0.356,0.159,3.215,0.00,0.00,0.021,0,excited,17.6,NOTICING,
139.974,1,1,-0.1274,0.1786,-0.2968,0.3691,0.0629,-45.06,-11.01,9.29,0.346,0.200,3.169,0.00,0.00,0.013,0,excited,10.4,NOTICING,
140.022,1,1,-0.1291,0.1809,-0.3004,0.3737,0.0666,-45.53,-9.98,7.97,0.367,0.170,3.650,0.00,0.00,-0.009,0,excited,10.4,NOTICING,
140.070,1,1,-0.1313,0.1849,-0.3062,0.3810,0.0486,-46.05,-8.90,8.20,0.362,0.153,3.266,0.00,0.00,-0.038,0,excited,10.2,NOTICING,
140.118,1,1,-0.1300,0.1829,-0.3033,0.3773,0.0436,-45.81,-9.95,8.26,0.361,0.182,3.300,0.00,0.00,-0.015,0,excited,10.2,NOTICING,
140.167,1,1,-0.1278,0.1798,-0.2990,0.3716,0.0508,-43.44,-8.85,7.43,0.328,0.195,3.166,0.00,0.00,0.012,0,excited,10.4,NOTICING,
140.214,1,1,-0.1263,0.1779,-0.2965,0.3681,0.0549,-43.16,-10.36,7.97,0.318,0.188,2.913,0.00,0.00,0.024,0,excited,9.9,NOTICING,
140.267,1,0,-0.1263,0.1779,-0.2965,0.3681,,-44.87,-9.54,8.68,0.299,0.222,2.948,0.00,0.00,0.024,0,excited,15.6,NOTICING,
140.326,1,1,-0.1257,0.1761,-0.2947,0.3656,0.0432,-45.64,-9.11,7.71,0.352,0.187,3.589,0.00,0.00,0.028,0,excited,10.8,NOTICING,
140.374,1,1,-0.1267,0.1778,-0.2966,0.3682,0.0628,-44.73,-10.64,6.70,0.327,0.214,4.277,0.00,0.00,0.011,0,excited,10.3,NOTICING,
140.430,1,1,-0.1270,0.1782,-0.2971,0.3690,0.0593,-44.44,-8.64,7.34,0.324,0.219,3.735,0.00,0.00,0.006,0,excited,17.4,NOTICING,
140.492,1,1,-0.1289,0.1810,-0.3010,0.3742,0.0505,-43.82,-10.72,6.75,0.322,0.246,3.277,0.00,0.00,-0.011,0,excited,17.2,NOTICING,
140.553,1,0,-0.1289,0.1810,-0.3010,0.3742,,-44.36,-9.16,8.49,0.320,0.222,3.211,0.00,0.00,-0.011,0,excited,15.0,NOTICING,
140.597,1,0,-0.1289,0.1810,-0.3010,0.3742,,-46.54,-10.14,7.94,0.314,0.204,2.638,0.00,0.00,-0.011,0,excited,9.5,NOTICING,
140.662,1,0,-0.1289,0.1810,-0.3010,0.3742,,-45.53,-10.03,7.39,0.331,0.203,2.414,0.00,0.00,-0.011,0,excited,10.2,NOTICING,
140.710,1,0,-0.1289,0.1810,-0.3010,0.3742,,-45.28,-9.06,7.66,0.312,0.206,2.457,0.00,0.00,-0.011,0,excited,9.5,NOTICING,
140.758,1,0,-0.1289,0.1810,-0.3010,0.3742,,-44.50,-8.56,8.20,0.304,0.188,2.310,0.00,0.00,-0.011,0,excited,9.5,NOTICING,
140.811,1,0,-0.1289,0.1810,-0.3010,0.3742,,-44.55,-8.47,8.57,0.302,0.158,2.110,0.00,0.00,-0.011,0,excited,9.8,NOTICING,
140.869,1,0,-0.1289,0.1810,-0.3010,0.3742,,-44.97,-10.68,7.84,0.286,0.154,2.000,0.00,0.00,-0.011,0,excited,10.0,NOTICING,
140.918,1,0,-0.1289,0.1810,-0.3010,0.3742,,-44.45,-9.45,7.75,0.268,0.180,2.087,0.00,0.00,-0.011,0,excited,9.8,NOTICING,
140.966,1,0,-0.1289,0.1810,-0.3010,0.3742,,-43.88,-9.67,7.13,0.257,0.192,1.817,0.00,0.00,-0.011,0,excited,9.6,NOTICING,
141.013,1,0,-0.1289,0.1810,-0.3010,0.3742,,-45.90,-8.20,8.66,0.267,0.160,2.187,0.00,0.00,-0.011,0,excited,9.4,NOTICING,
141.061,1,0,-0.1289,0.1810,-0.3010,0.3742,,-45.95,-11.55,8.51,0.272,0.146,1.904,0.00,0.00,-0.011,0,neutral,9.5,NOTICING,
141.110,1,1,-0.1308,0.1837,-0.3053,0.3796,0.0574,-46.66,-9.44,9.45,0.285,0.144,1.731,0.00,0.00,-0.031,0,neutral,10.1,NOTICING,
141.158,1,1,-0.1316,0.1849,-0.3071,0.3818,0.0506,-46.64,-8.84,11.58,0.282,0.115,1.886,0.00,0.00,-0.034,0,neutral,10.0,NOTICING,
141.212,1,1,-0.1299,0.1823,-0.3034,0.3771,0.0611,-45.76,-10.35,8.02,0.291,0.140,2.217,0.00,0.00,-0.010,0,neutral,16.9,NOTICING,
141.277,1,1,-0.1273,0.1785,-0.2989,0.3707,0.0461,-45.64,-7.93,8.11,0.312,0.151,1.973,0.00,0.00,0.012,0,neutral,17.3,NOTICING,
141.341,1,1,-0.1282,0.1799,-0.3011,0.3734,0.0590,-46.19,-10.87,8.22,0.314,0.180,1.882,0.00,0.00,0.001,0,neutral,17.4,NOTICING,
141.398,1,1,-0.1277,0.1792,-0.2998,0.3718,0.0619,-45.23,-10.73,7.56,0.317,0.157,2.134,0.00,0.00,0.006,0,neutral,10.3,NOTICING,
141.463,1,1,-0.1288,0.1806,-0.3020,0.3747,0.0578,-45.99,-8.66,8.24,0.335,0.151,1.946,0.00,0.00,-0.004,0,neutral,10.6,NOTICING,
141.518,1,1,-0.1270,0.1786,-0.2991,0.3708,0.0570,-45.63,-9.54,7.69,0.322,0.166,2.030,0.00,0.00,0.011,0,neutral,17.2,NOTICING,
141.574,1,1,-0.1274,0.1792,-0.3004,0.3723,0.0565,-46.05,-8.79,8.24,0.327,0.138,2.202,0.00,0.00,0.004,0,neutral,10.4,NOTICING,
141.627,1,0,-0.1274,0.1792,-0.3004,0.3723,,-44.52,-10.00,6.40,0.330,0.175,2.615,0.00,0.00,0.004,0,neutral,15.3,NOTICING,
141.671,1,1,-0.1257,0.1763,-0.2970,0.3676,0.0536,-45.01,-8.83,8.33,0.347,0.168,2.747,0.00,0.00,0.024,0,neutral,9.8,NOTICING,
141.725,1,0,-0.1257,0.1763,-0.2970,0.3676,,-46.00,-7.76,8.50,0.357,0.145,2.486,0.00,0.00,0.024,0,neutral,15.3,NOTICING,
141.780,1,0,-0.1257,0.1763,-0.2970,0.3676,,-44.75,-10.37,7.47,0.364,0.129,2.032,0.00,0.00,0.024,0,neutral,9.4,NOTICING,
141.830,1,0,-0.1257,0.1763,-0.2970,0.3676,,-46.24,-9.73,6.01,0.360,0.196,2.911,0.00,0.00,0.024,0,excited,9.6,NOTICING,
141.878,1,0,-0.1257,0.1763,-0.2970,0.3676,,-44.29,-11.65,6.96,0.346,0.270,2.760,0.00,0.00,0.024,0,excited,9.6,NOTICING,
141.927,1,0,-0.1257,0.1763,-0.2970,0.3676,,-45.06,-11.05,5.87,0.335,0.280,2.956,0.00,0.00,0.024,0,excited,9.9,NOTICING,
141.974,1,0,-0.1257,0.1763,-0.2970,0.3676,,-45.90,-9.73,6.34,0.335,0.290,2.516,0.00,0.00,0.024,0,excited,9.9,NOTICING,
142.022,1,1,-0.1244,0.1748,-0.2941,0.3641,0.0594,-43.97,-12.42,6.02,0.331,0.305,2.135,0.00,0.00,0.034,0,excited,10.1,NOTICING,
142.076,1,0,-0.1244,0.1748,-0.2941,0.3641,,-44.63,-11.62,6.98,0.320,0.314,1.841,0.00,0.00,0.034,0,excited,15.5,NOTICING,
142.134,1,1,-0.1233,0.1733,-0.2919,0.3612,0.0791,-45.28,-9.81,7.33,0.313,0.279,2.044,0.00,0.00,0.037,0,excited,10.6,NOTICING,
142.188,1,0,-0.1233,0.1733,-0.2919,0.3612,,-43.06,-10.21,5.42,0.308,0.285,2.110,0.00,0.00,0.037,0,excited,15.5,NOTICING,
142.262,1,0,-0.1233,0.1733,-0.2919,0.3612,,-45.27,-11.11,6.05,0.302,0.294,1.741,0.00,0.00,0.037,0,excited,10.5,NOTICING,
142.310,1,0,-0.1233,0.1733,-0.2919,0.3612,,-44.87,-10.57,7.83,0.311,0.292,1.643,0.00,0.00,0.037,0,excited,9.9,NOTICING,
142.358,1,0,-0.1233,0.1733,-0.2919,0.3612,,-43.88,-8.53,6.17,0.324,0.253,1.956,0.00,0.00,0.037,0,excited,9.7,NOTICING,
142.405,1,0,-0.1233,0.1733,-0.2919,0.3612,,-44.13,-9.27,6.60,0.322,0.237,1.867,0.00,0.00,0.037,0,excited,9.6,NOTICING,
142.454,1,1,-0.1217,0.1705,-0.2887,0.3567,0.0536,-44.96,-9.05,6.75,0.326,0.206,1.827,0.00,0.00,0.048,0,excited,10.3,NOTICING,
142.508,1,0,-0.1217,0.1705,-0.2887,0.3567,,-46.24,-9.08,8.71,0.329,0.191,1.595,0.00,0.00,0.048,0,excited,15.5,NOTICING,
142.564,1,0,-0.1217,0.1705,-0.2887,0.3567,,-45.28,-9.43,8.97,0.327,0.193,1.460,0.00,0.00,0.048,0,excited,9.5,NOTICING,
142.613,1,0,-0.1217,0.1705,-0.2887,0.3567,,-43.72,-9.89,7.69,0.328,0.182,1.359,0.00,0.00,0.048,0,excited,9.5,NOTICING,
142.663,1,1,-0.1207,0.1691,-0.2870,0.3543,0.0452,-46.19,-9.02,9.12,0.326,0.186,1.271,0.00,0.00,0.048,0,excited,10.5,NOTICING,
142.779,1,1,-0.1224,0.1709,-0.2902,0.3583,0.0478,-46.50,-9.54,8.03,0.335,0.162,1.210,0.00,0.00,0.032,0,excited,78.4,NOTICING,
142.846,1,1,-0.1234,0.1721,-0.2918,0.3605,0.0754,-45.83,-10.30,8.02,0.326,0.154,1.188,0.00,0.00,0.019,0,excited,18.0,NOTICING,
142.907,1,0,-0.1234,0.1721,-0.2918,0.3605,,-46.03,-8.88,9.31,0.334,0.138,1.183,0.00,0.00,0.019,0,excited,15.8,NOTICING,
142.965,1,0,-0.1234,0.1721,-0.2918,0.3605,,-45.62,-9.09,7.62,0.339,0.129,0.996,0.00,0.00,0.019,0,excited,10.0,NOTICING,
143.013,1,0,-0.1234,0.1721,-0.2918,0.3605,,-45.62,-10.36,8.76,0.317,0.128,1.221,0.00,0.00,0.019,0,neutral,9.7,NOTICING,
143.061,1,0,-0.1234,0.1721,-0.2918,0.3605,,-47.22,-9.78,9.84,0.313,0.099,1.489,0.00,0.00,0.019,0,neutral,9.5,NOTICING,
143.111,1,0,-0.1234,0.1721,-0.2918,0.3605,,-47.45,-10.13,9.36,0.317,0.098,1.539,0.00,0.00,0.019,0,neutral,9.6,NOTICING,
143.157,1,0,-0.1234,0.1721,-0.2918,0.3605,,-47.37,-10.63,9.56,0.301,0.091,1.567,0.00,0.00,0.019,0,neutral,9.4,NOTICING,
143.206,1,0,-0.1234,0.1721,-0.2918,0.3605,,-49.15,-10.28,9.27,0.298,0.067,1.605,0.00,0.00,0.019,0,neutral,9.6,NOTICING,
143.254,1,0,-0.1234,0.1721,-0.2918,0.3605,,-47.31,-9.94,10.53,0.299,0.049,1.353,0.00,0.00,0.019,0,neutral,9.7,NOTICING,
143.302,1,0,-0.1234,0.1721,-0.2918,0.3605,,-48.17,-8.76,8.80,0.297,0.055,1.398,0.00,0.00,0.019,0,neutral,9.6,NOTICING,
143.349,1,0,-0.1234,0.1721,-0.2918,0.3605,,-45.03,-8.87,8.50,0.302,0.077,1.462,0.00,0.00,0.019,0,neutral,9.7,NOTICING,
143.397,1,0,-0.1234,0.1721,-0.2918,0.3605,,-45.58,-10.83,8.10,0.325,0.093,1.483,0.00,0.00,0.019,0,neutral,9.6,NOTICING,
143.445,1,0,-0.1234,0.1721,-0.2918,0.3605,,-44.74,-8.10,7.91,0.332,0.127,1.589,0.00,0.00,0.019,0,neutral,9.7,NOTICING,
143.494,1,0,-0.1234,0.1721,-0.2918,0.3605,,-45.40,-8.66,7.57,0.371,0.119,2.061,0.00,0.00,0.019,0,neutral,9.9,NOTICING,
143.541,1,0,-0.1234,0.1721,-0.2918,0.3605,,-44.86,-8.49,7.49,0.379,0.161,2.534,0.00,0.00,0.019,0,neutral,9.6,NOTICING,
143.590,1,0,-0.1234,0.1721,-0.2918,0.3605,,-45.76,-9.01,9.18,0.369,0.140,2.933,0.00,0.00,0.019,0,neutral,9.8,NOTICING,
143.639,1,1,-0.1260,0.1755,-0.2975,0.3677,0.0692,-44.06,-10.03,6.33,0.383,0.154,2.955,0.00,0.00,-0.014,0,neutral,10.3,NOTICING,
143.686,1,1,-0.1284,0.1792,-0.3017,0.3737,0.0645,-44.82,-10.95,5.21,0.379,0.178,2.686,0.00,0.00,-0.037,0,neutral,10.3,NOTICING,
143.741,1,1,-0.1278,0.1784,-0.3013,0.3727,0.0582,-45.36,-8.46,6.45,0.356,0.211,2.519,0.00,0.00,-0.026,0,excited,17.3,NOTICING,
143.798,1,1,-0.1278,0.1790,-0.3014,0.3731,0.0502,-42.68,-12.66,5.49,0.344,0.224,2.202,0.00,0.00,-0.022,0,excited,10.4,NOTICING,
143.862,1,1,-0.1285,0.1792,-0.3011,0.3732,0.0626,-47.66,-8.24,11.41,0.343,0.216,2.012,0.00,0.00,-0.018,0,excited,10.2,NOTICING,
143.918,1,1,-0.1295,0.1794,-0.3022,0.3745,0.0571,-47.79,-9.98,11.19,0.345,0.176,2.086,0.00,0.00,-0.019,0,excited,17.3,NOTICING,
143.979,1,0,-0.1295,0.1794,-0.3022,0.3745,,-44.82,-10.82,9.31,0.336,0.219,2.627,0.00,0.00,-0.019,0,excited,16.1,NOTICING,
144.039,1,0,-0.1295,0.1794,-0.3022,0.3745,,-45.29,-9.80,9.38,0.327,0.194,2.867,0.00,0.00,-0.019,0,excited,9.8,NOTICING,
144.085,1,0,-0.1295,0.1794,-0.3022,0.3745,,-48.01,-11.27,11.49,0.332,0.159,2.633,0.00,0.00,-0.019,0,excited,9.6,NOTICING,
144.135,1,1,-0.1285,0.1776,-0.2997,0.3713,0.0458,-48.66,-8.51,10.52,0.329,0.118,2.382,0.00,0.00,-0.002,0,neutral,10.5,NOTICING,
144.183,1,1,-0.1288,0.1783,-0.3005,0.3724,0.0414,-48.22,-8.78,8.77,0.338,0.130,2.636,0.00,0.00,-0.006,0,neutral,10.1,NOTICING,
144.231,1,1,-0.1273,0.1766,-0.2978,0.3689,0.0503,-46.22,-10.85,9.60,0.340,0.114,2.530,0.00,0.00,0.010,0,neutral,10.3,NOTICING,
144.278,1,1,-0.1265,0.1763,-0.2971,0.3679,0.0415,-46.63,-9.93,9.19,0.333,0.101,2.183,0.00,0.00,0.012,0,neutral,10.0,NOTICING,
144.331,1,1,-0.1267,0.1770,-0.2974,0.3685,0.0445,-48.45,-10.87,8.11,0.333,0.105,1.978,0.00,0.00,0.007,0,neutral,10.6,NOTICING,
144.397,1,1,-0.1260,0.1761,-0.2960,0.3667,0.0528,-45.70,-10.97,9.01,0.319,0.103,1.784,0.00,0.00,0.011,0,neutral,18.0,NOTICING,
144.461,1,1,-0.1266,0.1761,-0.2963,0.3672,0.0508,-46.44,-10.77,8.82,0.329,0.090,1.725,0.00,0.00,0.007,0,neutral,17.8,NOTICING,
144.526,1,1,-0.1256,0.1744,-0.2941,0.3642,0.0460,-45.46,-10.63,7.64,0.325,0.104,1.705,0.00,0.00,0.015,0,neutral,17.6,NOTICING,
144.583,1,1,-0.1268,0.1757,-0.2962,0.3670,0.0519,-47.27,-8.37,8.76,0.338,0.116,1.593,0.00,0.00,0.003,0,neutral,10.4,NOTICING,
144.630,1,1,-0.1272,0.1762,-0.2969,0.3679,0.0584,-47.24,-9.74,9.25,0.329,0.131,1.600,0.00,0.00,-0.002,0,neutral,10.1,NOTICING,
144.678,1,1,-0.1296,0.1801,-0.3026,0.3753,0.0542,-47.39,-8.58,10.08,0.353,0.095,2.218,0.00,0.00,-0.032,0,neutral,10.1,NOTICING,
144.726,1,1,-0.1286,0.1788,-0.3005,0.3726,0.0571,-47.92,-9.44,9.52,0.337,0.104,2.603,0.00,0.00,-0.014,0,neutral,10.3,NOTICING,
144.774,1,1,-0.1286,0.1794,-0.3016,0.3738,0.0444,-47.05,-7.12,10.41,0.383,0.078,3.206,0.00,0.00,-0.017,0,neutral,10.3,NOTICING,
144.823,1,1,-0.1250,0.1753,-0.2956,0.3657,0.0525,-44.84,-9.25,10.01,0.364,0.090,3.569,0.00,0.00,0.020,0,neutral,10.2,NOTICING,
144.870,1,1,-0.1261,0.1775,-0.2990,0.3699,0.0467,-46.19,-6.78,8.30,0.365,0.070,3.395,0.00,0.00,-0.002,0,neutral,10.1,NOTICING,
144.918,1,1,-0.1289,0.1809,-0.3041,0.3766,0.0724,-46.72,-8.01,8.76,0.381,0.062,3.007,0.00,0.00,-0.030,0,neutral,10.2,NOTICING,
144.971,1,0,-0.1289,0.1809,-0.3041,0.3766,,-46.65,-7.20,9.33,0.374,0.049,2.720,0.00,0.00,-0.030,0,neutral,15.4,NOTICING,
145.031,1,1,-0.1283,0.1801,-0.3032,0.3753,0.0481,-47.77,-8.19,9.50,0.363,0.051,2.344,0.00,0.00,-0.019,0,neutral,10.6,NOTICING,
145.077,1,1,-0.1279,0.1798,-0.3027,0.3746,0.0503,-46.77,-9.74,10.10,0.348,0.073,2.266,0.00,0.00,-0.012,0,neutral,10.0,NOTICING,
145.126,1,1,-0.1264,0.1777,-0.2995,0.3705,0.0558,-43.58,-9.07,7.26,0.334,0.102,2.013,0.00,0.00,0.007,0,neutral,10.5,NOTICING,
145.174,1,1,-0.1276,0.1797,-0.3026,0.3743,0.0696,-44.35,-8.34,8.21,0.336,0.091,2.209,0.00,0.00,-0.011,0,neutral,10.2,NOTICING,
145.222,1,1,-0.1272,0.1792,-0.3014,0.3730,0.0914,-46.60,-8.67,7.92,0.341,0.095,1.974,0.00,0.00,-0.003,0,neutral,10.2,NOTICING,
145.277,1,1,-0.1249,0.1769,-0.2970,0.3675,0.0601,-46.48,-9.51,7.66,0.343,0.067,2.028,0.00,0.00,0.018,0,neutral,17.2,NOTICING,
145.339,1,0,-0.1249,0.1769,-0.2970,0.3675,,-43.14,-10.97,9.25,0.344,0.087,2.154,0.00,0.00,0.018,0,neutral,15.6,NOTICING,
145.383,1,1,-0.1234,0.1775,-0.2960,0.3666,0.0604,-42.70,-11.80,14.00,0.332,0.083,2.126,0.00,0.00,0.018,0,neutral,10.0,NOTICING,
145.438,1,1,-0.1215,0.1786,-0.2946,0.3653,0.0564,-40.80,-10.83,10.57,0.344,0.078,2.011,0.00,0.00,0.019,0,neutral,17.6,NOTICING,
145.493,1,1,-0.1190,0.1800,-0.2939,0.3646,0.0543,-40.78,-14.26,12.33,0.321,0.063,2.107,0.00,0.00,0.018,0,neutral,10.4,NOTICING,
145.542,1,1,-0.1202,0.1868,-0.3006,0.3738,0.0680,-40.74,-13.25,11.70,0.306,0.058,1.813,0.00,0.00,-0.024,0,neutral,10.2,NOTICING,
145.597,1,1,-0.1214,0.1934,-0.3077,0.3832,0.0567,-39.50,-13.58,11.47,0.286,0.085,1.897,0.00,0.00,-0.053,0,neutral,17.2,NOTICING,
145.661,1,1,-0.1210,0.1961,-0.3100,0.3862,0.0690,-38.95,-13.17,12.15,0.280,0.085,1.796,0.00,0.00,-0.052,0,neutral,17.5,NOTICING,
145.722,1,0,-0.1210,0.1961,-0.3100,0.3862,,-39.03,-12.06,11.98,0.254,0.091,1.735,0.00,0.00,-0.052,0,neutral,15.5,NOTICING,
145.782,1,1,-0.1197,0.1955,-0.3105,0.3860,0.0931,-38.33,-12.95,11.59,0.249,0.076,1.708,0.00,0.00,-0.041,0,neutral,10.8,NOTICING,
145.830,1,1,-0.1175,0.1921,-0.3069,0.3807,0.0488,-38.36,-12.77,10.31,0.244,0.068,1.421,0.00,0.00,-0.010,0,neutral,10.1,NOTICING,
145.878,1,1,-0.1149,0.1880,-0.3024,0.3742,0.0502,-37.96,-12.79,12.45,0.243,0.081,1.457,0.00,0.00,0.019,0,neutral,10.0,NOTICING,
145.926,1,1,-0.1140,0.1860,-0.3008,0.3715,0.0576,-38.25,-12.14,11.87,0.245,0.092,1.212,0.00,0.00,0.026,0,neutral,10.3,NOTICING,
145.974,1,1,-0.1129,0.1837,-0.2985,0.3682,0.0615,-37.97,-12.85,12.70,0.244,0.073,1.418,0.00,0.00,0.035,0,neutral,10.1,NOTICING,
146.022,1,1,-0.1127,0.1824,-0.2976,0.3668,0.0668,-37.60,-12.06,11.33,0.239,0.067,1.285,0.00,0.00,0.034,0,neutral,10.1,NOTICING,
146.070,1,1,-0.1122,0.1810,-0.2968,0.3653,0.0707,-37.39,-12.48,11.90,0.241,0.068,1.146,0.00,0.00,0.033,0,neutral,10.3,NOTICING,
146.118,1,1,-0.1118,0.1795,-0.2961,0.3638,0.0646,-36.89,-11.15,11.70,0.244,0.076,1.039,0.00,0.00,0.033,0,neutral,10.2,NOTICING,
146.166,1,1,-0.1125,0.1791,-0.2974,0.3649,0.0609,-38.36,-11.65,12.62,0.255,0.062,1.181,0.00,0.00,0.022,0,neutral,10.1,NOTICING,
146.216,1,1,-0.1123,0.1771,-0.2963,0.3630,0.0569,-39.17,-11.19,13.30,0.236,0.054,1.387,0.00,0.00,0.025,0,neutral,10.5,NOTICING,
146.278,1,1,-0.1133,0.1767,-0.2973,0.3639,0.0704,-39.12,-10.30,11.41,0.253,0.072,1.631,0.00,0.00,0.017,0,neutral,10.4,NOTICING,
146.326,1,1,-0.1133,0.1755,-0.2968,0.3629,0.0684,-38.13,-11.52,11.76,0.256,0.056,1.826,0.00,0.00,0.018,0,neutral,10.1,NOTICING,
146.374,1,1,-0.1132,0.1740,-0.2961,0.3616,0.0663,-37.34,-10.70,11.77,0.260,0.050,1.558,0.00,0.00,0.020,0,neutral,10.3,NOTICING,
146.422,1,1,-0.1139,0.1739,-0.2970,0.3625,0.0667,-37.79,-10.42,12.11,0.254,0.057,1.502,0.00,0.00,0.012,0,neutral,10.2,NOTICING,
146.470,1,1,-0.1144,0.1734,-0.2970,0.3625,0.0657,-38.50,-9.94,11.99,0.266,0.076,1.553,0.00,0.00,0.010,0,neutral,10.3,NOTICING,
146.519,1,1,-0.1149,0.1734,-0.2976,0.3631,0.0625,-38.62,-10.98,12.27,0.269,0.075,1.506,0.00,0.00,0.005,0,neutral,10.5,NOTICING,
146.567,1,1,-0.1150,0.1728,-0.2975,0.3628,0.0599,-38.30,-10.57,13.97,0.274,0.074,1.260,0.00,0.00,0.006,0,neutral,10.0,NOTICING,
146.630,1,1,-0.1158,0.1734,-0.2988,0.3643,0.0593,-38.55,-8.98,12.44,0.269,0.070,1.140,0.00,0.00,-0.001,0,neutral,10.3,NOTICING,
146.694,1,1,-0.1148,0.1713,-0.2959,0.3607,0.0704,-37.62,-9.41,11.68,0.279,0.067,1.083,0.00,0.00,0.011,0,neutral,10.1,NOTICING,
146.742,1,1,-0.1152,0.1714,-0.2962,0.3611,0.0646,-37.20,-10.63,11.90,0.280,0.076,1.078,0.00,0.00,0.007,0,neutral,10.3,NOTICING,
146.790,1,1,-0.1139,0.1694,-0.2934,0.3574,0.0674,-37.25,-11.12,12.33,0.266,0.058,1.355,0.00,0.00,0.021,0,neutral,10.1,NOTICING,
146.839,1,1,-0.1134,0.1684,-0.2921,0.3558,0.0582,-37.26,-9.58,11.48,0.267,0.065,1.479,0.00,0.00,0.023,0,neutral,10.0,NOTICING,
146.886,1,1,-0.1142,0.1689,-0.2932,0.3571,0.0681,-37.51,-9.22,12.37,0.276,0.065,1.356,0.00,0.00,0.013,0,neutral,10.2,NOTICING,
146.935,1,1,-0.1135,0.1680,-0.2920,0.3555,0.0615,-36.97,-11.40,12.40,0.263,0.052,1.462,0.00,0.00,0.017,0,neutral,10.0,NOTICING,
146.982,1,1,-0.1129,0.1674,-0.2909,0.3541,0.0560,-36.67,-10.71,12.31,0.247,0.053,1.376,0.00,0.00,0.019,0,neutral,10.2,NOTICING,
147.032,1,1,-0.1124,0.1672,-0.2904,0.3535,0.0590,-36.38,-10.26,13.05,0.237,0.047,1.224,0.00,0.00,0.018,0,neutral,10.2,NOTICING,
147.094,1,1,-0.1132,0.1687,-0.2926,0.3562,0.0626,-36.33,-10.03,12.90,0.221,0.046,1.103,0.00,0.00,0.006,0,neutral,10.2,NOTICING,
147.144,1,1,-0.1127,0.1687,-0.2927,0.3561,0.0614,-35.27,-9.82,12.75,0.214,0.043,0.976,0.00,0.00,0.005,0,neutral,10.2,NOTICING,
147.190,1,1,-0.1118,0.1679,-0.2914,0.3544,0.0560,-36.34,-10.92,13.29,0.202,0.032,0.959,0.00,0.00,0.011,0,neutral,10.3,NOTICING,
147.236,1,1,-0.1111,0.1676,-0.2908,0.3536,0.0601,-35.64,-10.54,13.54,0.198,0.032,0.942,0.00,0.00,0.013,0,neutral,10.1,NOTICING,
147.287,1,1,-0.1103,0.1668,-0.2898,0.3521,0.0603,-34.67,-10.29,12.74,0.189,0.038,0.871,0.00,0.00,0.016,0,neutral,10.4,NOTICING,
147.335,1,1,-0.1091,0.1654,-0.2880,0.3496,0.0527,-34.35,-9.97,12.85,0.187,0.033,0.870,0.00,0.00,0.023,0,neutral,10.3,NOTICING,
147.383,1,1,-0.1083,0.1643,-0.2866,0.3476,0.0547,-34.76,-10.20,13.57,0.191,0.034,0.825,0.00,0.00,0.027,0,neutral,10.4,NOTICING,
147.431,1,1,-0.1091,0.1657,-0.2886,0.3502,0.0574,-35.79,-11.37,14.09,0.193,0.028,0.767,0.00,0.00,0.011,0,neutral,10.3,NOTICING,
147.493,1,1,-0.1092,0.1654,-0.2890,0.3504,0.0556,-35.46,-9.94,13.94,0.179,0.023,0.796,0.00,0.00,0.008,0,neutral,10.4,NOTICING,
147.542,1,1,-0.1094,0.1653,-0.2892,0.3506,0.0563,-35.58,-10.21,14.53,0.179,0.024,0.811,0.00,0.00,0.006,0,neutral,10.3,NOTICING,
147.590,1,1,-0.1091,0.1646,-0.2886,0.3497,0.0657,-34.40,-10.30,13.86,0.180,0.019,0.743,0.00,0.00,0.008,0,neutral,10.3,NOTICING,
147.638,1,1,-0.1105,0.1657,-0.2907,0.3524,0.0708,-34.66,-9.12,13.95,0.191,0.030,0.895,0.00,0.00,-0.004,0,neutral,9.8,NOTICING,
147.694,1,1,-0.1096,0.1642,-0.2882,0.3493,0.0597,-34.61,-9.27,14.30,0.192,0.025,0.934,0.00,0.00,0.008,0,neutral,17.6,NOTICING,
147.757,1,1,-0.1114,0.1663,-0.2912,0.3533,0.0612,-35.92,-9.46,14.64,0.188,0.032,0.898,0.00,0.00,-0.006,0,neutral,17.6,NOTICING,
147.821,1,1,-0.1118,0.1663,-0.2914,0.3536,0.0617,-35.40,-9.26,13.61,0.190,0.034,0.797,0.00,0.00,-0.006,0,neutral,17.2,NOTICING,
147.903,1,1,-0.1117,0.1651,-0.2898,0.3517,0.0634,-35.13,-7.91,13.43,0.196,0.046,0.759,0.00,0.00,-0.000,0,neutral,18.3,NOTICING,
147.966,1,1,-0.1111,0.1636,-0.2876,0.3490,0.0732,-35.35,-9.06,13.80,0.190,0.034,0.923,0.00,0.00,0.008,0,neutral,17.8,NOTICING,
148.029,1,1,-0.1112,0.1639,-0.2878,0.3493,0.0593,-35.22,-9.32,13.97,0.185,0.038,0.910,0.00,0.00,0.006,0,neutral,17.6,NOTICING,
148.092,1,1,-0.1119,0.1647,-0.2896,0.3514,0.0890,-36.37,-10.19,14.06,0.182,0.030,0.862,0.00,0.00,-0.002,0,neutral,16.9,NOTICING,
148.150,1,1,-0.1123,0.1653,-0.2901,0.3522,0.0635,-36.97,-11.45,15.15,0.174,0.031,0.814,0.00,0.00,-0.004,0,neutral,10.4,NOTICING,
148.198,1,1,-0.1112,0.1637,-0.2877,0.3492,0.0588,-36.09,-10.90,14.16,0.178,0.024,0.872,0.00,0.00,0.009,0,neutral,10.3,NOTICING,
148.246,1,1,-0.1118,0.1648,-0.2894,0.3513,0.0699,-34.93,-10.54,15.03,0.177,0.023,0.809,0.00,0.00,-0.001,0,neutral,9.8,NOTICING,
148.295,1,1,-0.1125,0.1658,-0.2907,0.3531,0.0649,-35.75,-9.69,14.09,0.173,0.020,0.696,0.00,0.00,-0.008,0,neutral,10.1,NOTICING,
148.357,1,1,-0.1123,0.1652,-0.2903,0.3524,0.0668,-35.67,-9.60,13.20,0.185,0.029,0.795,0.00,0.00,-0.004,0,neutral,10.3,NOTICING,
148.407,1,1,-0.1118,0.1640,-0.2889,0.3505,0.0623,-34.75,-9.15,14.16,0.188,0.034,0.730,0.00,0.00,0.004,0,neutral,10.3,NOTICING,
148.454,1,1,-0.1127,0.1654,-0.2913,0.3534,0.0648,-34.33,-9.30,12.89,0.198,0.042,0.735,0.00,0.00,-0.009,0,neutral,10.2,NOTICING,
148.502,1,1,-0.1115,0.1634,-0.2889,0.3502,0.0594,-34.49,-8.76,13.29,0.194,0.041,0.815,0.00,0.00,0.006,0,neutral,10.1,NOTICING,
148.550,1,1,-0.1108,0.1626,-0.2877,0.3485,0.0646,-34.67,-10.24,13.88,0.196,0.035,0.756,0.00,0.00,0.012,0,neutral,10.1,NOTICING,
148.598,1,1,-0.1100,0.1613,-0.2860,0.3462,0.0614,-34.81,-8.70,13.34,0.196,0.030,0.631,0.00,0.00,0.019,0,neutral,10.3,NOTICING,
148.646,1,1,-0.1089,0.1598,-0.2842,0.3438,0.0619,-33.54,-8.42,13.04,0.203,0.021,0.651,0.00,0.00,0.026,0,neutral,10.1,NOTICING,
148.694,1,1,-0.1089,0.1596,-0.2845,0.3439,0.0599,-33.79,-8.01,12.52,0.199,0.017,0.665,0.00,0.00,0.020,0,neutral,10.3,NOTICING,
148.742,1,1,-0.1081,0.1584,-0.2833,0.3421,0.0636,-33.09,-7.68,12.03,0.181,0.010,0.807,0.00,0.00,0.023,0,neutral,10.1,NOTICING,
148.791,1,1,-0.1071,0.1562,-0.2810,0.3389,0.0619,-32.95,-7.63,12.07,0.183,0.006,0.891,0.00,0.00,0.032,0,neutral,10.2,NOTICING,
148.838,1,1,-0.1066,0.1549,-0.2800,0.3373,0.0605,-33.10,-7.63,11.67,0.187,0.004,0.769,0.00,0.00,0.032,0,neutral,10.1,NOTICING,
148.886,1,1,-0.1053,0.1524,-0.2772,0.3334,0.0579,-32.53,-6.97,11.35,0.200,0.005,0.792,0.00,0.00,0.042,0,neutral,10.4,NOTICING,
148.935,1,1,-0.1054,0.1517,-0.2771,0.3330,0.0613,-32.87,-6.37,10.25,0.206,0.011,0.729,0.00,0.00,0.035,0,neutral,10.6,NOTICING,
148.982,1,1,-0.1055,0.1511,-0.2771,0.3328,0.0619,-31.36,-5.60,9.98,0.214,0.012,0.659,0.00,0.00,0.029,0,neutral,10.1,NOTICING,
149.031,1,1,-0.1049,0.1498,-0.2761,0.3311,0.0636,-30.76,-5.11,9.78,0.218,0.013,0.559,0.00,0.00,0.030,0,neutral,10.3,NOTICING,
149.094,1,1,-0.1046,0.1488,-0.2758,0.3303,0.0697,-30.06,-4.57,9.67,0.216,0.009,0.532,0.00,0.00,0.027,0,neutral,10.8,NOTICING,
149.142,1,1,-0.1038,0.1468,-0.2744,0.3281,0.0712,-29.73,-2.52,8.50,0.225,0.009,0.603,0.00,0.00,0.031,0,neutral,10.3,NOTICING,
149.190,1,1,-0.1022,0.1441,-0.2718,0.3242,0.0769,-28.79,-2.52,8.70,0.227,0.002,0.637,0.00,0.00,0.041,0,neutral,10.2,NOTICING,
149.238,1,1,-0.1008,0.1416,-0.2697,0.3209,0.0716,-29.19,-1.36,8.09,0.220,-0.002,0.642,0.00,0.00,0.046,0,neutral,10.3,NOTICING,
149.286,1,1,-0.0991,0.1390,-0.2674,0.3172,0.0653,-29.42,-1.52,7.98,0.238,-0.002,0.907,0.00,0.00,0.052,0,neutral,10.1,NOTICING,
149.334,1,1,-0.0975,0.1372,-0.2659,0.3147,0.0766,-27.62,-0.42,7.27,0.227,-0.008,1.144,0.00,0.00,0.052,0,neutral,9.9,NOTICING,
149.382,1,1,-0.0946,0.1338,-0.2618,0.3088,0.0780,-26.80,-0.38,7.52,0.222,-0.013,0.974,0.00,0.00,0.066,0,neutral,10.3,NOTICING,
149.430,1,1,-0.0922,0.1315,-0.2593,0.3050,0.0764,-25.36,1.22,6.10,0.222,-0.017,0.834,0.00,0.00,0.069,0,neutral,10.0,NOTICING,
149.478,1,1,-0.0896,0.1284,-0.2553,0.2995,0.0695,-25.59,-0.53,6.11,0.219,-0.020,0.718,0.00,0.00,0.078,0,neutral,10.2,NOTICING,
149.527,1,1,-0.0872,0.1253,-0.2512,0.2939,0.0803,-24.39,-0.53,6.16,0.213,-0.022,0.638,0.05,0.00,0.085,1,neutral,10.5,NOTICING,
149.575,1,1,-0.0855,0.1229,-0.2484,0.2900,0.0767,-24.01,0.15,5.96,0.200,-0.028,0.658,0.10,0.00,0.085,1,neutral,10.4,NOTICING,
149.622,1,1,-0.0849,0.1212,-0.2467,0.2876,0.0724,-25.20,-0.08,5.63,0.191,-0.031,0.547,0.00,0.00,0.078,0,neutral,10.2,NOTICING,
149.670,1,1,-0.0841,0.1194,-0.2449,0.2852,0.0739,-23.84,0.62,6.09,0.193,-0.029,0.601,0.05,0.00,0.072,1,neutral,10.2,NOTICING,
149.719,1,1,-0.0840,0.1181,-0.2437,0.2836,0.0710,-24.58,0.70,5.69,0.198,-0.027,0.540,0.10,0.00,0.065,1,neutral,10.4,NOTICING,
149.766,1,1,-0.0838,0.1164,-0.2419,0.2812,0.0724,-24.85,0.11,6.28,0.203,-0.025,0.450,0.14,0.00,0.062,1,neutral,10.1,NOTICING,
149.816,1,1,-0.0840,0.1154,-0.2411,0.2802,0.0703,-24.78,0.93,5.98,0.201,-0.025,0.441,0.19,0.00,0.053,1,neutral,10.6,NOTICING,
149.862,1,1,-0.0844,0.1147,-0.2405,0.2795,0.0688,-25.00,0.77,6.17,0.183,-0.028,0.654,0.24,0.00,0.046,1,neutral,10.3,NOTICING,
149.910,1,1,-0.0846,0.1138,-0.2395,0.2783,0.0690,-24.80,1.14,5.91,0.171,-0.031,0.544,0.29,0.00,0.042,1,neutral,10.2,NOTICING,
149.959,1,1,-0.0849,0.1134,-0.2391,0.2779,0.0698,-25.36,0.34,6.38,0.169,-0.032,0.549,0.00,0.00,0.035,0,neutral,10.3,NOTICING,
150.005,1,1,-0.0848,0.1126,-0.2382,0.2768,0.0685,-24.82,0.07,6.69,0.167,-0.033,0.451,0.05,0.00,0.033,1,neutral,10.4,NOTICING,
150.054,1,1,-0.0851,0.1124,-0.2381,0.2767,0.0682,-25.41,-0.13,6.57,0.169,-0.032,0.424,0.00,0.00,0.027,0,neutral,10.3,NOTICING,
150.102,1,1,-0.0854,0.1122,-0.2380,0.2766,0.0611,-25.50,0.16,6.62,0.167,-0.031,0.392,0.00,0.00,0.022,0,neutral,10.5,NOTICING,
150.150,1,1,-0.0852,0.1118,-0.2375,0.2760,0.0613,-25.07,-0.72,7.19,0.163,-0.029,0.369,0.00,0.00,0.020,0,neutral,10.2,NOTICING,
150.199,1,1,-0.0855,0.1120,-0.2377,0.2763,0.0624,-24.87,0.32,6.97,0.156,-0.029,0.355,0.05,0.00,0.015,1,neutral,10.4,NOTICING,
150.245,1,1,-0.0858,0.1124,-0.2384,0.2772,0.0625,-24.94,-0.44,7.24,0.154,-0.030,0.345,0.09,0.00,0.008,1,neutral,10.1,NOTICING,
150.311,1,1,-0.0855,0.1114,-0.2371,0.2756,0.0673,-25.09,0.42,7.28,0.155,-0.030,0.296,0.00,0.00,0.011,0,neutral,11.0,NOTICING,
150.358,1,1,-0.0850,0.1105,-0.2357,0.2739,0.0662,-25.07,0.87,7.44,0.157,-0.029,0.284,0.00,0.00,0.016,0,neutral,10.3,NOTICING,
150.407,1,1,-0.0859,0.1114,-0.2373,0.2759,0.0642,-26.34,-0.47,7.53,0.170,-0.026,0.398,0.00,0.00,0.005,0,neutral,10.4,NOTICING,
150.453,1,1,-0.0869,0.1124,-0.2389,0.2779,0.0645,-25.97,0.35,7.05,0.171,-0.024,0.447,0.00,0.00,-0.005,0,neutral,10.2,NOTICING,
150.503,1,1,-0.0874,0.1131,-0.2400,0.2794,0.0622,-25.97,0.95,6.99,0.180,-0.019,0.500,0.00,0.00,-0.010,0,neutral,10.6,NOTICING,
150.551,1,1,-0.0881,0.1139,-0.2413,0.2810,0.0663,-26.30,0.18,7.10,0.181,-0.019,0.518,0.00,0.00,-0.015,0,neutral,10.3,NOTICING,
150.598,1,1,-0.0881,0.1139,-0.2412,0.2809,0.0650,-25.54,-0.36,7.33,0.183,-0.020,0.443,0.00,0.00,-0.011,0,neutral,10.2,NOTICING,
150.646,1,1,-0.0876,0.1132,-0.2401,0.2795,0.0687,-25.94,-0.19,7.50,0.181,-0.021,0.404,0.00,0.00,-0.003,0,neutral,10.2,NOTICING,
150.710,1,1,-0.0881,0.1139,-0.2412,0.2809,0.0672,-25.65,0.88,6.49,0.193,-0.019,0.494,0.00,0.00,-0.007,0,neutral,10.5,NOTICING,
150.759,1,1,-0.0881,0.1138,-0.2410,0.2807,0.0630,-26.00,0.98,6.84,0.195,-0.019,0.518,0.00,0.00,-0.005,0,neutral,10.3,NOTICING,
150.807,1,1,-0.0878,0.1132,-0.2403,0.2798,0.0653,-25.14,1.14,6.72,0.187,-0.019,0.556,0.00,0.00,-0.000,0,neutral,10.3,NOTICING,
150.854,1,1,-0.0877,0.1130,-0.2400,0.2794,0.0619,-26.14,-0.44,7.17,0.185,-0.019,0.500,0.00,0.00,0.002,0,neutral,10.4,NOTICING,
150.902,1,1,-0.0878,0.1131,-0.2401,0.2796,0.0710,-25.97,-0.27,7.30,0.176,-0.024,0.539,0.00,0.00,0.001,0,neutral,10.4,NOTICING,
150.953,1,1,-0.0879,0.1131,-0.2402,0.2797,0.0667,-26.16,0.19,7.42,0.183,-0.024,0.653,0.00,0.00,-0.000,0,neutral,10.8,NOTICING,
150.998,1,1,-0.0875,0.1126,-0.2392,0.2785,0.0656,-25.89,0.72,6.73,0.187,-0.021,0.578,0.00,0.00,0.005,0,neutral,10.1,NOTICING,
151.047,1,1,-0.0878,0.1129,-0.2396,0.2791,0.0635,-26.24,-0.10,7.22,0.193,-0.019,0.502,0.00,0.00,0.002,0,neutral,10.3,NOTICING,
151.110,1,1,-0.0876,0.1125,-0.2392,0.2785,0.0637,-25.91,0.80,6.63,0.199,-0.018,0.430,0.00,0.00,0.003,0,neutral,10.9,NOTICING,
151.158,1,1,-0.0872,0.1121,-0.2385,0.2776,0.0683,-25.40,0.40,6.52,0.199,-0.019,0.431,0.00,0.00,0.006,0,neutral,10.2,NOTICING,
151.208,1,1,-0.0865,0.1112,-0.2370,0.2758,0.0604,-25.30,0.49,6.63,0.199,-0.016,0.416,0.00,0.00,0.012,0,neutral,10.3,NOTICING,
151.254,1,1,-0.0869,0.1116,-0.2378,0.2767,0.0661,-26.11,0.74,6.57,0.204,-0.016,0.420,0.00,0.00,0.006,0,neutral,10.3,NOTICING,
151.302,1,1,-0.0864,0.1110,-0.2369,0.2755,0.0663,-25.37,-0.21,7.33,0.201,-0.018,0.445,0.00,0.00,0.010,0,neutral,10.6,NOTICING,
151.350,1,1,-0.0867,0.1113,-0.2372,0.2760,0.0627,-25.93,-0.38,6.96,0.213,-0.017,0.596,0.00,0.00,0.006,0,neutral,10.5,NOTICING,
151.399,1,1,-0.0870,0.1117,-0.2378,0.2768,0.0656,-26.04,1.12,6.53,0.220,-0.016,0.505,0.00,0.00,0.001,0,neutral,10.1,NOTICING,
151.446,1,1,-0.0869,0.1115,-0.2374,0.2763,0.0653,-25.81,0.05,7.32,0.211,-0.018,0.651,0.00,0.00,0.003,0,neutral,10.2,NOTICING,
151.510,1,1,-0.0870,0.1117,-0.2377,0.2767,0.0657,-26.02,0.35,7.31,0.201,-0.021,0.568,0.00,0.00,0.001,0,neutral,10.7,NOTICING,
151.558,1,1,-0.0871,0.1117,-0.2378,0.2767,0.0663,-26.13,0.39,7.00,0.205,-0.020,0.649,0.00,0.00,0.001,0,neutral,10.4,NOTICING,
151.607,1,1,-0.0871,0.1115,-0.2374,0.2763,0.0666,-26.15,0.35,6.66,0.199,-0.020,0.655,0.00,0.00,0.002,0,neutral,10.3,NOTICING,
151.653,1,1,-0.0874,0.1120,-0.2383,0.2774,0.0610,-26.31,0.47,7.35,0.191,-0.021,0.586,0.00,0.00,-0.003,0,neutral,10.2,NOTICING,
151.704,1,1,-0.0876,0.1123,-0.2384,0.2777,0.0652,-26.19,-1.14,7.57,0.183,-0.024,0.529,0.00,0.00,-0.003,0,neutral,10.4,NOTICING,
151.751,1,1,-0.0878,0.1125,-0.2384,0.2778,0.0622,-26.75,-0.66,7.76,0.190,-0.021,0.663,0.00,0.00,-0.003,0,neutral,10.1,NOTICING,
151.800,1,1,-0.0874,0.1121,-0.2373,0.2766,0.0684,-26.51,-0.73,7.78,0.190,-0.021,0.606,0.00,0.00,0.002,0,neutral,10.4,NOTICING,
151.849,1,1,-0.0880,0.1127,-0.2381,0.2778,0.0698,-27.09,-1.14,8.14,0.183,-0.024,0.613,0.00,0.00,-0.003,0,neutral,10.2,NOTICING,
151.911,1,1,-0.0893,0.1138,-0.2392,0.2795,0.0658,-28.34,-0.43,8.34,0.186,-0.018,0.626,0.00,0.00,-0.008,0,neutral,10.9,NOTICING,
151.958,1,1,-0.0905,0.1144,-0.2396,0.2805,0.0648,-28.94,-1.00,8.42,0.195,-0.017,0.616,0.00,0.00,-0.011,0,neutral,10.7,NOTICING,
152.005,1,1,-0.0929,0.1166,-0.2421,0.2843,0.0610,-30.51,-1.65,9.16,0.215,-0.011,0.745,0.00,0.00,-0.025,0,neutral,10.1,NOTICING,
152.054,1,1,-0.0941,0.1173,-0.2422,0.2851,0.0565,-31.37,-2.46,10.06,0.227,-0.010,0.684,0.00,0.00,-0.023,0,neutral,10.4,NOTICING,
152.101,1,1,-0.0962,0.1188,-0.2440,0.2879,0.0578,-32.48,-2.49,10.13,0.235,-0.009,0.570,0.00,0.00,-0.030,0,neutral,10.1,NOTICING,
152.150,1,1,-0.0976,0.1199,-0.2448,0.2895,0.0526,-32.68,-3.43,10.49,0.231,-0.012,0.634,0.00,0.00,-0.031,0,neutral,10.4,NOTICING,
152.216,1,1,-0.1002,0.1220,-0.2475,0.2936,0.0511,-34.07,-3.30,11.02,0.217,-0.015,0.638,0.00,0.00,-0.037,0,neutral,11.0,NOTICING,
152.279,1,1,-0.1020,0.1235,-0.2490,0.2961,0.0536,-34.47,-4.24,11.65,0.204,-0.021,0.571,0.00,0.00,-0.037,0,neutral,10.7,NOTICING,
152.327,1,1,-0.1032,0.1244,-0.2494,0.2972,0.0520,-34.93,-5.41,12.55,0.201,-0.021,0.586,0.00,0.00,-0.035,0,neutral,10.3,NOTICING,
152.374,1,1,-0.1039,0.1250,-0.2496,0.2978,0.0513,-35.57,-4.98,12.79,0.197,-0.023,0.503,0.00,0.00,-0.030,0,neutral,10.2,NOTICING,
152.423,1,1,-0.1056,0.1272,-0.2525,0.3018,0.0545,-36.13,-5.62,14.04,0.195,-0.018,0.509,0.00,0.00,-0.041,0,neutral,10.1,NOTICING,
152.471,1,1,-0.1065,0.1287,-0.2539,0.3040,0.0518,-36.62,-5.73,13.94,0.197,-0.015,0.477,0.00,0.00,-0.041,0,neutral,10.4,NOTICING,
152.519,1,1,-0.1073,0.1298,-0.2552,0.3057,0.0529,-36.30,-5.45,13.89,0.195,-0.016,0.477,0.00,0.00,-0.041,0,neutral,10.1,NOTICING,
152.568,1,1,-0.1089,0.1325,-0.2589,0.3105,0.0503,-37.02,-6.61,13.96,0.210,-0.013,0.671,0.00,0.00,-0.052,0,neutral,10.3,NOTICING,
152.616,1,1,-0.1127,0.1380,-0.2667,0.3207,0.0572,-36.74,-6.73,13.98,0.203,-0.011,0.850,0.00,0.00,-0.084,0,neutral,10.3,NOTICING,
152.662,1,1,-0.1149,0.1418,-0.2721,0.3276,0.0695,-35.71,-6.37,14.37,0.211,-0.006,0.914,0.00,0.00,-0.097,0,neutral,10.2,NOTICING,
152.734,1,1,-0.1148,0.1420,-0.2725,0.3280,0.0684,-37.50,-6.06,14.46,0.206,0.004,0.875,0.00,0.00,-0.079,0,neutral,18.3,NOTICING,
152.797,1,1,-0.1144,0.1416,-0.2718,0.3272,0.0859,-37.23,-5.55,14.21,0.211,0.006,0.834,0.00,0.00,-0.060,0,neutral,17.7,NOTICING,
152.861,1,1,-0.1132,0.1403,-0.2698,0.3245,0.0852,-37.89,-6.07,14.33,0.220,0.004,0.742,0.00,0.00,-0.040,0,neutral,17.3,NOTICING,
152.925,1,0,-0.1132,0.1403,-0.2698,0.3245,,-37.14,-6.17,14.74,0.215,-0.000,0.736,0.00,0.00,-0.040,0,neutral,15.7,NOTICING,
152.984,1,1,-0.1141,0.1416,-0.2720,0.3272,0.0796,-37.96,-5.21,13.64,0.200,0.004,0.776,0.00,0.00,-0.041,0,neutral,10.9,NOTICING,
153.030,1,1,-0.1142,0.1422,-0.2732,0.3284,0.0527,-36.33,-5.56,14.93,0.213,0.007,1.029,0.00,0.00,-0.038,0,neutral,10.1,NOTICING,
153.078,1,1,-0.1132,0.1410,-0.2712,0.3259,0.0512,-36.79,-4.86,13.86,0.215,0.010,0.945,0.00,0.00,-0.020,0,neutral,10.2,NOTICING,
153.126,1,1,-0.1126,0.1403,-0.2700,0.3245,0.0563,-36.70,-5.81,14.13,0.223,0.028,1.044,0.00,0.00,-0.010,0,neutral,10.2,NOTICING,
153.173,1,1,-0.1129,0.1404,-0.2702,0.3247,0.0574,-37.02,-5.03,13.96,0.235,0.030,1.053,0.00,0.00,-0.009,0,neutral,10.2,NOTICING,
153.222,1,1,-0.1138,0.1418,-0.2726,0.3277,0.0564,-36.58,-5.10,13.39,0.233,0.043,1.101,0.00,0.00,-0.019,0,neutral,10.3,NOTICING,
153.270,1,1,-0.1126,0.1405,-0.2706,0.3251,0.0529,-36.32,-6.55,14.60,0.233,0.041,1.074,0.00,0.00,-0.005,0,neutral,10.4,NOTICING,
153.319,1,1,-0.1124,0.1402,-0.2701,0.3244,0.0534,-36.96,-4.62,13.28,0.248,0.047,1.128,0.00,0.00,-0.001,0,neutral,10.5,NOTICING,
153.367,1,1,-0.1116,0.1391,-0.2686,0.3224,0.0535,-36.47,-5.43,14.38,0.247,0.040,1.176,0.00,0.00,0.007,0,neutral,10.3,NOTICING,
153.414,1,1,-0.1113,0.1385,-0.2676,0.3212,0.0555,-36.81,-5.48,12.93,0.245,0.043,1.085,0.00,0.00,0.011,0,neutral,10.2,NOTICING,
153.464,1,1,-0.1106,0.1378,-0.2664,0.3196,0.0519,-36.29,-5.88,13.80,0.234,0.037,1.079,0.00,0.00,0.015,0,neutral,10.5,NOTICING,
153.529,1,1,-0.1103,0.1374,-0.2660,0.3190,0.0516,-36.15,-5.84,14.64,0.227,0.035,0.898,0.00,0.00,0.014,0,neutral,11.0,NOTICING,
153.575,1,1,-0.1105,0.1375,-0.2660,0.3192,0.0544,-36.33,-5.70,14.04,0.221,0.035,0.759,0.00,0.00,0.011,0,neutral,10.1,NOTICING,
153.627,1,1,-0.1102,0.1369,-0.2651,0.3180,0.0537,-36.38,-4.83,13.78,0.220,0.037,0.669,0.00,0.00,0.013,0,neutral,10.5,NOTICING,
153.686,1,1,-0.1104,0.1370,-0.2654,0.3184,0.0523,-35.89,-4.83,13.60,0.217,0.043,0.596,0.00,0.00,0.009,0,neutral,10.7,NOTICING,
153.735,1,1,-0.1117,0.1385,-0.2677,0.3215,0.0532,-37.37,-5.14,14.19,0.213,0.041,0.574,0.00,0.00,-0.005,0,neutral,10.2,NOTICING,
153.781,1,1,-0.1115,0.1382,-0.2674,0.3210,0.0519,-36.41,-5.19,14.05,0.213,0.044,0.552,0.00,0.00,-0.002,0,neutral,10.2,NOTICING,
153.830,1,1,-0.1117,0.1386,-0.2682,0.3219,0.0537,-36.57,-4.74,15.03,0.205,0.043,0.595,0.00,0.00,-0.006,0,neutral,10.3,NOTICING,
153.878,1,1,-0.1115,0.1383,-0.2679,0.3214,0.0504,-36.41,-5.01,13.81,0.206,0.036,0.633,0.00,0.00,-0.002,0,neutral,10.3,NOTICING,
153.926,1,1,-0.1121,0.1390,-0.2687,0.3226,0.0554,-36.53,-4.67,12.98,0.208,0.032,0.518,0.00,0.00,-0.007,0,neutral,10.3,NOTICING,
153.973,1,1,-0.1121,0.1390,-0.2687,0.3226,0.0517,-36.77,-5.08,14.11,0.223,0.034,0.676,0.00,0.00,-0.006,0,neutral,10.2,NOTICING,
154.024,1,1,-0.1122,0.1392,-0.2690,0.3230,0.0513,-35.85,-4.92,12.79,0.219,0.034,0.778,0.00,0.00,-0.006,0,neutral,10.5,NOTICING,
154.070,1,1,-0.1116,0.1382,-0.2678,0.3213,0.0523,-36.39,-4.88,14.41,0.224,0.033,0.750,0.00,0.00,0.002,0,neutral,10.2,NOTICING,
154.118,1,1,-0.1112,0.1379,-0.2674,0.3208,0.0570,-35.69,-5.17,14.01,0.217,0.024,0.825,0.00,0.00,0.004,0,neutral,10.3,NOTICING,
154.166,1,1,-0.1111,0.1377,-0.2667,0.3200,0.0521,-36.43,-5.47,13.66,0.217,0.032,0.917,0.00,0.00,0.007,0,neutral,10.2,NOTICING,
154.216,1,1,-0.1105,0.1368,-0.2655,0.3185,0.0521,-36.12,-5.80,14.75,0.213,0.029,0.876,0.00,0.00,0.012,0,neutral,10.6,NOTICING,
154.261,1,1,-0.1091,0.1352,-0.2632,0.3154,0.0500,-36.39,-5.74,14.81,0.199,0.017,0.975,0.00,0.00,0.023,0,neutral,10.1,NOTICING,
154.327,1,1,-0.1092,0.1351,-0.2633,0.3155,0.0516,-36.48,-5.04,14.29,0.194,0.019,0.944,0.00,0.00,0.018,0,neutral,11.0,NOTICING,
154.373,1,1,-0.1095,0.1355,-0.2641,0.3164,0.0493,-36.56,-5.76,14.29,0.187,0.015,0.871,0.00,0.00,0.010,0,neutral,10.2,NOTICING,
154.422,1,1,-0.1085,0.1343,-0.2624,0.3141,0.0518,-35.63,-5.78,14.07,0.188,0.006,0.847,0.00,0.00,0.018,0,neutral,10.2,NOTICING,
154.471,1,1,-0.1091,0.1350,-0.2638,0.3158,0.0511,-36.09,-5.49,14.26,0.180,0.001,0.827,0.00,0.00,0.007,0,neutral,10.8,NOTICING,
154.519,1,1,-0.1096,0.1355,-0.2646,0.3169,0.0519,-36.89,-5.23,14.36,0.175,0.001,0.719,0.00,0.00,0.001,0,neutral,10.2,NOTICING,
154.569,1,1,-0.1092,0.1350,-0.2641,0.3160,0.0514,-35.51,-5.44,14.08,0.181,-0.005,0.765,0.00,0.00,0.004,0,neutral,10.3,NOTICING,
154.616,1,1,-0.1089,0.1345,-0.2632,0.3150,0.0500,-36.80,-6.86,14.67,0.185,-0.003,0.737,0.00,0.00,0.008,0,neutral,10.0,NOTICING,
154.667,1,1,-0.1085,0.1340,-0.2626,0.3141,0.0512,-35.96,-4.62,13.79,0.194,0.000,0.673,0.00,0.00,0.010,0,neutral,10.4,NOTICING,
154.726,1,1,-0.1092,0.1347,-0.2641,0.3160,0.0510,-35.80,-5.43,14.34,0.193,0.002,0.633,0.00,0.00,0.002,0,neutral,10.7,NOTICING,
154.773,1,1,-0.1094,0.1345,-0.2640,0.3158,0.0510,-36.53,-5.59,14.99,0.191,0.001,0.557,0.00,0.00,0.002,0,neutral,10.1,NOTICING,
154.822,1,1,-0.1088,0.1339,-0.2631,0.3146,0.0505,-36.09,-5.28,13.48,0.188,-0.004,0.529,0.00,0.00,0.007,0,neutral,10.2,NOTICING,
154.871,1,1,-0.1087,0.1342,-0.2632,0.3148,0.0492,-36.05,-5.69,14.04,0.178,-0.014,0.580,0.00,0.00,0.004,0,neutral,10.3,NOTICING,
154.918,1,1,-0.1094,0.1355,-0.2652,0.3172,0.0508,-36.10,-4.57,13.68,0.176,-0.012,0.647,0.00,0.00,-0.007,0,neutral,10.1,NOTICING,
154.967,1,1,-0.1105,0.1371,-0.2679,0.3205,0.0497,-36.21,-4.88,14.55,0.181,-0.009,0.619,0.00,0.00,-0.019,0,neutral,10.3,NOTICING,
