ISO-10303-21;
HEADER;
/* Generated by software containing ST-Developer
 * from STEP Tools, Inc. (www.steptools.com) 
 */

FILE_DESCRIPTION(
/* description */ (''),
/* implementation_level */ '2;1');

FILE_NAME(
/* name */ 'dome_mod.step',
/* time_stamp */ '2026-08-06T14:00:36+01:00',
/* author */ (''),
/* organization */ (''),
/* preprocessor_version */ 'ST-DEVELOPER v20.1',
/* originating_system */ 'Autodesk Translation Framework v15.8.0.0',
/* authorisation */ '');

FILE_SCHEMA (('AUTOMOTIVE_DESIGN { 1 0 10303 214 3 1 1 }'));
ENDSEC;

DATA;
#10=MECHANICAL_DESIGN_GEOMETRIC_PRESENTATION_REPRESENTATION('',(#21),#4681);
#11=ITEM_DEFINED_TRANSFORMATION($,$,#1460,#1591);
#12=ITEM_DEFINED_TRANSFORMATION($,$,#1590,#1592);
#13=(
REPRESENTATION_RELATIONSHIP($,$,#4695,#4694)
REPRESENTATION_RELATIONSHIP_WITH_TRANSFORMATION(#11)
SHAPE_REPRESENTATION_RELATIONSHIP()
);
#14=(
REPRESENTATION_RELATIONSHIP($,$,#4696,#4694)
REPRESENTATION_RELATIONSHIP_WITH_TRANSFORMATION(#12)
SHAPE_REPRESENTATION_RELATIONSHIP()
);
#15=CONTEXT_DEPENDENT_SHAPE_REPRESENTATION(#13,#4692);
#16=CONTEXT_DEPENDENT_SHAPE_REPRESENTATION(#14,#4693);
#17=NEXT_ASSEMBLY_USAGE_OCCURRENCE('Component1:1','Component1:1',
'Component1:1',#4698,#4699,'Component1:1');
#18=NEXT_ASSEMBLY_USAGE_OCCURRENCE('Component2:1','Component2:1',
'Component2:1',#4698,#4700,'Component2:1');
#19=SHAPE_REPRESENTATION_RELATIONSHIP('SRR','None',#4695,#20);
#20=ADVANCED_BREP_SHAPE_REPRESENTATION('',(#22),#4679);
#21=STYLED_ITEM('',(#4714),#22);
#22=MANIFOLD_SOLID_BREP('Body1',#1435);
#23=ELLIPSE('',#1575,6.00003707959127,3.);
#24=ELLIPSE('',#1581,5.99994193541742,3.);
#25=TOROIDAL_SURFACE('',#1550,13.,3.);
#26=TOROIDAL_SURFACE('',#1557,13.,3.);
#27=(
BOUNDED_CURVE()
B_SPLINE_CURVE(3,(#2622,#2623,#2624,#2625,#2626,#2627,#2628,#2629,#2630,
#2631,#2632,#2633,#2634,#2635,#2636,#2637,#2638,#2639,#2640,#2641,#2642,
#2643,#2644,#2645,#2646,#2647,#2648,#2649,#2650,#2651,#2652),
 .UNSPECIFIED.,.F.,.F.)
B_SPLINE_CURVE_WITH_KNOTS((4,3,3,3,3,3,3,3,3,3,4),(0.0425976030160247,0.0931107631499058,
0.220848470217259,0.318242411440102,0.397404010287849,0.51554248247127,
0.611181277052875,0.719278156478573,0.864522756666455,0.979244524793573,
0.999702309729106),.UNSPECIFIED.)
CURVE()
GEOMETRIC_REPRESENTATION_ITEM()
RATIONAL_B_SPLINE_CURVE((1.,1.,1.,1.,1.,1.,1.,1.,1.,1.,1.,1.,1.,1.,1.,1.,
1.,1.,1.,1.,1.,1.,1.,1.,1.,1.,1.,1.,1.,1.,1.))
REPRESENTATION_ITEM('')
);
#28=(
BOUNDED_SURFACE()
B_SPLINE_SURFACE(3,2,((#2341,#2342,#2343,#2344,#2345,#2346,#2347,#2348,
#2349),(#2350,#2351,#2352,#2353,#2354,#2355,#2356,#2357,#2358),(#2359,#2360,
#2361,#2362,#2363,#2364,#2365,#2366,#2367),(#2368,#2369,#2370,#2371,#2372,
#2373,#2374,#2375,#2376),(#2377,#2378,#2379,#2380,#2381,#2382,#2383,#2384,
#2385),(#2386,#2387,#2388,#2389,#2390,#2391,#2392,#2393,#2394),(#2395,#2396,
#2397,#2398,#2399,#2400,#2401,#2402,#2403),(#2404,#2405,#2406,#2407,#2408,
#2409,#2410,#2411,#2412),(#2413,#2414,#2415,#2416,#2417,#2418,#2419,#2420,
#2421),(#2422,#2423,#2424,#2425,#2426,#2427,#2428,#2429,#2430),(#2431,#2432,
#2433,#2434,#2435,#2436,#2437,#2438,#2439),(#2440,#2441,#2442,#2443,#2444,
#2445,#2446,#2447,#2448),(#2449,#2450,#2451,#2452,#2453,#2454,#2455,#2456,
#2457),(#2458,#2459,#2460,#2461,#2462,#2463,#2464,#2465,#2466),(#2467,#2468,
#2469,#2470,#2471,#2472,#2473,#2474,#2475),(#2476,#2477,#2478,#2479,#2480,
#2481,#2482,#2483,#2484),(#2485,#2486,#2487,#2488,#2489,#2490,#2491,#2492,
#2493),(#2494,#2495,#2496,#2497,#2498,#2499,#2500,#2501,#2502),(#2503,#2504,
#2505,#2506,#2507,#2508,#2509,#2510,#2511),(#2512,#2513,#2514,#2515,#2516,
#2517,#2518,#2519,#2520),(#2521,#2522,#2523,#2524,#2525,#2526,#2527,#2528,
#2529),(#2530,#2531,#2532,#2533,#2534,#2535,#2536,#2537,#2538),(#2539,#2540,
#2541,#2542,#2543,#2544,#2545,#2546,#2547),(#2548,#2549,#2550,#2551,#2552,
#2553,#2554,#2555,#2556),(#2557,#2558,#2559,#2560,#2561,#2562,#2563,#2564,
#2565),(#2566,#2567,#2568,#2569,#2570,#2571,#2572,#2573,#2574),(#2575,#2576,
#2577,#2578,#2579,#2580,#2581,#2582,#2583),(#2584,#2585,#2586,#2587,#2588,
#2589,#2590,#2591,#2592),(#2593,#2594,#2595,#2596,#2597,#2598,#2599,#2600,
#2601),(#2602,#2603,#2604,#2605,#2606,#2607,#2608,#2609,#2610),(#2611,#2612,
#2613,#2614,#2615,#2616,#2617,#2618,#2619)),.UNSPECIFIED.,.F.,.T.,.F.)
B_SPLINE_SURFACE_WITH_KNOTS((4,3,3,3,3,3,3,3,3,3,4),(3,2,2,2,3),(0.0425976030160247,
0.0931107631499058,0.220848470217259,0.318242411440102,0.397404010287849,
0.51554248247127,0.611181277052875,0.719278156478573,0.864522756666455,
0.979244524793573,0.999702309729106),(0.,1.5707963267949,3.14159265358979,
4.71238898038469,6.28318530717959),.UNSPECIFIED.)
GEOMETRIC_REPRESENTATION_ITEM()
RATIONAL_B_SPLINE_SURFACE(((1.,0.707106781186548,1.,0.707106781186548,1.,
0.707106781186548,1.,0.707106781186548,1.),(1.,0.707106781186548,1.,0.707106781186548,
1.,0.707106781186548,1.,0.707106781186548,1.),(1.,0.707106781186548,1.,
0.707106781186548,1.,0.707106781186548,1.,0.707106781186548,1.),(1.,0.707106781186548,
1.,0.707106781186548,1.,0.707106781186548,1.,0.707106781186548,1.),(1.,
0.707106781186548,1.,0.707106781186548,1.,0.707106781186548,1.,0.707106781186548,
1.),(1.,0.707106781186548,1.,0.707106781186548,1.,0.707106781186548,1.,
0.707106781186548,1.),(1.,0.707106781186548,1.,0.707106781186548,1.,0.707106781186548,
1.,0.707106781186548,1.),(1.,0.707106781186548,1.,0.707106781186548,1.,
0.707106781186548,1.,0.707106781186548,1.),(1.,0.707106781186548,1.,0.707106781186548,
1.,0.707106781186548,1.,0.707106781186548,1.),(1.,0.707106781186548,1.,
0.707106781186548,1.,0.707106781186548,1.,0.707106781186548,1.),(1.,0.707106781186548,
1.,0.707106781186548,1.,0.707106781186548,1.,0.707106781186548,1.),(1.,
0.707106781186548,1.,0.707106781186548,1.,0.707106781186548,1.,0.707106781186548,
1.),(1.,0.707106781186548,1.,0.707106781186548,1.,0.707106781186548,1.,
0.707106781186548,1.),(1.,0.707106781186548,1.,0.707106781186548,1.,0.707106781186548,
1.,0.707106781186548,1.),(1.,0.707106781186548,1.,0.707106781186548,1.,
0.707106781186548,1.,0.707106781186548,1.),(1.,0.707106781186548,1.,0.707106781186548,
1.,0.707106781186548,1.,0.707106781186548,1.),(1.,0.707106781186548,1.,
0.707106781186548,1.,0.707106781186548,1.,0.707106781186548,1.),(1.,0.707106781186548,
1.,0.707106781186548,1.,0.707106781186548,1.,0.707106781186548,1.),(1.,
0.707106781186548,1.,0.707106781186548,1.,0.707106781186548,1.,0.707106781186548,
1.),(1.,0.707106781186548,1.,0.707106781186548,1.,0.707106781186548,1.,
0.707106781186548,1.),(1.,0.707106781186548,1.,0.707106781186548,1.,0.707106781186548,
1.,0.707106781186548,1.),(1.,0.707106781186548,1.,0.707106781186548,1.,
0.707106781186548,1.,0.707106781186548,1.),(1.,0.707106781186548,1.,0.707106781186548,
1.,0.707106781186548,1.,0.707106781186548,1.),(1.,0.707106781186548,1.,
0.707106781186548,1.,0.707106781186548,1.,0.707106781186548,1.),(1.,0.707106781186548,
1.,0.707106781186548,1.,0.707106781186548,1.,0.707106781186548,1.),(1.,
0.707106781186548,1.,0.707106781186548,1.,0.707106781186548,1.,0.707106781186548,
1.),(1.,0.707106781186548,1.,0.707106781186548,1.,0.707106781186548,1.,
0.707106781186548,1.),(1.,0.707106781186548,1.,0.707106781186548,1.,0.707106781186548,
1.,0.707106781186548,1.),(1.,0.707106781186548,1.,0.707106781186548,1.,
0.707106781186548,1.,0.707106781186548,1.),(1.,0.707106781186548,1.,0.707106781186548,
1.,0.707106781186548,1.,0.707106781186548,1.),(1.,0.707106781186548,1.,
0.707106781186548,1.,0.707106781186548,1.,0.707106781186548,1.)))
REPRESENTATION_ITEM('')
SURFACE()
);
#29=(
BOUNDED_SURFACE()
B_SPLINE_SURFACE(5,2,((#3396,#3397,#3398,#3399,#3400,#3401,#3402,#3403,
#3404),(#3405,#3406,#3407,#3408,#3409,#3410,#3411,#3412,#3413),(#3414,#3415,
#3416,#3417,#3418,#3419,#3420,#3421,#3422),(#3423,#3424,#3425,#3426,#3427,
#3428,#3429,#3430,#3431),(#3432,#3433,#3434,#3435,#3436,#3437,#3438,#3439,
#3440),(#3441,#3442,#3443,#3444,#3445,#3446,#3447,#3448,#3449),(#3450,#3451,
#3452,#3453,#3454,#3455,#3456,#3457,#3458),(#3459,#3460,#3461,#3462,#3463,
#3464,#3465,#3466,#3467),(#3468,#3469,#3470,#3471,#3472,#3473,#3474,#3475,
#3476),(#3477,#3478,#3479,#3480,#3481,#3482,#3483,#3484,#3485),(#3486,#3487,
#3488,#3489,#3490,#3491,#3492,#3493,#3494),(#3495,#3496,#3497,#3498,#3499,
#3500,#3501,#3502,#3503),(#3504,#3505,#3506,#3507,#3508,#3509,#3510,#3511,
#3512),(#3513,#3514,#3515,#3516,#3517,#3518,#3519,#3520,#3521),(#3522,#3523,
#3524,#3525,#3526,#3527,#3528,#3529,#3530),(#3531,#3532,#3533,#3534,#3535,
#3536,#3537,#3538,#3539),(#3540,#3541,#3542,#3543,#3544,#3545,#3546,#3547,
#3548),(#3549,#3550,#3551,#3552,#3553,#3554,#3555,#3556,#3557),(#3558,#3559,
#3560,#3561,#3562,#3563,#3564,#3565,#3566),(#3567,#3568,#3569,#3570,#3571,
#3572,#3573,#3574,#3575),(#3576,#3577,#3578,#3579,#3580,#3581,#3582,#3583,
#3584),(#3585,#3586,#3587,#3588,#3589,#3590,#3591,#3592,#3593),(#3594,#3595,
#3596,#3597,#3598,#3599,#3600,#3601,#3602),(#3603,#3604,#3605,#3606,#3607,
#3608,#3609,#3610,#3611),(#3612,#3613,#3614,#3615,#3616,#3617,#3618,#3619,
#3620)),.UNSPECIFIED.,.F.,.T.,.F.)
B_SPLINE_SURFACE_WITH_KNOTS((6,5,1,1,1,1,1,1,1,1,1,5,6),(3,2,2,2,3),(-1.00006900163407,
-1.,-0.9,-0.8,-0.7,-0.6,-0.5,-0.4,-0.3,-0.2,-0.1,0.,0.217689522594222),
(0.,1.5707963267949,3.14159265358979,4.71238898038469,6.28318530717959),
 .UNSPECIFIED.)
GEOMETRIC_REPRESENTATION_ITEM()
RATIONAL_B_SPLINE_SURFACE(((1.,0.707106781186548,1.,0.707106781186548,1.,
0.707106781186548,1.,0.707106781186548,1.),(1.,0.707106781186548,1.,0.707106781186548,
1.,0.707106781186548,1.,0.707106781186548,1.),(1.,0.707106781186548,1.,
0.707106781186548,1.,0.707106781186548,1.,0.707106781186548,1.),(1.,0.707106781186548,
1.,0.707106781186548,1.,0.707106781186548,1.,0.707106781186548,1.),(1.,
0.707106781186548,1.,0.707106781186548,1.,0.707106781186548,1.,0.707106781186548,
1.),(1.,0.707106781186548,1.,0.707106781186548,1.,0.707106781186548,1.,
0.707106781186548,1.),(1.,0.707106781186548,1.,0.707106781186548,1.,0.707106781186548,
1.,0.707106781186548,1.),(1.,0.707106781186548,1.,0.707106781186548,1.,
0.707106781186548,1.,0.707106781186548,1.),(1.,0.707106781186548,1.,0.707106781186548,
1.,0.707106781186548,1.,0.707106781186548,1.),(1.,0.707106781186548,1.,
0.707106781186548,1.,0.707106781186548,1.,0.707106781186548,1.),(1.,0.707106781186548,
1.,0.707106781186548,1.,0.707106781186548,1.,0.707106781186548,1.),(1.,
0.707106781186548,1.,0.707106781186548,1.,0.707106781186548,1.,0.707106781186548,
1.),(1.,0.707106781186548,1.,0.707106781186548,1.,0.707106781186548,1.,
0.707106781186548,1.),(1.,0.707106781186548,1.,0.707106781186548,1.,0.707106781186548,
1.,0.707106781186548,1.),(1.,0.707106781186548,1.,0.707106781186548,1.,
0.707106781186548,1.,0.707106781186548,1.),(1.,0.707106781186548,1.,0.707106781186548,
1.,0.707106781186548,1.,0.707106781186548,1.),(1.,0.707106781186548,1.,
0.707106781186548,1.,0.707106781186548,1.,0.707106781186548,1.),(1.,0.707106781186548,
1.,0.707106781186548,1.,0.707106781186548,1.,0.707106781186548,1.),(1.,
0.707106781186548,1.,0.707106781186548,1.,0.707106781186548,1.,0.707106781186548,
1.),(1.,0.707106781186548,1.,0.707106781186548,1.,0.707106781186548,1.,
0.707106781186548,1.),(1.,0.707106781186548,1.,0.707106781186548,1.,0.707106781186548,
1.,0.707106781186548,1.),(1.,0.707106781186548,1.,0.707106781186548,1.,
0.707106781186548,1.,0.707106781186548,1.),(1.,0.707106781186548,1.,0.707106781186548,
1.,0.707106781186548,1.,0.707106781186548,1.),(1.,0.707106781186548,1.,
0.707106781186548,1.,0.707106781186548,1.,0.707106781186548,1.),(1.,0.707106781186548,
1.,0.707106781186548,1.,0.707106781186548,1.,0.707106781186548,1.)))
REPRESENTATION_ITEM('')
SURFACE()
);
#30=CYLINDRICAL_SURFACE('',#1469,10.3);
#31=CYLINDRICAL_SURFACE('',#1475,10.3);
#32=CYLINDRICAL_SURFACE('',#1502,8.99999999999999);
#33=CYLINDRICAL_SURFACE('',#1506,8.99999999999999);
#34=CYLINDRICAL_SURFACE('',#1510,1.35);
#35=CYLINDRICAL_SURFACE('',#1514,4.75);
#36=CYLINDRICAL_SURFACE('',#1521,4.75);
#37=CYLINDRICAL_SURFACE('',#1525,1.35);
#38=CYLINDRICAL_SURFACE('',#1538,4.);
#39=CYLINDRICAL_SURFACE('',#1539,4.);
#40=CYLINDRICAL_SURFACE('',#1548,4.75);
#41=CYLINDRICAL_SURFACE('',#1549,4.75);
#42=CYLINDRICAL_SURFACE('',#1554,16.);
#43=CYLINDRICAL_SURFACE('',#1561,16.);
#44=CYLINDRICAL_SURFACE('',#1564,1.60000264389599);
#45=CYLINDRICAL_SURFACE('',#1565,1.60000264389599);
#46=CYLINDRICAL_SURFACE('',#1566,1.600002643896);
#47=CYLINDRICAL_SURFACE('',#1567,10.);
#48=CYLINDRICAL_SURFACE('',#1568,3.);
#49=CYLINDRICAL_SURFACE('',#1571,3.);
#50=CYLINDRICAL_SURFACE('',#1574,3.);
#51=CYLINDRICAL_SURFACE('',#1577,3.);
#52=CYLINDRICAL_SURFACE('',#1580,3.);
#53=FACE_BOUND('',#414,.T.);
#54=FACE_BOUND('',#422,.T.);
#55=FACE_BOUND('',#423,.T.);
#56=FACE_BOUND('',#424,.T.);
#57=FACE_BOUND('',#425,.T.);
#58=FACE_BOUND('',#426,.T.);
#59=FACE_BOUND('',#427,.T.);
#60=FACE_BOUND('',#428,.T.);
#61=FACE_BOUND('',#458,.T.);
#62=FACE_BOUND('',#465,.T.);
#63=FACE_BOUND('',#466,.T.);
#64=FACE_BOUND('',#467,.T.);
#65=FACE_BOUND('',#468,.T.);
#66=FACE_BOUND('',#479,.T.);
#67=FACE_BOUND('',#481,.T.);
#68=FACE_BOUND('',#492,.T.);
#69=FACE_BOUND('',#493,.T.);
#70=FACE_BOUND('',#497,.T.);
#71=FACE_BOUND('',#500,.T.);
#72=FACE_BOUND('',#502,.T.);
#73=FACE_BOUND('',#503,.T.);
#74=FACE_BOUND('',#504,.T.);
#75=LINE('',#2173,#155);
#76=LINE('',#2182,#156);
#77=LINE('',#2184,#157);
#78=LINE('',#2185,#158);
#79=LINE('',#2194,#159);
#80=LINE('',#2196,#160);
#81=LINE('',#2198,#161);
#82=LINE('',#2199,#162);
#83=LINE('',#2204,#163);
#84=LINE('',#2205,#164);
#85=LINE('',#2216,#165);
#86=LINE('',#2220,#166);
#87=LINE('',#2237,#167);
#88=LINE('',#2262,#168);
#89=LINE('',#2265,#169);
#90=LINE('',#2269,#170);
#91=LINE('',#2270,#171);
#92=LINE('',#2279,#172);
#93=LINE('',#2280,#173);
#94=LINE('',#2283,#174);
#95=LINE('',#2287,#175);
#96=LINE('',#2318,#176);
#97=LINE('',#2322,#177);
#98=LINE('',#2333,#178);
#99=LINE('',#2977,#179);
#100=LINE('',#2978,#180);
#101=LINE('',#2980,#181);
#102=LINE('',#2981,#182);
#103=LINE('',#2989,#183);
#104=LINE('',#2991,#184);
#105=LINE('',#2994,#185);
#106=LINE('',#2997,#186);
#107=LINE('',#2999,#187);
#108=LINE('',#3000,#188);
#109=LINE('',#3004,#189);
#110=LINE('',#3006,#190);
#111=LINE('',#3008,#191);
#112=LINE('',#3009,#192);
#113=LINE('',#3013,#193);
#114=LINE('',#3015,#194);
#115=LINE('',#3017,#195);
#116=LINE('',#3018,#196);
#117=LINE('',#3021,#197);
#118=LINE('',#3023,#198);
#119=LINE('',#3024,#199);
#120=LINE('',#3026,#200);
#121=LINE('',#3028,#201);
#122=LINE('',#3037,#202);
#123=LINE('',#3039,#203);
#124=LINE('',#3040,#204);
#125=LINE('',#3043,#205);
#126=LINE('',#3044,#206);
#127=LINE('',#3049,#207);
#128=LINE('',#3053,#208);
#129=LINE('',#3059,#209);
#130=LINE('',#3063,#210);
#131=LINE('',#3069,#211);
#132=LINE('',#3085,#212);
#133=LINE('',#3099,#213);
#134=LINE('',#3115,#214);
#135=LINE('',#3116,#215);
#136=LINE('',#3118,#216);
#137=LINE('',#3151,#217);
#138=LINE('',#4615,#218);
#139=LINE('',#4617,#219);
#140=LINE('',#4619,#220);
#141=LINE('',#4621,#221);
#142=LINE('',#4626,#222);
#143=LINE('',#4632,#223);
#144=LINE('',#4643,#224);
#145=LINE('',#4651,#225);
#146=LINE('',#4652,#226);
#147=LINE('',#4654,#227);
#148=LINE('',#4656,#228);
#149=LINE('',#4657,#229);
#150=LINE('',#4660,#230);
#151=LINE('',#4661,#231);
#152=LINE('',#4664,#232);
#153=LINE('',#4665,#233);
#154=LINE('',#4667,#234);
#155=VECTOR('',#1605,10.);
#156=VECTOR('',#1608,10.);
#157=VECTOR('',#1609,10.);
#158=VECTOR('',#1610,10.);
#159=VECTOR('',#1613,10.);
#160=VECTOR('',#1614,10.);
#161=VECTOR('',#1615,10.);
#162=VECTOR('',#1616,10.);
#163=VECTOR('',#1621,10.);
#164=VECTOR('',#1622,10.);
#165=VECTOR('',#1627,10.);
#166=VECTOR('',#1630,10.);
#167=VECTOR('',#1631,9.);
#168=VECTOR('',#1634,10.);
#169=VECTOR('',#1637,10.);
#170=VECTOR('',#1640,10.);
#171=VECTOR('',#1641,10.);
#172=VECTOR('',#1642,10.);
#173=VECTOR('',#1643,10.);
#174=VECTOR('',#1646,10.);
#175=VECTOR('',#1649,10.);
#176=VECTOR('',#1650,10.);
#177=VECTOR('',#1653,10.);
#178=VECTOR('',#1654,9.);
#179=VECTOR('',#1665,10.);
#180=VECTOR('',#1666,10.);
#181=VECTOR('',#1669,10.);
#182=VECTOR('',#1670,10.);
#183=VECTOR('',#1679,10.);
#184=VECTOR('',#1680,10.);
#185=VECTOR('',#1683,10.);
#186=VECTOR('',#1686,10.);
#187=VECTOR('',#1687,10.);
#188=VECTOR('',#1688,10.);
#189=VECTOR('',#1691,10.);
#190=VECTOR('',#1692,10.);
#191=VECTOR('',#1693,10.);
#192=VECTOR('',#1694,10.);
#193=VECTOR('',#1697,10.);
#194=VECTOR('',#1698,10.);
#195=VECTOR('',#1699,10.);
#196=VECTOR('',#1700,10.);
#197=VECTOR('',#1703,10.);
#198=VECTOR('',#1704,10.);
#199=VECTOR('',#1705,10.);
#200=VECTOR('',#1708,10.);
#201=VECTOR('',#1711,10.);
#202=VECTOR('',#1724,10.);
#203=VECTOR('',#1725,10.);
#204=VECTOR('',#1726,10.);
#205=VECTOR('',#1729,10.);
#206=VECTOR('',#1730,10.);
#207=VECTOR('',#1735,10.);
#208=VECTOR('',#1738,10.);
#209=VECTOR('',#1745,10.);
#210=VECTOR('',#1748,10.);
#211=VECTOR('',#1755,1.35);
#212=VECTOR('',#1784,1.35);
#213=VECTOR('',#1805,10.);
#214=VECTOR('',#1810,10.);
#215=VECTOR('',#1811,10.);
#216=VECTOR('',#1814,10.);
#217=VECTOR('',#1815,10.);
#218=VECTOR('',#1868,1.60000264389599);
#219=VECTOR('',#1871,1.60000264389599);
#220=VECTOR('',#1874,1.600002643896);
#221=VECTOR('',#1877,10.);
#222=VECTOR('',#1882,3.);
#223=VECTOR('',#1889,3.);
#224=VECTOR('',#1902,3.);
#225=VECTOR('',#1913,10.);
#226=VECTOR('',#1914,10.);
#227=VECTOR('',#1915,10.);
#228=VECTOR('',#1916,10.);
#229=VECTOR('',#1917,10.);
#230=VECTOR('',#1920,10.);
#231=VECTOR('',#1921,10.);
#232=VECTOR('',#1924,10.);
#233=VECTOR('',#1925,10.);
#234=VECTOR('',#1928,10.);
#235=CIRCLE('',#1462,48.3674132789908);
#236=CIRCLE('',#1463,4.);
#237=CIRCLE('',#1464,4.);
#238=CIRCLE('',#1468,10.3);
#239=CIRCLE('',#1470,10.3);
#240=CIRCLE('',#1471,10.3);
#241=CIRCLE('',#1472,10.3);
#242=CIRCLE('',#1473,10.3);
#243=CIRCLE('',#1476,10.3);
#244=CIRCLE('',#1477,10.3);
#245=CIRCLE('',#1478,10.3);
#246=CIRCLE('',#1479,82.9995404253589);
#247=CIRCLE('',#1480,18.945383419947);
#248=CIRCLE('',#1481,54.9872348253269);
#249=CIRCLE('',#1487,1.35);
#250=CIRCLE('',#1488,8.99999999999999);
#251=CIRCLE('',#1496,1.35);
#252=CIRCLE('',#1497,8.99999999999999);
#253=CIRCLE('',#1498,1.35);
#254=CIRCLE('',#1503,8.99999999999999);
#255=CIRCLE('',#1504,8.99999999999999);
#256=CIRCLE('',#1505,8.99999999999999);
#257=CIRCLE('',#1507,8.99999999999999);
#258=CIRCLE('',#1508,8.99999999999999);
#259=CIRCLE('',#1509,8.99999999999999);
#260=CIRCLE('',#1511,1.35);
#261=CIRCLE('',#1512,1.35);
#262=CIRCLE('',#1513,1.35);
#263=CIRCLE('',#1515,4.75);
#264=CIRCLE('',#1516,4.75);
#265=CIRCLE('',#1518,4.75);
#266=CIRCLE('',#1519,4.75);
#267=CIRCLE('',#1520,1.35);
#268=CIRCLE('',#1522,4.75);
#269=CIRCLE('',#1526,1.35);
#270=CIRCLE('',#1529,4.75);
#271=CIRCLE('',#1531,4.75);
#272=CIRCLE('',#1533,4.75);
#273=CIRCLE('',#1535,4.);
#274=CIRCLE('',#1536,4.);
#275=CIRCLE('',#1540,40.);
#276=CIRCLE('',#1541,40.);
#277=CIRCLE('',#1542,17.5);
#278=CIRCLE('',#1543,85.);
#279=CIRCLE('',#1544,17.5);
#280=CIRCLE('',#1545,20.6800208813198);
#281=CIRCLE('',#1546,17.5);
#282=CIRCLE('',#1547,17.5);
#283=CIRCLE('',#1551,13.);
#284=CIRCLE('',#1552,3.);
#285=CIRCLE('',#1553,16.);
#286=CIRCLE('',#1555,40.);
#287=CIRCLE('',#1556,40.);
#288=CIRCLE('',#1558,13.);
#289=CIRCLE('',#1559,3.);
#290=CIRCLE('',#1560,16.);
#291=CIRCLE('',#1569,3.);
#292=CIRCLE('',#1570,3.);
#293=CIRCLE('',#1572,3.);
#294=CIRCLE('',#1573,3.);
#295=CIRCLE('',#1576,3.);
#296=CIRCLE('',#1578,3.);
#297=CIRCLE('',#1579,3.);
#298=CIRCLE('',#1582,3.);
#299=PLANE('',#1461);
#300=PLANE('',#1465);
#301=PLANE('',#1466);
#302=PLANE('',#1467);
#303=PLANE('',#1474);
#304=PLANE('',#1482);
#305=PLANE('',#1483);
#306=PLANE('',#1484);
#307=PLANE('',#1485);
#308=PLANE('',#1486);
#309=PLANE('',#1489);
#310=PLANE('',#1490);
#311=PLANE('',#1491);
#312=PLANE('',#1492);
#313=PLANE('',#1493);
#314=PLANE('',#1494);
#315=PLANE('',#1495);
#316=PLANE('',#1499);
#317=PLANE('',#1500);
#318=PLANE('',#1501);
#319=PLANE('',#1517);
#320=PLANE('',#1523);
#321=PLANE('',#1524);
#322=PLANE('',#1527);
#323=PLANE('',#1528);
#324=PLANE('',#1530);
#325=PLANE('',#1532);
#326=PLANE('',#1534);
#327=PLANE('',#1537);
#328=PLANE('',#1562);
#329=PLANE('',#1563);
#330=PLANE('',#1583);
#331=PLANE('',#1584);
#332=PLANE('',#1585);
#333=PLANE('',#1586);
#334=PLANE('',#1587);
#335=PLANE('',#1588);
#336=PLANE('',#1589);
#337=FACE_OUTER_BOUND('',#410,.T.);
#338=FACE_OUTER_BOUND('',#411,.T.);
#339=FACE_OUTER_BOUND('',#412,.T.);
#340=FACE_OUTER_BOUND('',#413,.T.);
#341=FACE_OUTER_BOUND('',#415,.T.);
#342=FACE_OUTER_BOUND('',#416,.T.);
#343=FACE_OUTER_BOUND('',#417,.T.);
#344=FACE_OUTER_BOUND('',#418,.T.);
#345=FACE_OUTER_BOUND('',#419,.T.);
#346=FACE_OUTER_BOUND('',#420,.T.);
#347=FACE_OUTER_BOUND('',#421,.T.);
#348=FACE_OUTER_BOUND('',#429,.T.);
#349=FACE_OUTER_BOUND('',#430,.T.);
#350=FACE_OUTER_BOUND('',#431,.T.);
#351=FACE_OUTER_BOUND('',#432,.T.);
#352=FACE_OUTER_BOUND('',#433,.T.);
#353=FACE_OUTER_BOUND('',#434,.T.);
#354=FACE_OUTER_BOUND('',#435,.T.);
#355=FACE_OUTER_BOUND('',#436,.T.);
#356=FACE_OUTER_BOUND('',#437,.T.);
#357=FACE_OUTER_BOUND('',#438,.T.);
#358=FACE_OUTER_BOUND('',#439,.T.);
#359=FACE_OUTER_BOUND('',#440,.T.);
#360=FACE_OUTER_BOUND('',#441,.T.);
#361=FACE_OUTER_BOUND('',#442,.T.);
#362=FACE_OUTER_BOUND('',#443,.T.);
#363=FACE_OUTER_BOUND('',#444,.T.);
#364=FACE_OUTER_BOUND('',#445,.T.);
#365=FACE_OUTER_BOUND('',#446,.T.);
#366=FACE_OUTER_BOUND('',#447,.T.);
#367=FACE_OUTER_BOUND('',#448,.T.);
#368=FACE_OUTER_BOUND('',#449,.T.);
#369=FACE_OUTER_BOUND('',#450,.T.);
#370=FACE_OUTER_BOUND('',#451,.T.);
#371=FACE_OUTER_BOUND('',#452,.T.);
#372=FACE_OUTER_BOUND('',#453,.T.);
#373=FACE_OUTER_BOUND('',#454,.T.);
#374=FACE_OUTER_BOUND('',#455,.T.);
#375=FACE_OUTER_BOUND('',#456,.T.);
#376=FACE_OUTER_BOUND('',#457,.T.);
#377=FACE_OUTER_BOUND('',#459,.T.);
#378=FACE_OUTER_BOUND('',#460,.T.);
#379=FACE_OUTER_BOUND('',#461,.T.);
#380=FACE_OUTER_BOUND('',#462,.T.);
#381=FACE_OUTER_BOUND('',#463,.T.);
#382=FACE_OUTER_BOUND('',#464,.T.);
#383=FACE_OUTER_BOUND('',#469,.T.);
#384=FACE_OUTER_BOUND('',#470,.T.);
#385=FACE_OUTER_BOUND('',#471,.T.);
#386=FACE_OUTER_BOUND('',#472,.T.);
#387=FACE_OUTER_BOUND('',#473,.T.);
#388=FACE_OUTER_BOUND('',#474,.T.);
#389=FACE_OUTER_BOUND('',#475,.T.);
#390=FACE_OUTER_BOUND('',#476,.T.);
#391=FACE_OUTER_BOUND('',#477,.T.);
#392=FACE_OUTER_BOUND('',#478,.T.);
#393=FACE_OUTER_BOUND('',#480,.T.);
#394=FACE_OUTER_BOUND('',#482,.T.);
#395=FACE_OUTER_BOUND('',#483,.T.);
#396=FACE_OUTER_BOUND('',#484,.T.);
#397=FACE_OUTER_BOUND('',#485,.T.);
#398=FACE_OUTER_BOUND('',#486,.T.);
#399=FACE_OUTER_BOUND('',#487,.T.);
#400=FACE_OUTER_BOUND('',#488,.T.);
#401=FACE_OUTER_BOUND('',#489,.T.);
#402=FACE_OUTER_BOUND('',#490,.T.);
#403=FACE_OUTER_BOUND('',#491,.T.);
#404=FACE_OUTER_BOUND('',#494,.T.);
#405=FACE_OUTER_BOUND('',#495,.T.);
#406=FACE_OUTER_BOUND('',#496,.T.);
#407=FACE_OUTER_BOUND('',#498,.T.);
#408=FACE_OUTER_BOUND('',#499,.T.);
#409=FACE_OUTER_BOUND('',#501,.T.);
#410=EDGE_LOOP('',(#928,#929,#930,#931));
#411=EDGE_LOOP('',(#932,#933,#934,#935));
#412=EDGE_LOOP('',(#936,#937,#938,#939));
#413=EDGE_LOOP('',(#940,#941,#942,#943));
#414=EDGE_LOOP('',(#944,#945,#946,#947));
#415=EDGE_LOOP('',(#948,#949,#950,#951));
#416=EDGE_LOOP('',(#952,#953,#954,#955,#956));
#417=EDGE_LOOP('',(#957,#958,#959,#960));
#418=EDGE_LOOP('',(#961,#962,#963,#964,#965,#966,#967,#968,#969,#970,#971,
#972,#973));
#419=EDGE_LOOP('',(#974,#975,#976,#977,#978,#979,#980));
#420=EDGE_LOOP('',(#981,#982,#983,#984,#985,#986,#987,#988,#989,#990,#991,
#992,#993,#994));
#421=EDGE_LOOP('',(#995,#996,#997,#998));
#422=EDGE_LOOP('',(#999,#1000,#1001,#1002));
#423=EDGE_LOOP('',(#1003,#1004,#1005,#1006,#1007,#1008,#1009,#1010,#1011,
#1012));
#424=EDGE_LOOP('',(#1013,#1014));
#425=EDGE_LOOP('',(#1015,#1016));
#426=EDGE_LOOP('',(#1017,#1018));
#427=EDGE_LOOP('',(#1019,#1020));
#428=EDGE_LOOP('',(#1021,#1022,#1023,#1024,#1025,#1026,#1027,#1028,#1029));
#429=EDGE_LOOP('',(#1030,#1031,#1032,#1033));
#430=EDGE_LOOP('',(#1034,#1035,#1036,#1037,#1038,#1039,#1040));
#431=EDGE_LOOP('',(#1041,#1042,#1043));
#432=EDGE_LOOP('',(#1044,#1045,#1046));
#433=EDGE_LOOP('',(#1047,#1048,#1049,#1050,#1051));
#434=EDGE_LOOP('',(#1052,#1053,#1054,#1055));
#435=EDGE_LOOP('',(#1056,#1057,#1058,#1059));
#436=EDGE_LOOP('',(#1060,#1061,#1062,#1063));
#437=EDGE_LOOP('',(#1064,#1065,#1066,#1067));
#438=EDGE_LOOP('',(#1068,#1069,#1070));
#439=EDGE_LOOP('',(#1071,#1072,#1073,#1074,#1075));
#440=EDGE_LOOP('',(#1076,#1077,#1078,#1079,#1080,#1081));
#441=EDGE_LOOP('',(#1082,#1083,#1084));
#442=EDGE_LOOP('',(#1085,#1086,#1087,#1088));
#443=EDGE_LOOP('',(#1089,#1090,#1091,#1092));
#444=EDGE_LOOP('',(#1093,#1094,#1095,#1096,#1097,#1098,#1099,#1100));
#445=EDGE_LOOP('',(#1101,#1102,#1103,#1104,#1105,#1106,#1107,#1108));
#446=EDGE_LOOP('',(#1109,#1110,#1111,#1112,#1113,#1114,#1115,#1116));
#447=EDGE_LOOP('',(#1117,#1118,#1119,#1120,#1121));
#448=EDGE_LOOP('',(#1122,#1123,#1124,#1125,#1126,#1127,#1128,#1129,#1130));
#449=EDGE_LOOP('',(#1131,#1132,#1133,#1134,#1135));
#450=EDGE_LOOP('',(#1136,#1137,#1138,#1139));
#451=EDGE_LOOP('',(#1140));
#452=EDGE_LOOP('',(#1141,#1142,#1143,#1144,#1145,#1146,#1147,#1148));
#453=EDGE_LOOP('',(#1149));
#454=EDGE_LOOP('',(#1150,#1151,#1152,#1153,#1154,#1155,#1156,#1157,#1158,
#1159));
#455=EDGE_LOOP('',(#1160,#1161,#1162,#1163));
#456=EDGE_LOOP('',(#1164,#1165,#1166,#1167));
#457=EDGE_LOOP('',(#1168,#1169,#1170,#1171));
#458=EDGE_LOOP('',(#1172,#1173,#1174,#1175));
#459=EDGE_LOOP('',(#1176,#1177,#1178,#1179));
#460=EDGE_LOOP('',(#1180,#1181,#1182,#1183));
#461=EDGE_LOOP('',(#1184,#1185,#1186,#1187));
#462=EDGE_LOOP('',(#1188,#1189,#1190,#1191));
#463=EDGE_LOOP('',(#1192,#1193,#1194,#1195,#1196,#1197,#1198));
#464=EDGE_LOOP('',(#1199,#1200,#1201,#1202,#1203,#1204,#1205,#1206,#1207,
#1208,#1209,#1210,#1211,#1212,#1213,#1214,#1215,#1216,#1217));
#465=EDGE_LOOP('',(#1218,#1219));
#466=EDGE_LOOP('',(#1220,#1221));
#467=EDGE_LOOP('',(#1222,#1223));
#468=EDGE_LOOP('',(#1224,#1225));
#469=EDGE_LOOP('',(#1226,#1227,#1228,#1229,#1230));
#470=EDGE_LOOP('',(#1231,#1232,#1233,#1234,#1235));
#471=EDGE_LOOP('',(#1236,#1237,#1238,#1239));
#472=EDGE_LOOP('',(#1240,#1241,#1242,#1243,#1244,#1245));
#473=EDGE_LOOP('',(#1246,#1247));
#474=EDGE_LOOP('',(#1248,#1249,#1250,#1251));
#475=EDGE_LOOP('',(#1252,#1253,#1254,#1255,#1256,#1257,#1258,#1259));
#476=EDGE_LOOP('',(#1260,#1261,#1262,#1263,#1264,#1265));
#477=EDGE_LOOP('',(#1266,#1267));
#478=EDGE_LOOP('',(#1268));
#479=EDGE_LOOP('',(#1269));
#480=EDGE_LOOP('',(#1270));
#481=EDGE_LOOP('',(#1271));
#482=EDGE_LOOP('',(#1272,#1273,#1274,#1275,#1276,#1277));
#483=EDGE_LOOP('',(#1278,#1279,#1280,#1281,#1282,#1283));
#484=EDGE_LOOP('',(#1284,#1285,#1286,#1287,#1288,#1289));
#485=EDGE_LOOP('',(#1290,#1291,#1292,#1293,#1294,#1295));
#486=EDGE_LOOP('',(#1296,#1297,#1298,#1299));
#487=EDGE_LOOP('',(#1300,#1301,#1302,#1303));
#488=EDGE_LOOP('',(#1304,#1305));
#489=EDGE_LOOP('',(#1306,#1307,#1308,#1309));
#490=EDGE_LOOP('',(#1310,#1311));
#491=EDGE_LOOP('',(#1312,#1313,#1314,#1315,#1316,#1317,#1318,#1319,#1320,
#1321,#1322,#1323,#1324));
#492=EDGE_LOOP('',(#1325));
#493=EDGE_LOOP('',(#1326));
#494=EDGE_LOOP('',(#1327,#1328,#1329,#1330,#1331,#1332));
#495=EDGE_LOOP('',(#1333,#1334,#1335,#1336));
#496=EDGE_LOOP('',(#1337,#1338,#1339,#1340));
#497=EDGE_LOOP('',(#1341));
#498=EDGE_LOOP('',(#1342,#1343,#1344,#1345,#1346,#1347));
#499=EDGE_LOOP('',(#1348));
#500=EDGE_LOOP('',(#1349));
#501=EDGE_LOOP('',(#1350));
#502=EDGE_LOOP('',(#1351));
#503=EDGE_LOOP('',(#1352));
#504=EDGE_LOOP('',(#1353));
#505=B_SPLINE_CURVE_WITH_KNOTS('',3,(#1969,#1970,#1971,#1972,#1973,#1974,
#1975,#1976,#1977,#1978,#1979,#1980),.UNSPECIFIED.,.F.,.F.,(4,2,2,2,2,4),
(0.,0.232102483452762,0.463419638737129,0.72477142155079,1.01375381653101,
1.30253436787988),.UNSPECIFIED.);
#506=B_SPLINE_CURVE_WITH_KNOTS('',3,(#1982,#1983,#1984,#1985),
 .UNSPECIFIED.,.F.,.F.,(4,4),(-4.75272903448025E-5,1.20444722583841),
 .UNSPECIFIED.);
#507=B_SPLINE_CURVE_WITH_KNOTS('',3,(#1987,#1988,#1989,#1990,#1991,#1992,
#1993,#1994,#1995,#1996),.UNSPECIFIED.,.F.,.F.,(4,2,2,2,4),(0.,0.400173750827671,
0.718194011317546,0.931766293510013,1.14219307151937),.UNSPECIFIED.);
#508=B_SPLINE_CURVE_WITH_KNOTS('',3,(#1997,#1998,#1999,#2000),
 .UNSPECIFIED.,.F.,.F.,(4,4),(-0.734297030328302,0.460777978624559),
 .UNSPECIFIED.);
#509=B_SPLINE_CURVE_WITH_KNOTS('',3,(#2064,#2065,#2066,#2067,#2068,#2069,
#2070,#2071,#2072,#2073,#2074,#2075,#2076,#2077,#2078,#2079,#2080,#2081,
#2082),.UNSPECIFIED.,.F.,.F.,(4,3,3,3,3,3,4),(0.118114715839742,0.131139240349056,
0.333824250240153,0.471521781818023,0.617846323575625,0.799825527565548,
0.881913839433518),.UNSPECIFIED.);
#510=B_SPLINE_CURVE_WITH_KNOTS('',3,(#2084,#2085,#2086,#2087),
 .UNSPECIFIED.,.F.,.F.,(4,4),(7.87256036165441E-14,1.20449256984532),
 .UNSPECIFIED.);
#511=B_SPLINE_CURVE_WITH_KNOTS('',3,(#2088,#2089,#2090,#2091,#2092,#2093,
#2094,#2095,#2096,#2097,#2098,#2099,#2100),.UNSPECIFIED.,.F.,.F.,(4,3,3,
3,4),(1.52503499634652,2.01625711837483,2.58212266791293,3.18344076188146,
3.8734470013476),.UNSPECIFIED.);
#512=B_SPLINE_CURVE_WITH_KNOTS('',3,(#2126,#2127,#2128,#2129,#2130,#2131,
#2132,#2133,#2134,#2135),.UNSPECIFIED.,.F.,.F.,(4,2,2,2,4),(0.,0.228471257696101,
0.473732575460335,0.765563017997507,1.13459393723191),.UNSPECIFIED.);
#513=B_SPLINE_CURVE_WITH_KNOTS('',3,(#2137,#2138,#2139,#2140,#2141,#2142,
#2143,#2144,#2145,#2146,#2147,#2148),.UNSPECIFIED.,.F.,.F.,(4,2,2,2,2,4),
(0.,0.397099237263134,0.719918313038178,0.981594515359032,1.14579110402923,
1.31037311670797),.UNSPECIFIED.);
#514=B_SPLINE_CURVE_WITH_KNOTS('',3,(#2149,#2150,#2151,#2152),
 .UNSPECIFIED.,.F.,.F.,(4,4),(-1.66521641905271,-0.470148666963629),
 .UNSPECIFIED.);
#515=B_SPLINE_CURVE_WITH_KNOTS('',3,(#2159,#2160,#2161,#2162,#2163,#2164,
#2165,#2166,#2167,#2168,#2169,#2170),.UNSPECIFIED.,.F.,.F.,(4,2,2,2,2,4),
(0.235110388252226,0.328072390625647,0.454668759388277,0.598330720003888,
0.748515653689219,0.764467639935635),.UNSPECIFIED.);
#516=B_SPLINE_CURVE_WITH_KNOTS('',3,(#2177,#2178,#2179,#2180),
 .UNSPECIFIED.,.F.,.F.,(4,4),(-1.67129837339334,-0.830709489473277),
 .UNSPECIFIED.);
#517=B_SPLINE_CURVE_WITH_KNOTS('',3,(#2189,#2190,#2191,#2192),
 .UNSPECIFIED.,.F.,.F.,(4,4),(-1.83400067993623,-1.58549271447094),
 .UNSPECIFIED.);
#518=B_SPLINE_CURVE_WITH_KNOTS('',3,(#2211,#2212,#2213,#2214),
 .UNSPECIFIED.,.F.,.F.,(4,4),(-2.85123555005763,-2.60065488634099),
 .UNSPECIFIED.);
#519=B_SPLINE_CURVE_WITH_KNOTS('',3,(#2222,#2223,#2224,#2225,#2226,#2227,
#2228,#2229,#2230,#2231,#2232,#2233,#2234,#2235),.UNSPECIFIED.,.F.,.F.,
(4,2,2,2,2,2,4),(1.94549613908099,2.22531698125566,2.57581433203971,2.95977795322021,
3.41431484847352,3.96249159593458,3.9823770922565),.UNSPECIFIED.);
#520=B_SPLINE_CURVE_WITH_KNOTS('',3,(#2240,#2241,#2242,#2243,#2244,#2245,
#2246,#2247,#2248,#2249,#2250,#2251,#2252,#2253,#2254,#2255,#2256,#2257,
#2258,#2259,#2260),.UNSPECIFIED.,.F.,.F.,(4,2,3,2,2,2,2,2,2,4),(-1.02667199364651,
-0.845670138975482,0.,0.215588999150898,0.635706780516597,0.929097667116674,
1.20624341728161,1.52945764340214,1.88403671828443,1.94549613908099),
 .UNSPECIFIED.);
#521=B_SPLINE_CURVE_WITH_KNOTS('',3,(#2272,#2273,#2274,#2275,#2276,#2277,
#2278),.UNSPECIFIED.,.F.,.F.,(4,3,4),(-11.4364854593802,-11.304128147479,
-10.9817814044033),.UNSPECIFIED.);
#522=B_SPLINE_CURVE_WITH_KNOTS('',3,(#2289,#2290,#2291,#2292,#2293,#2294,
#2295,#2296,#2297,#2298,#2299,#2300,#2301,#2302,#2303,#2304,#2305,#2306,
#2307,#2308,#2309,#2310,#2311,#2312,#2313,#2314,#2315,#2316),
 .UNSPECIFIED.,.F.,.F.,(4,2,2,2,2,2,2,2,2,2,2,2,2,4),(-4.49519569543145,
-4.30557024442279,-3.88186913751309,-3.51123725227957,-3.17687263615563,
-2.86512212209461,-2.56315097053676,-2.23958769015144,-1.99081596432719,
-1.75458952972444,-1.44759600545098,-0.92658573294258,-0.349874235289544,
-0.137778571509435),.UNSPECIFIED.);
#523=B_SPLINE_CURVE_WITH_KNOTS('',3,(#2324,#2325,#2326,#2327,#2328,#2329,
#2330,#2331),.UNSPECIFIED.,.F.,.F.,(4,2,2,4),(-5.91139528557912,-5.87966575089327,
-5.41312429021555,-5.33276885334072),.UNSPECIFIED.);
#524=B_SPLINE_CURVE_WITH_KNOTS('',3,(#2335,#2336,#2337,#2338,#2339,#2340),
 .UNSPECIFIED.,.F.,.F.,(4,2,4),(-6.32277324297094,-6.18999287559601,-5.91139528557912),
 .UNSPECIFIED.);
#525=B_SPLINE_CURVE_WITH_KNOTS('',3,(#2657,#2658,#2659,#2660,#2661,#2662,
#2663,#2664,#2665,#2666,#2667,#2668,#2669,#2670,#2671,#2672,#2673,#2674),
 .UNSPECIFIED.,.F.,.F.,(4,2,2,2,2,2,2,2,4),(-2.75356442574507,-2.63570203760641,
-2.46668501408915,-2.25978282074458,-1.99632390770088,-1.68909158453355,
-1.4019770766492,-1.1586346642013,-1.12598474380189),.UNSPECIFIED.);
#526=B_SPLINE_CURVE_WITH_KNOTS('',3,(#2676,#2677,#2678,#2679),
 .UNSPECIFIED.,.F.,.F.,(4,4),(-9.97233862792026,-9.60304373433373),
 .UNSPECIFIED.);
#527=B_SPLINE_CURVE_WITH_KNOTS('',3,(#2680,#2681,#2682,#2683),
 .UNSPECIFIED.,.F.,.F.,(4,4),(-0.31077255028702,-0.0867273118472942),
 .UNSPECIFIED.);
#528=B_SPLINE_CURVE_WITH_KNOTS('',3,(#2684,#2685,#2686,#2687,#2688,#2689,
#2690),.UNSPECIFIED.,.F.,.F.,(4,3,4),(-0.818655468967006,-0.760975342840738,
-0.665919807601377),.UNSPECIFIED.);
#529=B_SPLINE_CURVE_WITH_KNOTS('',3,(#2691,#2692,#2693,#2694,#2695,#2696,
#2697),.UNSPECIFIED.,.F.,.F.,(4,3,4),(-2.73296528367659,-2.65486362160682,
-2.31268570087244),.UNSPECIFIED.);
#530=B_SPLINE_CURVE_WITH_KNOTS('',3,(#2700,#2701,#2702,#2703),
 .UNSPECIFIED.,.F.,.F.,(4,4),(-3.16571119474573,-3.06890840873603),
 .UNSPECIFIED.);
#531=B_SPLINE_CURVE_WITH_KNOTS('',3,(#2704,#2705,#2706,#2707,#2708,#2709,
#2710,#2711,#2712,#2713,#2714,#2715,#2716,#2717,#2718,#2719,#2720,#2721,
#2722,#2723,#2724,#2725,#2726,#2727,#2728,#2729,#2730,#2731,#2732,#2733,
#2734,#2735,#2736,#2737,#2738,#2739,#2740,#2741,#2742,#2743,#2744,#2745,
#2746,#2747,#2748,#2749,#2750,#2751,#2752,#2753,#2754,#2755,#2756),
 .UNSPECIFIED.,.F.,.F.,(4,2,2,2,2,2,2,2,2,2,2,2,3,2,2,2,2,2,2,2,2,2,2,2,
2,4),(-3.06890840873603,-2.77504407233958,-2.41521587992753,-2.08641149216758,
-1.84676415660421,-1.65009244251401,-1.54092612747762,-1.45212417368089,
-1.35086031914205,-1.18622752927907,-0.792684106066968,-0.403516335359325,
0.,0.294444741160798,0.615225787441823,0.952698805261802,1.24375578966095,
1.47964491193554,1.60500620353451,1.70439780111308,1.81292674611201,1.98078022273662,
2.37560959879658,2.76204905439925,3.16431287783408,3.16465074489497),
 .UNSPECIFIED.);
#532=B_SPLINE_CURVE_WITH_KNOTS('',3,(#2759,#2760,#2761,#2762,#2763,#2764,
#2765,#2766,#2767,#2768,#2769,#2770,#2771,#2772,#2773,#2774,#2775,#2776,
#2777,#2778,#2779,#2780,#2781,#2782,#2783,#2784),.UNSPECIFIED.,.F.,.F.,
(4,2,2,2,2,2,2,2,2,2,2,2,4),(0.50415401132999,0.519830075514806,0.543671005487182,
0.591146436822456,0.643556689178994,0.700017110800066,0.760431238951644,
0.824087977465966,0.886569331638203,0.949183641907399,0.981336208681144,
1.00181825481084,1.00822597665839),.UNSPECIFIED.);
#533=B_SPLINE_CURVE_WITH_KNOTS('',3,(#2785,#2786,#2787,#2788,#2789,#2790,
#2791,#2792,#2793,#2794,#2795,#2796,#2797,#2798,#2799,#2800,#2801,#2802,
#2803,#2804,#2805,#2806,#2807,#2808,#2809,#2810,#2811,#2812,#2813),
 .UNSPECIFIED.,.F.,.F.,(4,3,2,2,2,2,2,2,2,2,2,2,2,4),(1.00822597665839,
1.00829330761939,1.02734049789123,1.05361141140643,1.10880830469871,1.16221383622231,
1.21945004515465,1.28052005052058,1.34405350673033,1.40595191139691,1.46395881816835,
1.49126084268002,1.51006791654269,1.51244731894938),.UNSPECIFIED.);
#534=B_SPLINE_CURVE_WITH_KNOTS('',3,(#2816,#2817,#2818,#2819,#2820,#2821,
#2822,#2823,#2824,#2825,#2826,#2827,#2828,#2829,#2830,#2831,#2832,#2833,
#2834,#2835,#2836,#2837,#2838,#2839,#2840,#2841),.UNSPECIFIED.,.F.,.F.,
(4,2,2,2,2,2,2,2,2,2,2,2,4),(0.478454376384224,0.487054749540147,0.511117945129287,
0.568938333991329,0.622065901360022,0.679384996232318,0.740791351188999,
0.804298635135887,0.865924195538038,0.925971699656238,0.952150536829895,
0.969434823421849,0.972877583154129),.UNSPECIFIED.);
#535=B_SPLINE_CURVE_WITH_KNOTS('',3,(#2842,#2843,#2844,#2845,#2846,#2847,
#2848,#2849,#2850,#2851,#2852,#2853,#2854,#2855,#2856,#2857,#2858,#2859,
#2860,#2861,#2862,#2863,#2864,#2865,#2866,#2867,#2868,#2869,#2870,#2871,
#2872),.UNSPECIFIED.,.F.,.F.,(4,2,2,3,2,2,2,2,2,2,2,2,2,2,4),(0.972877583154129,
0.985558342081242,1.00633375749669,1.0082672984227,1.05156454513328,1.10271038368704,
1.1580581797178,1.21730724553984,1.28074961890211,1.3436107566995,1.402202199831,
1.44268872827249,1.46324819159132,1.47894781793203,1.48672167480692),
 .UNSPECIFIED.);
#536=B_SPLINE_CURVE_WITH_KNOTS('',3,(#2875,#2876,#2877,#2878,#2879,#2880,
#2881,#2882,#2883,#2884,#2885,#2886,#2887,#2888,#2889,#2890,#2891,#2892,
#2893,#2894,#2895,#2896,#2897,#2898,#2899,#2900,#2901,#2902,#2903,#2904,
#2905),.UNSPECIFIED.,.F.,.F.,(4,2,2,2,2,2,2,2,2,2,2,2,3,2,4),(0.530498894381829,
0.536628994679475,0.552140362319236,0.57191531230336,0.60999697346885,0.6359543928807,
0.688663847839108,0.745602259649495,0.806611925844558,0.870182571146094,
0.93211943700297,0.995838993206552,1.00827958098133,1.02984568718541,1.04462009715591),
 .UNSPECIFIED.);
#537=B_SPLINE_CURVE_WITH_KNOTS('',3,(#2906,#2907,#2908,#2909,#2910,#2911,
#2912,#2913,#2914,#2915,#2916,#2917,#2918,#2919,#2920,#2921,#2922,#2923,
#2924,#2925,#2926,#2927,#2928,#2929,#2930,#2931),.UNSPECIFIED.,.F.,.F.,
(4,2,2,2,2,2,2,2,2,2,2,2,4),(1.04462009715591,1.04617509585379,1.06303018078166,
1.0874074117567,1.14392974357303,1.19686595109824,1.25384139974829,1.31473517773775,
1.37828135194202,1.44011993354774,1.50206984091618,1.52807141763388,1.53877847536315),
 .UNSPECIFIED.);
#538=B_SPLINE_CURVE_WITH_KNOTS('',3,(#2933,#2934,#2935,#2936),
 .UNSPECIFIED.,.F.,.F.,(4,4),(-3.65469725991225,-3.43354910447832),
 .UNSPECIFIED.);
#539=B_SPLINE_CURVE_WITH_KNOTS('',3,(#2938,#2939,#2940,#2941),
 .UNSPECIFIED.,.F.,.F.,(4,4),(-3.7875167649701,-3.43474401155796),
 .UNSPECIFIED.);
#540=B_SPLINE_CURVE_WITH_KNOTS('',3,(#2942,#2943,#2944,#2945,#2946,#2947,
#2948,#2949,#2950,#2951,#2952,#2953,#2954,#2955,#2956,#2957,#2958,#2959),
 .UNSPECIFIED.,.F.,.F.,(4,2,2,2,2,2,2,2,4),(-2.58128124897877,-2.55487532744749,
-2.29411980809334,-2.01153534535731,-1.73907824703591,-1.53106794239098,
-1.36779927811079,-1.22704340525465,-1.10819534770026),.UNSPECIFIED.);
#541=B_SPLINE_CURVE_WITH_KNOTS('',3,(#2961,#2962,#2963,#2964,#2965,#2966,
#2967),.UNSPECIFIED.,.F.,.F.,(4,3,4),(-0.964173380644451,-0.667977731539086,
-0.546685617168772),.UNSPECIFIED.);
#542=B_SPLINE_CURVE_WITH_KNOTS('',3,(#2968,#2969,#2970,#2971,#2972,#2973,
#2974),.UNSPECIFIED.,.F.,.F.,(4,3,4),(-1.40831873108718,-1.25535209418524,
-1.17997340139703),.UNSPECIFIED.);
#543=B_SPLINE_CURVE_WITH_KNOTS('',3,(#3102,#3103,#3104,#3105,#3106,#3107,
#3108,#3109,#3110,#3111,#3112,#3113),.UNSPECIFIED.,.F.,.F.,(4,2,2,2,2,4),
(-0.764467639935635,-0.748515653689219,-0.598330720003888,-0.454668759388277,
-0.328072390625647,-0.235110388252226),.UNSPECIFIED.);
#544=B_SPLINE_CURVE_WITH_KNOTS('',3,(#3310,#3311,#3312,#3313,#3314,#3315,
#3316,#3317,#3318,#3319,#3320,#3321,#3322,#3323,#3324,#3325,#3326,#3327,
#3328,#3329,#3330,#3331,#3332),.UNSPECIFIED.,.F.,.F.,(4,1,1,1,1,1,1,1,1,
1,1,1,1,1,1,1,1,1,1,1,4),(4.5442309012554,6.16691227204787,6.9782529574441,
7.18108812879316,7.78959364284034,8.60093432823658,9.41227501363281,9.51369259930734,
9.81794535633093,10.2236156990291,11.0349563844253,11.7110736222555,12.1167439649536,
13.1985315454819,14.2803191260102,14.8212129162744,16.4438942870669,17.5256818675952,
19.1483632383877,19.9597039237839,20.7710446088705),.UNSPECIFIED.);
#545=B_SPLINE_CURVE_WITH_KNOTS('',3,(#3336,#3337,#3338,#3339,#3340,#3341,
#3342,#3343,#3344,#3345,#3346,#3347,#3348,#3349,#3350,#3351,#3352,#3353,
#3354,#3355,#3356,#3357),.UNSPECIFIED.,.F.,.F.,(4,1,1,1,1,1,1,1,1,1,1,1,
1,1,1,1,1,1,1,4),(-20.7710446087887,-19.9597039237839,-19.1483632383877,
-17.5256818675952,-16.4438942870669,-14.8212129162744,-14.2803191260102,
-13.1985315454819,-12.1167439649536,-11.7110736222555,-11.0349563844253,
-10.2236156990291,-9.81794535633093,-9.51369259930734,-9.41227501363281,
-8.60093432823658,-7.78959364284034,-7.18108812879316,-6.9782529574441,
-6.35415723421475),.UNSPECIFIED.);
#546=B_SPLINE_CURVE_WITH_KNOTS('',3,(#3359,#3360,#3361,#3362,#3363,#3364,
#3365,#3366,#3367,#3368,#3369,#3370,#3371),.UNSPECIFIED.,.F.,.F.,(4,1,2,
1,2,1,1,1,4),(-6.35415723421475,-6.16691227204787,-4.5442309012554,-3.56143994745318,
-2.57864899365097,-1.03145959731769,-0.515729798539936,-0.386797348845496,
0.),.UNSPECIFIED.);
#547=B_SPLINE_CURVE_WITH_KNOTS('',3,(#3375,#3376,#3377,#3378,#3379,#3380,
#3381),.UNSPECIFIED.,.F.,.F.,(4,1,1,1,4),(3.06528372510266E-14,0.386797348845496,
0.515729798539936,1.03145959731769,2.57864899365097),.UNSPECIFIED.);
#548=B_SPLINE_CURVE_WITH_KNOTS('',3,(#3382,#3383,#3384,#3385,#3386,#3387,
#3388,#3389,#3390,#3391,#3392,#3393,#3394,#3395),.UNSPECIFIED.,.F.,.F.,
(4,2,2,2,2,2,4),(0.,0.106653144657947,0.239811815809366,0.332388446615251,
0.421526722465002,0.538598886907279,0.66880651651916),.UNSPECIFIED.);
#549=B_SPLINE_CURVE_WITH_KNOTS('',3,(#3623,#3624,#3625,#3626,#3627,#3628,
#3629,#3630,#3631,#3632,#3633,#3634,#3635,#3636,#3637,#3638,#3639,#3640,
#3641),.UNSPECIFIED.,.F.,.F.,(4,3,3,3,3,3,4),(10.3741698626022,10.3984833806736,
10.4240840726035,10.4473868739756,10.4976132258761,10.5494435876101,10.5889894303092),
 .UNSPECIFIED.);
#550=B_SPLINE_CURVE_WITH_KNOTS('',3,(#3643,#3644,#3645,#3646,#3647,#3648,
#3649,#3650,#3651,#3652),.UNSPECIFIED.,.F.,.F.,(4,1,1,1,1,1,1,4),(0.,1.62298140601393,
3.24596281202787,5.40993802004645,6.49192562405574,7.03291942606038,7.57391322806503,
8.38982501209275),.UNSPECIFIED.);
#551=B_SPLINE_CURVE_WITH_KNOTS('',3,(#3654,#3655,#3656,#3657,#3658,#3659,
#3660,#3661,#3662,#3663,#3664,#3665,#3666,#3667),.UNSPECIFIED.,.F.,.F.,
(4,1,1,1,1,1,1,1,1,1,1,4),(0.,0.310073305957128,0.620146611914255,1.24029322382851,
2.48058644765702,2.89401752226652,3.72087967148553,4.13431074609503,4.96117289531404,
6.20146611914255,7.44175934297106,8.68205256679957),.UNSPECIFIED.);
#552=B_SPLINE_CURVE_WITH_KNOTS('',3,(#3669,#3670,#3671,#3672,#3673,#3674,
#3675),.UNSPECIFIED.,.F.,.F.,(4,1,1,1,4),(18.1953780789904,18.7106641522336,
19.7412362987199,20.2565223719631,20.7718084452062),.UNSPECIFIED.);
#553=B_SPLINE_CURVE_WITH_KNOTS('',3,(#3679,#3680,#3681,#3682,#3683,#3684,
#3685,#3686,#3687,#3688,#3689,#3690,#3691,#3692,#3693,#3694,#3695,#3696,
#3697,#3698,#3699,#3700,#3701,#3702,#3703,#3704,#3705,#3706,#3707,#3708,
#3709,#3710,#3711,#3712,#3713,#3714,#3715,#3716,#3717,#3718,#3719,#3720,
#3721,#3722,#3723,#3724,#3725,#3726,#3727,#3728,#3729,#3730,#3731,#3732,
#3733,#3734,#3735,#3736,#3737,#3738,#3739,#3740,#3741,#3742,#3743,#3744,
#3745,#3746,#3747,#3748,#3749,#3750,#3751,#3752,#3753,#3754,#3755,#3756,
#3757,#3758,#3759,#3760,#3761,#3762,#3763,#3764,#3765,#3766,#3767,#3768,
#3769,#3770,#3771,#3772,#3773,#3774,#3775,#3776,#3777,#3778,#3779,#3780,
#3781,#3782,#3783,#3784,#3785,#3786,#3787,#3788,#3789,#3790,#3791,#3792,
#3793,#3794,#3795,#3796,#3797,#3798,#3799,#3800,#3801,#3802,#3803,#3804,
#3805,#3806,#3807,#3808,#3809,#3810,#3811,#3812,#3813,#3814,#3815,#3816,
#3817,#3818,#3819,#3820,#3821,#3822,#3823,#3824,#3825,#3826,#3827,#3828,
#3829,#3830,#3831,#3832,#3833,#3834,#3835,#3836,#3837,#3838,#3839,#3840,
#3841,#3842,#3843,#3844,#3845,#3846,#3847,#3848,#3849,#3850,#3851,#3852,
#3853,#3854,#3855,#3856,#3857,#3858,#3859,#3860,#3861,#3862,#3863,#3864,
#3865,#3866,#3867,#3868,#3869,#3870,#3871,#3872,#3873,#3874,#3875,#3876,
#3877,#3878,#3879,#3880,#3881,#3882,#3883,#3884,#3885,#3886,#3887,#3888,
#3889,#3890,#3891,#3892,#3893,#3894,#3895,#3896,#3897,#3898,#3899,#3900,
#3901,#3902,#3903,#3904,#3905,#3906,#3907,#3908,#3909,#3910,#3911,#3912,
#3913,#3914,#3915,#3916,#3917,#3918,#3919,#3920,#3921,#3922,#3923,#3924,
#3925,#3926,#3927,#3928,#3929,#3930,#3931,#3932,#3933,#3934,#3935,#3936,
#3937,#3938,#3939,#3940,#3941,#3942,#3943,#3944,#3945,#3946,#3947,#3948,
#3949,#3950,#3951,#3952,#3953,#3954,#3955,#3956,#3957,#3958),
 .UNSPECIFIED.,.F.,.F.,(4,3,3,3,3,3,3,3,3,3,3,3,3,3,3,3,3,3,3,3,3,3,3,3,
3,3,3,3,3,3,3,3,3,3,3,3,3,3,3,3,3,3,3,3,3,3,3,3,3,3,3,3,3,3,3,3,3,3,3,3,
3,3,3,3,3,3,3,3,3,3,3,3,3,3,3,3,3,3,3,3,3,3,3,3,3,3,3,3,3,3,3,3,3,4),(0.,
0.00836491336833597,0.0168386007797806,0.0254300879529407,0.0341498708895191,
0.0430102912398512,0.0520260481014968,0.0612149133599865,0.0705987610928243,
0.0802051013387041,0.090069463912685,0.100239388978837,0.110783186799561,
0.121801450655073,0.133455974346878,0.146048040171665,0.160541086918174,
0.184442261785915,0.197799909691058,0.210334286102135,0.221996538740106,
0.23303282446848,0.243605146007307,0.253811710928778,0.263718089209106,
0.273370981649155,0.282805232070663,0.29204776678711,0.301118328850065,
0.309991125386757,0.318673496880014,0.327187775700664,0.33555190117488,
0.343780576595875,0.351886055962063,0.359878696970756,0.367767360681178,
0.375559707288571,0.38326241953406,0.390881374487521,0.398421807469116,
0.406024915392484,0.413912351066422,0.422164152374541,0.431255627875797,
0.441317917637887,0.452931621099855,0.468075496384823,0.478068791933669,
0.487046440679757,0.495440263426004,0.503633740008093,0.511919853884176,
0.520329156017254,0.528873441685673,0.537566748141847,0.546426031323357,
0.555472137973527,0.564731251057162,0.574237130601127,0.584034772428093,
0.594186789913902,0.604720797612277,0.615348828753333,0.626031431128596,
0.636770318701255,0.64812124624184,0.659117457296783,0.670072219568293,
0.681091448039335,0.692177518003629,0.703388588683338,0.714886371685433,
0.726748471646921,0.7390558466784,0.751929488119955,0.765567199505546,0.780395660016841,
0.797742256867274,0.823024474758864,0.841390578931937,0.857468481289833,
0.872334191217169,0.886392442949636,0.899852905084399,0.912490326328064,
0.924707836605669,0.936577977861549,0.948153110681117,0.959472685165796,
0.970460620401168,0.981285209044298,0.991878325474523,1.),.UNSPECIFIED.);
#554=B_SPLINE_CURVE_WITH_KNOTS('',3,(#3963,#3964,#3965,#3966,#3967,#3968),
 .UNSPECIFIED.,.F.,.F.,(4,2,4),(-0.647184276728704,-0.317893580012789,-9.99999997031153E-7),
 .UNSPECIFIED.);
#555=B_SPLINE_CURVE_WITH_KNOTS('',3,(#3972,#3973,#3974,#3975,#3976,#3977),
 .UNSPECIFIED.,.F.,.F.,(4,2,4),(-0.602009819215808,-0.3063069459059,-9.99999893974423E-7),
 .UNSPECIFIED.);
#556=B_SPLINE_CURVE_WITH_KNOTS('',3,(#3979,#3980,#3981,#3982,#3983,#3984,
#3985,#3986,#3987,#3988,#3989,#3990,#3991,#3992,#3993),.UNSPECIFIED.,.F.,
 .F.,(4,1,1,1,1,1,1,1,1,1,1,1,4),(0.,1.24029152908353,2.48058305816706,
3.72087458725059,4.5477356066396,4.96116611633411,5.37459662602862,6.20145764541764,
7.44174917450117,7.9068584979075,8.06189493904294,8.37196782131382,8.6820407035847),
 .UNSPECIFIED.);
#557=B_SPLINE_CURVE_WITH_KNOTS('',3,(#3996,#3997,#3998,#3999,#4000,#4001,
#4002,#4003,#4004,#4005,#4006,#4007,#4008,#4009,#4010),.UNSPECIFIED.,.F.,
 .F.,(4,1,1,1,1,1,1,1,1,1,1,1,4),(8.38992268677739,8.65590083207439,9.19689463407904,
9.73788843608369,10.5493791390907,11.3608698420976,12.1723605451046,12.9838512481116,
13.3895965996151,13.7953419511186,14.6068326541256,15.4183233571325,16.2298140601393),
 .UNSPECIFIED.);
#558=B_SPLINE_CURVE_WITH_KNOTS('',3,(#4013,#4014,#4015,#4016,#4017,#4018,
#4019,#4020,#4021,#4022,#4023,#4024,#4025,#4026,#4027,#4028,#4029,#4030,
#4031,#4032,#4033,#4034,#4035,#4036,#4037,#4038),.UNSPECIFIED.,.F.,.F.,
(4,2,2,2,2,2,2,2,2,2,2,2,4),(0.475585034994673,0.477729970314731,0.501734809835367,
0.544416810254623,0.608176991684881,0.665056042589236,0.725800003575108,
0.789428420862187,0.851845746239998,0.914127611773332,0.944836799757018,
0.966176726896324,0.968928377403663),.UNSPECIFIED.);
#559=B_SPLINE_CURVE_WITH_KNOTS('',3,(#4039,#4040,#4041,#4042,#4043,#4044,
#4045,#4046,#4047,#4048,#4049,#4050,#4051,#4052,#4053,#4054,#4055,#4056,
#4057,#4058,#4059,#4060,#4061,#4062,#4063,#4064,#4065),.UNSPECIFIED.,.F.,
 .F.,(4,2,3,2,2,2,2,2,2,2,2,2,4),(0.968928377403663,0.986627495388734,1.00833488021647,
1.05321286847941,1.10578283340247,1.16201791103884,1.22194943694084,1.28603268158819,
1.34874680321879,1.41127175290583,1.44491922304168,1.46654964719181,1.48391991521115),
 .UNSPECIFIED.);
#560=B_SPLINE_CURVE_WITH_KNOTS('',3,(#4068,#4069,#4070,#4071,#4072,#4073,
#4074,#4075,#4076,#4077,#4078,#4079,#4080,#4081,#4082,#4083,#4084,#4085,
#4086,#4087,#4088,#4089,#4090,#4091,#4092,#4093,#4094),.UNSPECIFIED.,.F.,
 .F.,(4,2,2,2,2,2,2,2,2,2,3,2,4),(0.531723965510419,0.550762348110364,0.57302612084997,
0.60546808599251,0.669157148665534,0.724868694051391,0.784413056984729,
0.848117031715746,0.91108494052123,0.97309425622886,1.00834928665925,1.03300596128623,
1.04638084925881),.UNSPECIFIED.);
#561=B_SPLINE_CURVE_WITH_KNOTS('',3,(#4095,#4096,#4097,#4098,#4099,#4100,
#4101,#4102,#4103,#4104,#4105,#4106,#4107,#4108,#4109,#4110,#4111,#4112,
#4113,#4114,#4115,#4116,#4117,#4118,#4119,#4120),.UNSPECIFIED.,.F.,.F.,
(4,2,2,2,2,2,2,2,2,2,2,2,4),(1.04638084925881,1.05314152534663,1.07547421196281,
1.10975840711502,1.17394165649619,1.22954606092666,1.28882906019183,1.35211925347378,
1.41513339029456,1.47715831768814,1.51652910030103,1.53966502025305,1.54007325216967),
 .UNSPECIFIED.);
#562=B_SPLINE_CURVE_WITH_KNOTS('',3,(#4123,#4124,#4125,#4126,#4127,#4128,
#4129,#4130,#4131,#4132,#4133,#4134,#4135,#4136,#4137,#4138,#4139,#4140,
#4141,#4142,#4143,#4144,#4145,#4146,#4147,#4148,#4149,#4150,#4151),
 .UNSPECIFIED.,.F.,.F.,(4,2,2,2,2,2,2,2,2,2,2,2,3,4),(0.50416938636721,
0.513231438146512,0.538441363544995,0.577716734748222,0.641926789043284,
0.698675921656447,0.759114253215735,0.822788191307438,0.885542484366792,
0.948611078538762,0.981849071275564,1.00371234043111,1.00837708768426,1.00843879913171),
 .UNSPECIFIED.);
#563=B_SPLINE_CURVE_WITH_KNOTS('',3,(#4152,#4153,#4154,#4155,#4156,#4157,
#4158,#4159,#4160,#4161,#4162,#4163,#4164,#4165,#4166,#4167,#4168,#4169,
#4170,#4171,#4172,#4173,#4174,#4175),.UNSPECIFIED.,.F.,.F.,(4,2,2,2,2,2,
2,2,2,2,2,4),(1.00843879913171,1.03228227682327,1.06447053027277,1.12647663669633,
1.18181822396499,1.24061665372046,1.30318376338766,1.36646501321742,1.42782759337644,
1.47250863358565,1.49921573954918,1.51254647405147),.UNSPECIFIED.);
#564=B_SPLINE_CURVE_WITH_KNOTS('',3,(#4178,#4179,#4180,#4181,#4182,#4183,
#4184,#4185,#4186,#4187,#4188,#4189,#4190,#4191,#4192,#4193,#4194,#4195,
#4196,#4197,#4198,#4199,#4200,#4201,#4202,#4203,#4204,#4205,#4206,#4207,
#4208,#4209,#4210,#4211,#4212,#4213,#4214,#4215,#4216,#4217,#4218,#4219,
#4220,#4221,#4222,#4223,#4224,#4225,#4226,#4227,#4228),.UNSPECIFIED.,.F.,
 .F.,(4,2,2,2,2,2,2,2,2,2,2,2,3,2,2,2,2,2,2,2,2,2,2,2,4),(-3.16426940205278,
-3.09191966147931,-2.72300107977325,-2.37828917023151,-2.07760648149851,
-1.82385696083999,-1.67464430319186,-1.55009067629483,-1.40924532284659,
-1.18619459334029,-0.797949094223824,-0.40369988318333,0.,0.256686269265686,
0.527775849999222,0.868614579289862,1.23432307061599,1.41475347415736,1.53753627651283,
1.65281440352665,1.80064521808481,2.0665387470096,2.44239623009443,2.84138914966852,
3.14455647792275),.UNSPECIFIED.);
#565=B_SPLINE_CURVE_WITH_KNOTS('',3,(#4229,#4230,#4231,#4232),
 .UNSPECIFIED.,.F.,.F.,(4,4),(3.14455647792275,3.16437518160183),
 .UNSPECIFIED.);
#566=B_SPLINE_CURVE_WITH_KNOTS('',3,(#4310,#4311,#4312,#4313,#4314,#4315,
#4316,#4317,#4318,#4319,#4320,#4321,#4322,#4323,#4324),.UNSPECIFIED.,.F.,
 .F.,(4,1,1,1,1,1,1,1,1,1,1,1,4),(-8.6820407035847,-8.37196782131382,-8.06189493904294,
-7.9068584979075,-7.44174917450117,-6.20145764541764,-5.37459662602862,
-4.96116611633411,-4.5477356066396,-3.72087458725059,-2.48058305816706,
-1.24029152908353,-2.12351340678086E-10),.UNSPECIFIED.);
#567=B_SPLINE_CURVE_WITH_KNOTS('',3,(#4404,#4405,#4406,#4407,#4408,#4409,
#4410,#4411,#4412,#4413,#4414,#4415,#4416,#4417),.UNSPECIFIED.,.F.,.F.,
(4,1,1,1,1,1,1,1,1,1,1,4),(-8.68205256655351,-7.44175934297106,-6.20146611914255,
-4.96117289531404,-4.13431074609503,-3.72087967148553,-2.89401752226652,
-2.48058644765702,-1.24029322382851,-0.620146611914255,-0.310073305957128,
0.),.UNSPECIFIED.);
#568=B_SPLINE_CURVE_WITH_KNOTS('',3,(#4559,#4560,#4561,#4562,#4563,#4564,
#4565,#4566,#4567,#4568,#4569,#4570,#4571,#4572),.UNSPECIFIED.,.F.,.F.,
(4,2,2,2,2,2,4),(0.,0.123808822381409,0.246471608510729,0.334522779015551,
0.42391372485612,0.553050197946328,0.668951527835286),.UNSPECIFIED.);
#569=B_SPLINE_CURVE_WITH_KNOTS('',3,(#4574,#4575,#4576,#4577,#4578,#4579,
#4580),.UNSPECIFIED.,.F.,.F.,(4,1,1,1,4),(-20.7718084452062,-20.2565223719631,
-19.7412362987199,-18.7106641522336,-18.3956157492408),.UNSPECIFIED.);
#570=B_SPLINE_CURVE_WITH_KNOTS('',3,(#4581,#4582,#4583,#4584,#4585,#4586,
#4587,#4588,#4589,#4590,#4591,#4592,#4593,#4594,#4595,#4596,#4597,#4598,
#4599,#4600,#4601,#4602,#4603,#4604,#4605),.UNSPECIFIED.,.F.,.F.,(4,2,2,
1,1,1,1,1,1,1,1,1,1,1,1,1,1,1,1,1,4),(-18.3956157492408,-18.1953780789904,
-16.2298140601393,-15.4183233571324,-14.6068326541254,-13.7953419511184,
-13.389596599615,-12.9838512481115,-12.1723605451045,-11.3608698420975,
-10.5493791390906,-9.73788843608361,-9.19689463407896,-8.65590083207432,
-7.57391322806503,-7.03291942606038,-6.49192562405574,-5.40993802004645,
-3.24596281202787,-1.62298140601393,-1.82336610085762E-10),
 .UNSPECIFIED.);
#571=VERTEX_POINT('',#1967);
#572=VERTEX_POINT('',#1968);
#573=VERTEX_POINT('',#1981);
#574=VERTEX_POINT('',#1986);
#575=VERTEX_POINT('',#2063);
#576=VERTEX_POINT('',#2083);
#577=VERTEX_POINT('',#2125);
#578=VERTEX_POINT('',#2136);
#579=VERTEX_POINT('',#2155);
#580=VERTEX_POINT('',#2156);
#581=VERTEX_POINT('',#2158);
#582=VERTEX_POINT('',#2171);
#583=VERTEX_POINT('',#2175);
#584=VERTEX_POINT('',#2176);
#585=VERTEX_POINT('',#2181);
#586=VERTEX_POINT('',#2183);
#587=VERTEX_POINT('',#2187);
#588=VERTEX_POINT('',#2188);
#589=VERTEX_POINT('',#2193);
#590=VERTEX_POINT('',#2195);
#591=VERTEX_POINT('',#2197);
#592=VERTEX_POINT('',#2201);
#593=VERTEX_POINT('',#2203);
#594=VERTEX_POINT('',#2207);
#595=VERTEX_POINT('',#2208);
#596=VERTEX_POINT('',#2210);
#597=VERTEX_POINT('',#2215);
#598=VERTEX_POINT('',#2217);
#599=VERTEX_POINT('',#2219);
#600=VERTEX_POINT('',#2221);
#601=VERTEX_POINT('',#2236);
#602=VERTEX_POINT('',#2239);
#603=VERTEX_POINT('',#2261);
#604=VERTEX_POINT('',#2263);
#605=VERTEX_POINT('',#2267);
#606=VERTEX_POINT('',#2268);
#607=VERTEX_POINT('',#2271);
#608=VERTEX_POINT('',#2282);
#609=VERTEX_POINT('',#2284);
#610=VERTEX_POINT('',#2286);
#611=VERTEX_POINT('',#2288);
#612=VERTEX_POINT('',#2317);
#613=VERTEX_POINT('',#2319);
#614=VERTEX_POINT('',#2321);
#615=VERTEX_POINT('',#2323);
#616=VERTEX_POINT('',#2332);
#617=VERTEX_POINT('',#2620);
#618=VERTEX_POINT('',#2621);
#619=VERTEX_POINT('',#2656);
#620=VERTEX_POINT('',#2675);
#621=VERTEX_POINT('',#2698);
#622=VERTEX_POINT('',#2699);
#623=VERTEX_POINT('',#2757);
#624=VERTEX_POINT('',#2758);
#625=VERTEX_POINT('',#2814);
#626=VERTEX_POINT('',#2815);
#627=VERTEX_POINT('',#2873);
#628=VERTEX_POINT('',#2874);
#629=VERTEX_POINT('',#2932);
#630=VERTEX_POINT('',#2937);
#631=VERTEX_POINT('',#2960);
#632=VERTEX_POINT('',#2976);
#633=VERTEX_POINT('',#2985);
#634=VERTEX_POINT('',#2986);
#635=VERTEX_POINT('',#2988);
#636=VERTEX_POINT('',#2990);
#637=VERTEX_POINT('',#2992);
#638=VERTEX_POINT('',#2996);
#639=VERTEX_POINT('',#2998);
#640=VERTEX_POINT('',#3002);
#641=VERTEX_POINT('',#3003);
#642=VERTEX_POINT('',#3005);
#643=VERTEX_POINT('',#3007);
#644=VERTEX_POINT('',#3011);
#645=VERTEX_POINT('',#3012);
#646=VERTEX_POINT('',#3014);
#647=VERTEX_POINT('',#3016);
#648=VERTEX_POINT('',#3020);
#649=VERTEX_POINT('',#3022);
#650=VERTEX_POINT('',#3030);
#651=VERTEX_POINT('',#3036);
#652=VERTEX_POINT('',#3038);
#653=VERTEX_POINT('',#3042);
#654=VERTEX_POINT('',#3046);
#655=VERTEX_POINT('',#3048);
#656=VERTEX_POINT('',#3050);
#657=VERTEX_POINT('',#3052);
#658=VERTEX_POINT('',#3056);
#659=VERTEX_POINT('',#3058);
#660=VERTEX_POINT('',#3060);
#661=VERTEX_POINT('',#3062);
#662=VERTEX_POINT('',#3066);
#663=VERTEX_POINT('',#3068);
#664=VERTEX_POINT('',#3084);
#665=VERTEX_POINT('',#3095);
#666=VERTEX_POINT('',#3096);
#667=VERTEX_POINT('',#3098);
#668=VERTEX_POINT('',#3100);
#669=VERTEX_POINT('',#3308);
#670=VERTEX_POINT('',#3309);
#671=VERTEX_POINT('',#3333);
#672=VERTEX_POINT('',#3335);
#673=VERTEX_POINT('',#3358);
#674=VERTEX_POINT('',#3372);
#675=VERTEX_POINT('',#3374);
#676=VERTEX_POINT('',#3621);
#677=VERTEX_POINT('',#3622);
#678=VERTEX_POINT('',#3642);
#679=VERTEX_POINT('',#3653);
#680=VERTEX_POINT('',#3668);
#681=VERTEX_POINT('',#3676);
#682=VERTEX_POINT('',#3678);
#683=VERTEX_POINT('',#3960);
#684=VERTEX_POINT('',#3962);
#685=VERTEX_POINT('',#3969);
#686=VERTEX_POINT('',#3971);
#687=VERTEX_POINT('',#3994);
#688=VERTEX_POINT('',#4011);
#689=VERTEX_POINT('',#4012);
#690=VERTEX_POINT('',#4066);
#691=VERTEX_POINT('',#4067);
#692=VERTEX_POINT('',#4121);
#693=VERTEX_POINT('',#4122);
#694=VERTEX_POINT('',#4176);
#695=VERTEX_POINT('',#4177);
#696=VERTEX_POINT('',#4326);
#697=VERTEX_POINT('',#4401);
#698=VERTEX_POINT('',#4403);
#699=VERTEX_POINT('',#4573);
#700=VERTEX_POINT('',#4607);
#701=VERTEX_POINT('',#4623);
#702=VERTEX_POINT('',#4625);
#703=VERTEX_POINT('',#4629);
#704=VERTEX_POINT('',#4631);
#705=VERTEX_POINT('',#4635);
#706=VERTEX_POINT('',#4636);
#707=VERTEX_POINT('',#4640);
#708=VERTEX_POINT('',#4642);
#709=VERTEX_POINT('',#4646);
#710=VERTEX_POINT('',#4647);
#711=VERTEX_POINT('',#4653);
#712=VERTEX_POINT('',#4655);
#713=VERTEX_POINT('',#4659);
#714=VERTEX_POINT('',#4663);
#715=EDGE_CURVE('',#571,#572,#505,.T.);
#716=EDGE_CURVE('',#572,#573,#506,.T.);
#717=EDGE_CURVE('',#573,#574,#507,.T.);
#718=EDGE_CURVE('',#574,#571,#508,.T.);
#719=EDGE_CURVE('',#575,#572,#509,.T.);
#720=EDGE_CURVE('',#576,#575,#510,.T.);
#721=EDGE_CURVE('',#573,#576,#511,.F.);
#722=EDGE_CURVE('',#577,#576,#512,.T.);
#723=EDGE_CURVE('',#575,#578,#513,.T.);
#724=EDGE_CURVE('',#578,#577,#514,.T.);
#725=EDGE_CURVE('',#574,#577,#235,.T.);
#726=EDGE_CURVE('',#579,#580,#236,.T.);
#727=EDGE_CURVE('',#580,#581,#515,.T.);
#728=EDGE_CURVE('',#581,#582,#237,.T.);
#729=EDGE_CURVE('',#582,#579,#75,.T.);
#730=EDGE_CURVE('',#583,#584,#516,.T.);
#731=EDGE_CURVE('',#583,#585,#76,.T.);
#732=EDGE_CURVE('',#585,#586,#77,.F.);
#733=EDGE_CURVE('',#586,#584,#78,.F.);
#734=EDGE_CURVE('',#587,#588,#517,.T.);
#735=EDGE_CURVE('',#587,#589,#79,.F.);
#736=EDGE_CURVE('',#590,#589,#80,.T.);
#737=EDGE_CURVE('',#590,#591,#81,.T.);
#738=EDGE_CURVE('',#588,#591,#82,.T.);
#739=EDGE_CURVE('',#591,#592,#238,.T.);
#740=EDGE_CURVE('',#593,#590,#83,.T.);
#741=EDGE_CURVE('',#592,#593,#84,.F.);
#742=EDGE_CURVE('',#594,#595,#239,.T.);
#743=EDGE_CURVE('',#595,#596,#518,.F.);
#744=EDGE_CURVE('',#596,#597,#85,.F.);
#745=EDGE_CURVE('',#597,#598,#240,.T.);
#746=EDGE_CURVE('',#598,#599,#86,.T.);
#747=EDGE_CURVE('',#599,#600,#519,.F.);
#748=EDGE_CURVE('',#600,#601,#87,.T.);
#749=EDGE_CURVE('',#601,#601,#241,.T.);
#750=EDGE_CURVE('',#600,#602,#520,.F.);
#751=EDGE_CURVE('',#602,#603,#88,.T.);
#752=EDGE_CURVE('',#603,#604,#242,.F.);
#753=EDGE_CURVE('',#604,#594,#89,.T.);
#754=EDGE_CURVE('',#605,#606,#90,.F.);
#755=EDGE_CURVE('',#605,#603,#91,.T.);
#756=EDGE_CURVE('',#607,#602,#521,.T.);
#757=EDGE_CURVE('',#607,#586,#92,.T.);
#758=EDGE_CURVE('',#585,#606,#93,.T.);
#759=EDGE_CURVE('',#592,#608,#94,.T.);
#760=EDGE_CURVE('',#608,#609,#243,.F.);
#761=EDGE_CURVE('',#609,#610,#95,.T.);
#762=EDGE_CURVE('',#610,#611,#522,.F.);
#763=EDGE_CURVE('',#611,#612,#96,.T.);
#764=EDGE_CURVE('',#612,#613,#244,.T.);
#765=EDGE_CURVE('',#613,#614,#97,.F.);
#766=EDGE_CURVE('',#614,#615,#523,.F.);
#767=EDGE_CURVE('',#615,#616,#98,.T.);
#768=EDGE_CURVE('',#616,#616,#245,.T.);
#769=EDGE_CURVE('',#615,#588,#524,.F.);
#770=EDGE_CURVE('',#617,#618,#27,.T.);
#771=EDGE_CURVE('',#618,#618,#246,.T.);
#772=EDGE_CURVE('',#617,#617,#247,.T.);
#773=EDGE_CURVE('',#578,#571,#248,.T.);
#774=EDGE_CURVE('',#599,#619,#525,.T.);
#775=EDGE_CURVE('',#619,#620,#526,.F.);
#776=EDGE_CURVE('',#620,#596,#527,.T.);
#777=EDGE_CURVE('',#595,#583,#528,.T.);
#778=EDGE_CURVE('',#584,#607,#529,.T.);
#779=EDGE_CURVE('',#621,#622,#530,.T.);
#780=EDGE_CURVE('',#622,#621,#531,.T.);
#781=EDGE_CURVE('',#623,#624,#532,.T.);
#782=EDGE_CURVE('',#624,#623,#533,.T.);
#783=EDGE_CURVE('',#625,#626,#534,.T.);
#784=EDGE_CURVE('',#626,#625,#535,.T.);
#785=EDGE_CURVE('',#627,#628,#536,.T.);
#786=EDGE_CURVE('',#628,#627,#537,.T.);
#787=EDGE_CURVE('',#614,#629,#538,.T.);
#788=EDGE_CURVE('',#630,#629,#539,.T.);
#789=EDGE_CURVE('',#630,#611,#540,.T.);
#790=EDGE_CURVE('',#610,#631,#541,.T.);
#791=EDGE_CURVE('',#631,#587,#542,.T.);
#792=EDGE_CURVE('',#632,#593,#99,.T.);
#793=EDGE_CURVE('',#632,#608,#100,.T.);
#794=EDGE_CURVE('',#609,#632,#101,.T.);
#795=EDGE_CURVE('',#589,#631,#102,.T.);
#796=EDGE_CURVE('',#633,#634,#249,.T.);
#797=EDGE_CURVE('',#635,#633,#103,.T.);
#798=EDGE_CURVE('',#636,#635,#104,.T.);
#799=EDGE_CURVE('',#636,#637,#250,.T.);
#800=EDGE_CURVE('',#634,#637,#105,.T.);
#801=EDGE_CURVE('',#634,#638,#106,.T.);
#802=EDGE_CURVE('',#637,#639,#107,.T.);
#803=EDGE_CURVE('',#638,#639,#108,.T.);
#804=EDGE_CURVE('',#640,#641,#109,.T.);
#805=EDGE_CURVE('',#642,#640,#110,.T.);
#806=EDGE_CURVE('',#642,#643,#111,.T.);
#807=EDGE_CURVE('',#643,#641,#112,.T.);
#808=EDGE_CURVE('',#644,#645,#113,.T.);
#809=EDGE_CURVE('',#644,#646,#114,.T.);
#810=EDGE_CURVE('',#647,#646,#115,.T.);
#811=EDGE_CURVE('',#645,#647,#116,.T.);
#812=EDGE_CURVE('',#647,#648,#117,.T.);
#813=EDGE_CURVE('',#646,#649,#118,.T.);
#814=EDGE_CURVE('',#649,#648,#119,.T.);
#815=EDGE_CURVE('',#604,#605,#120,.T.);
#816=EDGE_CURVE('',#606,#594,#121,.F.);
#817=EDGE_CURVE('',#641,#650,#251,.T.);
#818=EDGE_CURVE('',#643,#649,#252,.T.);
#819=EDGE_CURVE('',#650,#644,#253,.T.);
#820=EDGE_CURVE('',#651,#633,#122,.T.);
#821=EDGE_CURVE('',#652,#651,#123,.T.);
#822=EDGE_CURVE('',#652,#635,#124,.T.);
#823=EDGE_CURVE('',#653,#652,#125,.T.);
#824=EDGE_CURVE('',#653,#636,#126,.T.);
#825=EDGE_CURVE('',#654,#653,#254,.T.);
#826=EDGE_CURVE('',#655,#654,#127,.T.);
#827=EDGE_CURVE('',#656,#655,#255,.T.);
#828=EDGE_CURVE('',#657,#656,#128,.T.);
#829=EDGE_CURVE('',#639,#657,#256,.T.);
#830=EDGE_CURVE('',#658,#642,#257,.T.);
#831=EDGE_CURVE('',#659,#658,#129,.T.);
#832=EDGE_CURVE('',#660,#659,#258,.T.);
#833=EDGE_CURVE('',#661,#660,#130,.T.);
#834=EDGE_CURVE('',#648,#661,#259,.T.);
#835=EDGE_CURVE('',#662,#638,#260,.T.);
#836=EDGE_CURVE('',#662,#663,#131,.T.);
#837=EDGE_CURVE('',#663,#663,#261,.T.);
#838=EDGE_CURVE('',#651,#662,#262,.T.);
#839=EDGE_CURVE('',#597,#656,#263,.T.);
#840=EDGE_CURVE('',#620,#657,#264,.T.);
#841=EDGE_CURVE('',#630,#661,#265,.T.);
#842=EDGE_CURVE('',#658,#629,#266,.T.);
#843=EDGE_CURVE('',#640,#645,#267,.T.);
#844=EDGE_CURVE('',#612,#660,#268,.T.);
#845=EDGE_CURVE('',#650,#664,#132,.T.);
#846=EDGE_CURVE('',#664,#664,#269,.T.);
#847=EDGE_CURVE('',#654,#619,#270,.T.);
#848=EDGE_CURVE('',#659,#613,#271,.T.);
#849=EDGE_CURVE('',#655,#598,#272,.T.);
#850=EDGE_CURVE('',#665,#666,#273,.T.);
#851=EDGE_CURVE('',#666,#667,#133,.T.);
#852=EDGE_CURVE('',#667,#668,#274,.T.);
#853=EDGE_CURVE('',#668,#665,#543,.T.);
#854=EDGE_CURVE('',#579,#666,#134,.T.);
#855=EDGE_CURVE('',#667,#582,#135,.T.);
#856=EDGE_CURVE('',#668,#581,#136,.T.);
#857=EDGE_CURVE('',#665,#580,#137,.T.);
#858=EDGE_CURVE('',#669,#670,#544,.T.);
#859=EDGE_CURVE('',#671,#670,#275,.T.);
#860=EDGE_CURVE('',#671,#672,#545,.T.);
#861=EDGE_CURVE('',#672,#673,#546,.T.);
#862=EDGE_CURVE('',#674,#673,#276,.T.);
#863=EDGE_CURVE('',#674,#675,#547,.T.);
#864=EDGE_CURVE('',#669,#675,#548,.F.);
#865=EDGE_CURVE('',#676,#677,#549,.F.);
#866=EDGE_CURVE('',#678,#677,#550,.T.);
#867=EDGE_CURVE('',#679,#678,#551,.T.);
#868=EDGE_CURVE('',#680,#679,#552,.T.);
#869=EDGE_CURVE('',#680,#681,#277,.T.);
#870=EDGE_CURVE('',#681,#682,#553,.T.);
#871=EDGE_CURVE('',#682,#682,#278,.T.);
#872=EDGE_CURVE('',#681,#683,#279,.T.);
#873=EDGE_CURVE('',#683,#684,#554,.T.);
#874=EDGE_CURVE('',#684,#685,#280,.T.);
#875=EDGE_CURVE('',#685,#686,#555,.T.);
#876=EDGE_CURVE('',#686,#675,#281,.T.);
#877=EDGE_CURVE('',#670,#674,#556,.T.);
#878=EDGE_CURVE('',#669,#687,#282,.T.);
#879=EDGE_CURVE('',#677,#687,#557,.T.);
#880=EDGE_CURVE('',#688,#689,#558,.T.);
#881=EDGE_CURVE('',#689,#688,#559,.T.);
#882=EDGE_CURVE('',#690,#691,#560,.T.);
#883=EDGE_CURVE('',#691,#690,#561,.T.);
#884=EDGE_CURVE('',#692,#693,#562,.T.);
#885=EDGE_CURVE('',#693,#692,#563,.T.);
#886=EDGE_CURVE('',#694,#695,#564,.T.);
#887=EDGE_CURVE('',#695,#694,#565,.T.);
#888=EDGE_CURVE('',#673,#671,#566,.T.);
#889=EDGE_CURVE('',#696,#696,#283,.T.);
#890=EDGE_CURVE('',#696,#672,#284,.T.);
#891=EDGE_CURVE('',#671,#673,#285,.T.);
#892=EDGE_CURVE('',#678,#697,#286,.T.);
#893=EDGE_CURVE('',#697,#698,#567,.T.);
#894=EDGE_CURVE('',#698,#679,#287,.T.);
#895=EDGE_CURVE('',#680,#687,#568,.F.);
#896=EDGE_CURVE('',#698,#699,#569,.T.);
#897=EDGE_CURVE('',#699,#697,#570,.T.);
#898=EDGE_CURVE('',#700,#700,#288,.T.);
#899=EDGE_CURVE('',#700,#699,#289,.T.);
#900=EDGE_CURVE('',#698,#697,#290,.T.);
#901=EDGE_CURVE('',#689,#628,#138,.T.);
#902=EDGE_CURVE('',#691,#626,#139,.T.);
#903=EDGE_CURVE('',#693,#624,#140,.T.);
#904=EDGE_CURVE('',#622,#695,#141,.T.);
#905=EDGE_CURVE('',#701,#701,#291,.T.);
#906=EDGE_CURVE('',#701,#702,#142,.T.);
#907=EDGE_CURVE('',#702,#702,#292,.T.);
#908=EDGE_CURVE('',#703,#703,#293,.T.);
#909=EDGE_CURVE('',#703,#704,#143,.T.);
#910=EDGE_CURVE('',#704,#704,#294,.T.);
#911=EDGE_CURVE('',#705,#706,#23,.T.);
#912=EDGE_CURVE('',#706,#705,#295,.T.);
#913=EDGE_CURVE('',#707,#707,#296,.T.);
#914=EDGE_CURVE('',#707,#708,#144,.T.);
#915=EDGE_CURVE('',#708,#708,#297,.T.);
#916=EDGE_CURVE('',#709,#710,#24,.T.);
#917=EDGE_CURVE('',#710,#709,#298,.T.);
#918=EDGE_CURVE('',#709,#683,#145,.T.);
#919=EDGE_CURVE('',#686,#706,#146,.T.);
#920=EDGE_CURVE('',#705,#711,#147,.T.);
#921=EDGE_CURVE('',#711,#712,#148,.T.);
#922=EDGE_CURVE('',#712,#710,#149,.T.);
#923=EDGE_CURVE('',#712,#713,#150,.T.);
#924=EDGE_CURVE('',#684,#713,#151,.T.);
#925=EDGE_CURVE('',#714,#711,#152,.T.);
#926=EDGE_CURVE('',#713,#714,#153,.T.);
#927=EDGE_CURVE('',#714,#685,#154,.T.);
#928=ORIENTED_EDGE('',*,*,#715,.T.);
#929=ORIENTED_EDGE('',*,*,#716,.T.);
#930=ORIENTED_EDGE('',*,*,#717,.T.);
#931=ORIENTED_EDGE('',*,*,#718,.T.);
#932=ORIENTED_EDGE('',*,*,#716,.F.);
#933=ORIENTED_EDGE('',*,*,#719,.F.);
#934=ORIENTED_EDGE('',*,*,#720,.F.);
#935=ORIENTED_EDGE('',*,*,#721,.F.);
#936=ORIENTED_EDGE('',*,*,#722,.T.);
#937=ORIENTED_EDGE('',*,*,#720,.T.);
#938=ORIENTED_EDGE('',*,*,#723,.T.);
#939=ORIENTED_EDGE('',*,*,#724,.T.);
#940=ORIENTED_EDGE('',*,*,#721,.T.);
#941=ORIENTED_EDGE('',*,*,#722,.F.);
#942=ORIENTED_EDGE('',*,*,#725,.F.);
#943=ORIENTED_EDGE('',*,*,#717,.F.);
#944=ORIENTED_EDGE('',*,*,#726,.T.);
#945=ORIENTED_EDGE('',*,*,#727,.T.);
#946=ORIENTED_EDGE('',*,*,#728,.T.);
#947=ORIENTED_EDGE('',*,*,#729,.T.);
#948=ORIENTED_EDGE('',*,*,#730,.F.);
#949=ORIENTED_EDGE('',*,*,#731,.T.);
#950=ORIENTED_EDGE('',*,*,#732,.T.);
#951=ORIENTED_EDGE('',*,*,#733,.T.);
#952=ORIENTED_EDGE('',*,*,#734,.F.);
#953=ORIENTED_EDGE('',*,*,#735,.T.);
#954=ORIENTED_EDGE('',*,*,#736,.F.);
#955=ORIENTED_EDGE('',*,*,#737,.T.);
#956=ORIENTED_EDGE('',*,*,#738,.F.);
#957=ORIENTED_EDGE('',*,*,#739,.F.);
#958=ORIENTED_EDGE('',*,*,#737,.F.);
#959=ORIENTED_EDGE('',*,*,#740,.F.);
#960=ORIENTED_EDGE('',*,*,#741,.F.);
#961=ORIENTED_EDGE('',*,*,#742,.T.);
#962=ORIENTED_EDGE('',*,*,#743,.T.);
#963=ORIENTED_EDGE('',*,*,#744,.T.);
#964=ORIENTED_EDGE('',*,*,#745,.T.);
#965=ORIENTED_EDGE('',*,*,#746,.T.);
#966=ORIENTED_EDGE('',*,*,#747,.T.);
#967=ORIENTED_EDGE('',*,*,#748,.T.);
#968=ORIENTED_EDGE('',*,*,#749,.F.);
#969=ORIENTED_EDGE('',*,*,#748,.F.);
#970=ORIENTED_EDGE('',*,*,#750,.T.);
#971=ORIENTED_EDGE('',*,*,#751,.T.);
#972=ORIENTED_EDGE('',*,*,#752,.T.);
#973=ORIENTED_EDGE('',*,*,#753,.T.);
#974=ORIENTED_EDGE('',*,*,#754,.F.);
#975=ORIENTED_EDGE('',*,*,#755,.T.);
#976=ORIENTED_EDGE('',*,*,#751,.F.);
#977=ORIENTED_EDGE('',*,*,#756,.F.);
#978=ORIENTED_EDGE('',*,*,#757,.T.);
#979=ORIENTED_EDGE('',*,*,#732,.F.);
#980=ORIENTED_EDGE('',*,*,#758,.T.);
#981=ORIENTED_EDGE('',*,*,#738,.T.);
#982=ORIENTED_EDGE('',*,*,#739,.T.);
#983=ORIENTED_EDGE('',*,*,#759,.T.);
#984=ORIENTED_EDGE('',*,*,#760,.T.);
#985=ORIENTED_EDGE('',*,*,#761,.T.);
#986=ORIENTED_EDGE('',*,*,#762,.T.);
#987=ORIENTED_EDGE('',*,*,#763,.T.);
#988=ORIENTED_EDGE('',*,*,#764,.T.);
#989=ORIENTED_EDGE('',*,*,#765,.T.);
#990=ORIENTED_EDGE('',*,*,#766,.T.);
#991=ORIENTED_EDGE('',*,*,#767,.T.);
#992=ORIENTED_EDGE('',*,*,#768,.F.);
#993=ORIENTED_EDGE('',*,*,#767,.F.);
#994=ORIENTED_EDGE('',*,*,#769,.T.);
#995=ORIENTED_EDGE('',*,*,#770,.T.);
#996=ORIENTED_EDGE('',*,*,#771,.T.);
#997=ORIENTED_EDGE('',*,*,#770,.F.);
#998=ORIENTED_EDGE('',*,*,#772,.F.);
#999=ORIENTED_EDGE('',*,*,#725,.T.);
#1000=ORIENTED_EDGE('',*,*,#724,.F.);
#1001=ORIENTED_EDGE('',*,*,#773,.T.);
#1002=ORIENTED_EDGE('',*,*,#718,.F.);
#1003=ORIENTED_EDGE('',*,*,#774,.T.);
#1004=ORIENTED_EDGE('',*,*,#775,.T.);
#1005=ORIENTED_EDGE('',*,*,#776,.T.);
#1006=ORIENTED_EDGE('',*,*,#743,.F.);
#1007=ORIENTED_EDGE('',*,*,#777,.T.);
#1008=ORIENTED_EDGE('',*,*,#730,.T.);
#1009=ORIENTED_EDGE('',*,*,#778,.T.);
#1010=ORIENTED_EDGE('',*,*,#756,.T.);
#1011=ORIENTED_EDGE('',*,*,#750,.F.);
#1012=ORIENTED_EDGE('',*,*,#747,.F.);
#1013=ORIENTED_EDGE('',*,*,#779,.T.);
#1014=ORIENTED_EDGE('',*,*,#780,.T.);
#1015=ORIENTED_EDGE('',*,*,#781,.T.);
#1016=ORIENTED_EDGE('',*,*,#782,.T.);
#1017=ORIENTED_EDGE('',*,*,#783,.T.);
#1018=ORIENTED_EDGE('',*,*,#784,.T.);
#1019=ORIENTED_EDGE('',*,*,#785,.T.);
#1020=ORIENTED_EDGE('',*,*,#786,.T.);
#1021=ORIENTED_EDGE('',*,*,#734,.T.);
#1022=ORIENTED_EDGE('',*,*,#769,.F.);
#1023=ORIENTED_EDGE('',*,*,#766,.F.);
#1024=ORIENTED_EDGE('',*,*,#787,.T.);
#1025=ORIENTED_EDGE('',*,*,#788,.F.);
#1026=ORIENTED_EDGE('',*,*,#789,.T.);
#1027=ORIENTED_EDGE('',*,*,#762,.F.);
#1028=ORIENTED_EDGE('',*,*,#790,.T.);
#1029=ORIENTED_EDGE('',*,*,#791,.T.);
#1030=ORIENTED_EDGE('',*,*,#741,.T.);
#1031=ORIENTED_EDGE('',*,*,#792,.F.);
#1032=ORIENTED_EDGE('',*,*,#793,.T.);
#1033=ORIENTED_EDGE('',*,*,#759,.F.);
#1034=ORIENTED_EDGE('',*,*,#761,.F.);
#1035=ORIENTED_EDGE('',*,*,#794,.T.);
#1036=ORIENTED_EDGE('',*,*,#792,.T.);
#1037=ORIENTED_EDGE('',*,*,#740,.T.);
#1038=ORIENTED_EDGE('',*,*,#736,.T.);
#1039=ORIENTED_EDGE('',*,*,#795,.T.);
#1040=ORIENTED_EDGE('',*,*,#790,.F.);
#1041=ORIENTED_EDGE('',*,*,#791,.F.);
#1042=ORIENTED_EDGE('',*,*,#795,.F.);
#1043=ORIENTED_EDGE('',*,*,#735,.F.);
#1044=ORIENTED_EDGE('',*,*,#778,.F.);
#1045=ORIENTED_EDGE('',*,*,#733,.F.);
#1046=ORIENTED_EDGE('',*,*,#757,.F.);
#1047=ORIENTED_EDGE('',*,*,#796,.F.);
#1048=ORIENTED_EDGE('',*,*,#797,.F.);
#1049=ORIENTED_EDGE('',*,*,#798,.F.);
#1050=ORIENTED_EDGE('',*,*,#799,.T.);
#1051=ORIENTED_EDGE('',*,*,#800,.F.);
#1052=ORIENTED_EDGE('',*,*,#801,.F.);
#1053=ORIENTED_EDGE('',*,*,#800,.T.);
#1054=ORIENTED_EDGE('',*,*,#802,.T.);
#1055=ORIENTED_EDGE('',*,*,#803,.F.);
#1056=ORIENTED_EDGE('',*,*,#804,.F.);
#1057=ORIENTED_EDGE('',*,*,#805,.F.);
#1058=ORIENTED_EDGE('',*,*,#806,.T.);
#1059=ORIENTED_EDGE('',*,*,#807,.T.);
#1060=ORIENTED_EDGE('',*,*,#808,.F.);
#1061=ORIENTED_EDGE('',*,*,#809,.T.);
#1062=ORIENTED_EDGE('',*,*,#810,.F.);
#1063=ORIENTED_EDGE('',*,*,#811,.F.);
#1064=ORIENTED_EDGE('',*,*,#812,.F.);
#1065=ORIENTED_EDGE('',*,*,#810,.T.);
#1066=ORIENTED_EDGE('',*,*,#813,.T.);
#1067=ORIENTED_EDGE('',*,*,#814,.T.);
#1068=ORIENTED_EDGE('',*,*,#752,.F.);
#1069=ORIENTED_EDGE('',*,*,#755,.F.);
#1070=ORIENTED_EDGE('',*,*,#815,.F.);
#1071=ORIENTED_EDGE('',*,*,#742,.F.);
#1072=ORIENTED_EDGE('',*,*,#816,.F.);
#1073=ORIENTED_EDGE('',*,*,#758,.F.);
#1074=ORIENTED_EDGE('',*,*,#731,.F.);
#1075=ORIENTED_EDGE('',*,*,#777,.F.);
#1076=ORIENTED_EDGE('',*,*,#817,.F.);
#1077=ORIENTED_EDGE('',*,*,#807,.F.);
#1078=ORIENTED_EDGE('',*,*,#818,.T.);
#1079=ORIENTED_EDGE('',*,*,#813,.F.);
#1080=ORIENTED_EDGE('',*,*,#809,.F.);
#1081=ORIENTED_EDGE('',*,*,#819,.F.);
#1082=ORIENTED_EDGE('',*,*,#760,.F.);
#1083=ORIENTED_EDGE('',*,*,#793,.F.);
#1084=ORIENTED_EDGE('',*,*,#794,.F.);
#1085=ORIENTED_EDGE('',*,*,#820,.F.);
#1086=ORIENTED_EDGE('',*,*,#821,.F.);
#1087=ORIENTED_EDGE('',*,*,#822,.T.);
#1088=ORIENTED_EDGE('',*,*,#797,.T.);
#1089=ORIENTED_EDGE('',*,*,#823,.F.);
#1090=ORIENTED_EDGE('',*,*,#824,.T.);
#1091=ORIENTED_EDGE('',*,*,#798,.T.);
#1092=ORIENTED_EDGE('',*,*,#822,.F.);
#1093=ORIENTED_EDGE('',*,*,#825,.F.);
#1094=ORIENTED_EDGE('',*,*,#826,.F.);
#1095=ORIENTED_EDGE('',*,*,#827,.F.);
#1096=ORIENTED_EDGE('',*,*,#828,.F.);
#1097=ORIENTED_EDGE('',*,*,#829,.F.);
#1098=ORIENTED_EDGE('',*,*,#802,.F.);
#1099=ORIENTED_EDGE('',*,*,#799,.F.);
#1100=ORIENTED_EDGE('',*,*,#824,.F.);
#1101=ORIENTED_EDGE('',*,*,#830,.F.);
#1102=ORIENTED_EDGE('',*,*,#831,.F.);
#1103=ORIENTED_EDGE('',*,*,#832,.F.);
#1104=ORIENTED_EDGE('',*,*,#833,.F.);
#1105=ORIENTED_EDGE('',*,*,#834,.F.);
#1106=ORIENTED_EDGE('',*,*,#814,.F.);
#1107=ORIENTED_EDGE('',*,*,#818,.F.);
#1108=ORIENTED_EDGE('',*,*,#806,.F.);
#1109=ORIENTED_EDGE('',*,*,#820,.T.);
#1110=ORIENTED_EDGE('',*,*,#796,.T.);
#1111=ORIENTED_EDGE('',*,*,#801,.T.);
#1112=ORIENTED_EDGE('',*,*,#835,.F.);
#1113=ORIENTED_EDGE('',*,*,#836,.T.);
#1114=ORIENTED_EDGE('',*,*,#837,.T.);
#1115=ORIENTED_EDGE('',*,*,#836,.F.);
#1116=ORIENTED_EDGE('',*,*,#838,.F.);
#1117=ORIENTED_EDGE('',*,*,#828,.T.);
#1118=ORIENTED_EDGE('',*,*,#839,.F.);
#1119=ORIENTED_EDGE('',*,*,#744,.F.);
#1120=ORIENTED_EDGE('',*,*,#776,.F.);
#1121=ORIENTED_EDGE('',*,*,#840,.T.);
#1122=ORIENTED_EDGE('',*,*,#811,.T.);
#1123=ORIENTED_EDGE('',*,*,#812,.T.);
#1124=ORIENTED_EDGE('',*,*,#834,.T.);
#1125=ORIENTED_EDGE('',*,*,#841,.F.);
#1126=ORIENTED_EDGE('',*,*,#788,.T.);
#1127=ORIENTED_EDGE('',*,*,#842,.F.);
#1128=ORIENTED_EDGE('',*,*,#830,.T.);
#1129=ORIENTED_EDGE('',*,*,#805,.T.);
#1130=ORIENTED_EDGE('',*,*,#843,.T.);
#1131=ORIENTED_EDGE('',*,*,#833,.T.);
#1132=ORIENTED_EDGE('',*,*,#844,.F.);
#1133=ORIENTED_EDGE('',*,*,#763,.F.);
#1134=ORIENTED_EDGE('',*,*,#789,.F.);
#1135=ORIENTED_EDGE('',*,*,#841,.T.);
#1136=ORIENTED_EDGE('',*,*,#816,.T.);
#1137=ORIENTED_EDGE('',*,*,#753,.F.);
#1138=ORIENTED_EDGE('',*,*,#815,.T.);
#1139=ORIENTED_EDGE('',*,*,#754,.T.);
#1140=ORIENTED_EDGE('',*,*,#837,.F.);
#1141=ORIENTED_EDGE('',*,*,#808,.T.);
#1142=ORIENTED_EDGE('',*,*,#843,.F.);
#1143=ORIENTED_EDGE('',*,*,#804,.T.);
#1144=ORIENTED_EDGE('',*,*,#817,.T.);
#1145=ORIENTED_EDGE('',*,*,#845,.T.);
#1146=ORIENTED_EDGE('',*,*,#846,.T.);
#1147=ORIENTED_EDGE('',*,*,#845,.F.);
#1148=ORIENTED_EDGE('',*,*,#819,.T.);
#1149=ORIENTED_EDGE('',*,*,#846,.F.);
#1150=ORIENTED_EDGE('',*,*,#821,.T.);
#1151=ORIENTED_EDGE('',*,*,#838,.T.);
#1152=ORIENTED_EDGE('',*,*,#835,.T.);
#1153=ORIENTED_EDGE('',*,*,#803,.T.);
#1154=ORIENTED_EDGE('',*,*,#829,.T.);
#1155=ORIENTED_EDGE('',*,*,#840,.F.);
#1156=ORIENTED_EDGE('',*,*,#775,.F.);
#1157=ORIENTED_EDGE('',*,*,#847,.F.);
#1158=ORIENTED_EDGE('',*,*,#825,.T.);
#1159=ORIENTED_EDGE('',*,*,#823,.T.);
#1160=ORIENTED_EDGE('',*,*,#832,.T.);
#1161=ORIENTED_EDGE('',*,*,#848,.T.);
#1162=ORIENTED_EDGE('',*,*,#764,.F.);
#1163=ORIENTED_EDGE('',*,*,#844,.T.);
#1164=ORIENTED_EDGE('',*,*,#827,.T.);
#1165=ORIENTED_EDGE('',*,*,#849,.T.);
#1166=ORIENTED_EDGE('',*,*,#745,.F.);
#1167=ORIENTED_EDGE('',*,*,#839,.T.);
#1168=ORIENTED_EDGE('',*,*,#719,.T.);
#1169=ORIENTED_EDGE('',*,*,#715,.F.);
#1170=ORIENTED_EDGE('',*,*,#773,.F.);
#1171=ORIENTED_EDGE('',*,*,#723,.F.);
#1172=ORIENTED_EDGE('',*,*,#850,.T.);
#1173=ORIENTED_EDGE('',*,*,#851,.T.);
#1174=ORIENTED_EDGE('',*,*,#852,.T.);
#1175=ORIENTED_EDGE('',*,*,#853,.T.);
#1176=ORIENTED_EDGE('',*,*,#854,.F.);
#1177=ORIENTED_EDGE('',*,*,#729,.F.);
#1178=ORIENTED_EDGE('',*,*,#855,.F.);
#1179=ORIENTED_EDGE('',*,*,#851,.F.);
#1180=ORIENTED_EDGE('',*,*,#855,.T.);
#1181=ORIENTED_EDGE('',*,*,#728,.F.);
#1182=ORIENTED_EDGE('',*,*,#856,.F.);
#1183=ORIENTED_EDGE('',*,*,#852,.F.);
#1184=ORIENTED_EDGE('',*,*,#856,.T.);
#1185=ORIENTED_EDGE('',*,*,#727,.F.);
#1186=ORIENTED_EDGE('',*,*,#857,.F.);
#1187=ORIENTED_EDGE('',*,*,#853,.F.);
#1188=ORIENTED_EDGE('',*,*,#857,.T.);
#1189=ORIENTED_EDGE('',*,*,#726,.F.);
#1190=ORIENTED_EDGE('',*,*,#854,.T.);
#1191=ORIENTED_EDGE('',*,*,#850,.F.);
#1192=ORIENTED_EDGE('',*,*,#858,.T.);
#1193=ORIENTED_EDGE('',*,*,#859,.F.);
#1194=ORIENTED_EDGE('',*,*,#860,.T.);
#1195=ORIENTED_EDGE('',*,*,#861,.T.);
#1196=ORIENTED_EDGE('',*,*,#862,.F.);
#1197=ORIENTED_EDGE('',*,*,#863,.T.);
#1198=ORIENTED_EDGE('',*,*,#864,.F.);
#1199=ORIENTED_EDGE('',*,*,#865,.T.);
#1200=ORIENTED_EDGE('',*,*,#866,.F.);
#1201=ORIENTED_EDGE('',*,*,#867,.F.);
#1202=ORIENTED_EDGE('',*,*,#868,.F.);
#1203=ORIENTED_EDGE('',*,*,#869,.T.);
#1204=ORIENTED_EDGE('',*,*,#870,.T.);
#1205=ORIENTED_EDGE('',*,*,#871,.F.);
#1206=ORIENTED_EDGE('',*,*,#870,.F.);
#1207=ORIENTED_EDGE('',*,*,#872,.T.);
#1208=ORIENTED_EDGE('',*,*,#873,.T.);
#1209=ORIENTED_EDGE('',*,*,#874,.T.);
#1210=ORIENTED_EDGE('',*,*,#875,.T.);
#1211=ORIENTED_EDGE('',*,*,#876,.T.);
#1212=ORIENTED_EDGE('',*,*,#863,.F.);
#1213=ORIENTED_EDGE('',*,*,#877,.F.);
#1214=ORIENTED_EDGE('',*,*,#858,.F.);
#1215=ORIENTED_EDGE('',*,*,#878,.T.);
#1216=ORIENTED_EDGE('',*,*,#879,.F.);
#1217=ORIENTED_EDGE('',*,*,#865,.F.);
#1218=ORIENTED_EDGE('',*,*,#880,.T.);
#1219=ORIENTED_EDGE('',*,*,#881,.T.);
#1220=ORIENTED_EDGE('',*,*,#882,.T.);
#1221=ORIENTED_EDGE('',*,*,#883,.T.);
#1222=ORIENTED_EDGE('',*,*,#884,.T.);
#1223=ORIENTED_EDGE('',*,*,#885,.T.);
#1224=ORIENTED_EDGE('',*,*,#886,.T.);
#1225=ORIENTED_EDGE('',*,*,#887,.T.);
#1226=ORIENTED_EDGE('',*,*,#831,.T.);
#1227=ORIENTED_EDGE('',*,*,#842,.T.);
#1228=ORIENTED_EDGE('',*,*,#787,.F.);
#1229=ORIENTED_EDGE('',*,*,#765,.F.);
#1230=ORIENTED_EDGE('',*,*,#848,.F.);
#1231=ORIENTED_EDGE('',*,*,#826,.T.);
#1232=ORIENTED_EDGE('',*,*,#847,.T.);
#1233=ORIENTED_EDGE('',*,*,#774,.F.);
#1234=ORIENTED_EDGE('',*,*,#746,.F.);
#1235=ORIENTED_EDGE('',*,*,#849,.F.);
#1236=ORIENTED_EDGE('',*,*,#862,.T.);
#1237=ORIENTED_EDGE('',*,*,#888,.T.);
#1238=ORIENTED_EDGE('',*,*,#859,.T.);
#1239=ORIENTED_EDGE('',*,*,#877,.T.);
#1240=ORIENTED_EDGE('',*,*,#889,.T.);
#1241=ORIENTED_EDGE('',*,*,#890,.T.);
#1242=ORIENTED_EDGE('',*,*,#860,.F.);
#1243=ORIENTED_EDGE('',*,*,#891,.T.);
#1244=ORIENTED_EDGE('',*,*,#861,.F.);
#1245=ORIENTED_EDGE('',*,*,#890,.F.);
#1246=ORIENTED_EDGE('',*,*,#888,.F.);
#1247=ORIENTED_EDGE('',*,*,#891,.F.);
#1248=ORIENTED_EDGE('',*,*,#892,.T.);
#1249=ORIENTED_EDGE('',*,*,#893,.T.);
#1250=ORIENTED_EDGE('',*,*,#894,.T.);
#1251=ORIENTED_EDGE('',*,*,#867,.T.);
#1252=ORIENTED_EDGE('',*,*,#879,.T.);
#1253=ORIENTED_EDGE('',*,*,#895,.F.);
#1254=ORIENTED_EDGE('',*,*,#868,.T.);
#1255=ORIENTED_EDGE('',*,*,#894,.F.);
#1256=ORIENTED_EDGE('',*,*,#896,.T.);
#1257=ORIENTED_EDGE('',*,*,#897,.T.);
#1258=ORIENTED_EDGE('',*,*,#892,.F.);
#1259=ORIENTED_EDGE('',*,*,#866,.T.);
#1260=ORIENTED_EDGE('',*,*,#898,.T.);
#1261=ORIENTED_EDGE('',*,*,#899,.T.);
#1262=ORIENTED_EDGE('',*,*,#896,.F.);
#1263=ORIENTED_EDGE('',*,*,#900,.T.);
#1264=ORIENTED_EDGE('',*,*,#897,.F.);
#1265=ORIENTED_EDGE('',*,*,#899,.F.);
#1266=ORIENTED_EDGE('',*,*,#893,.F.);
#1267=ORIENTED_EDGE('',*,*,#900,.F.);
#1268=ORIENTED_EDGE('',*,*,#889,.F.);
#1269=ORIENTED_EDGE('',*,*,#749,.T.);
#1270=ORIENTED_EDGE('',*,*,#898,.F.);
#1271=ORIENTED_EDGE('',*,*,#768,.T.);
#1272=ORIENTED_EDGE('',*,*,#880,.F.);
#1273=ORIENTED_EDGE('',*,*,#881,.F.);
#1274=ORIENTED_EDGE('',*,*,#901,.T.);
#1275=ORIENTED_EDGE('',*,*,#785,.F.);
#1276=ORIENTED_EDGE('',*,*,#786,.F.);
#1277=ORIENTED_EDGE('',*,*,#901,.F.);
#1278=ORIENTED_EDGE('',*,*,#882,.F.);
#1279=ORIENTED_EDGE('',*,*,#883,.F.);
#1280=ORIENTED_EDGE('',*,*,#902,.T.);
#1281=ORIENTED_EDGE('',*,*,#783,.F.);
#1282=ORIENTED_EDGE('',*,*,#784,.F.);
#1283=ORIENTED_EDGE('',*,*,#902,.F.);
#1284=ORIENTED_EDGE('',*,*,#884,.F.);
#1285=ORIENTED_EDGE('',*,*,#885,.F.);
#1286=ORIENTED_EDGE('',*,*,#903,.T.);
#1287=ORIENTED_EDGE('',*,*,#781,.F.);
#1288=ORIENTED_EDGE('',*,*,#782,.F.);
#1289=ORIENTED_EDGE('',*,*,#903,.F.);
#1290=ORIENTED_EDGE('',*,*,#779,.F.);
#1291=ORIENTED_EDGE('',*,*,#780,.F.);
#1292=ORIENTED_EDGE('',*,*,#904,.T.);
#1293=ORIENTED_EDGE('',*,*,#886,.F.);
#1294=ORIENTED_EDGE('',*,*,#887,.F.);
#1295=ORIENTED_EDGE('',*,*,#904,.F.);
#1296=ORIENTED_EDGE('',*,*,#905,.F.);
#1297=ORIENTED_EDGE('',*,*,#906,.T.);
#1298=ORIENTED_EDGE('',*,*,#907,.F.);
#1299=ORIENTED_EDGE('',*,*,#906,.F.);
#1300=ORIENTED_EDGE('',*,*,#908,.F.);
#1301=ORIENTED_EDGE('',*,*,#909,.T.);
#1302=ORIENTED_EDGE('',*,*,#910,.F.);
#1303=ORIENTED_EDGE('',*,*,#909,.F.);
#1304=ORIENTED_EDGE('',*,*,#911,.F.);
#1305=ORIENTED_EDGE('',*,*,#912,.F.);
#1306=ORIENTED_EDGE('',*,*,#913,.F.);
#1307=ORIENTED_EDGE('',*,*,#914,.T.);
#1308=ORIENTED_EDGE('',*,*,#915,.F.);
#1309=ORIENTED_EDGE('',*,*,#914,.F.);
#1310=ORIENTED_EDGE('',*,*,#916,.F.);
#1311=ORIENTED_EDGE('',*,*,#917,.F.);
#1312=ORIENTED_EDGE('',*,*,#917,.T.);
#1313=ORIENTED_EDGE('',*,*,#918,.T.);
#1314=ORIENTED_EDGE('',*,*,#872,.F.);
#1315=ORIENTED_EDGE('',*,*,#869,.F.);
#1316=ORIENTED_EDGE('',*,*,#895,.T.);
#1317=ORIENTED_EDGE('',*,*,#878,.F.);
#1318=ORIENTED_EDGE('',*,*,#864,.T.);
#1319=ORIENTED_EDGE('',*,*,#876,.F.);
#1320=ORIENTED_EDGE('',*,*,#919,.T.);
#1321=ORIENTED_EDGE('',*,*,#912,.T.);
#1322=ORIENTED_EDGE('',*,*,#920,.T.);
#1323=ORIENTED_EDGE('',*,*,#921,.T.);
#1324=ORIENTED_EDGE('',*,*,#922,.T.);
#1325=ORIENTED_EDGE('',*,*,#908,.T.);
#1326=ORIENTED_EDGE('',*,*,#905,.T.);
#1327=ORIENTED_EDGE('',*,*,#916,.T.);
#1328=ORIENTED_EDGE('',*,*,#922,.F.);
#1329=ORIENTED_EDGE('',*,*,#923,.T.);
#1330=ORIENTED_EDGE('',*,*,#924,.F.);
#1331=ORIENTED_EDGE('',*,*,#873,.F.);
#1332=ORIENTED_EDGE('',*,*,#918,.F.);
#1333=ORIENTED_EDGE('',*,*,#923,.F.);
#1334=ORIENTED_EDGE('',*,*,#921,.F.);
#1335=ORIENTED_EDGE('',*,*,#925,.F.);
#1336=ORIENTED_EDGE('',*,*,#926,.F.);
#1337=ORIENTED_EDGE('',*,*,#874,.F.);
#1338=ORIENTED_EDGE('',*,*,#924,.T.);
#1339=ORIENTED_EDGE('',*,*,#926,.T.);
#1340=ORIENTED_EDGE('',*,*,#927,.T.);
#1341=ORIENTED_EDGE('',*,*,#913,.T.);
#1342=ORIENTED_EDGE('',*,*,#911,.T.);
#1343=ORIENTED_EDGE('',*,*,#919,.F.);
#1344=ORIENTED_EDGE('',*,*,#875,.F.);
#1345=ORIENTED_EDGE('',*,*,#927,.F.);
#1346=ORIENTED_EDGE('',*,*,#925,.T.);
#1347=ORIENTED_EDGE('',*,*,#920,.F.);
#1348=ORIENTED_EDGE('',*,*,#871,.T.);
#1349=ORIENTED_EDGE('',*,*,#771,.F.);
#1350=ORIENTED_EDGE('',*,*,#772,.T.);
#1351=ORIENTED_EDGE('',*,*,#907,.T.);
#1352=ORIENTED_EDGE('',*,*,#910,.T.);
#1353=ORIENTED_EDGE('',*,*,#915,.T.);
#1354=B_SPLINE_SURFACE_WITH_KNOTS('',3,3,((#1943,#1944,#1945,#1946),(#1947,
#1948,#1949,#1950),(#1951,#1952,#1953,#1954),(#1955,#1956,#1957,#1958),
(#1959,#1960,#1961,#1962),(#1963,#1964,#1965,#1966)),.UNSPECIFIED.,.F.,
 .F.,.F.,(4,1,1,4),(4,4),(0.,0.285714285714286,0.571428571428571,1.),(-0.474015705349729,
1.20444722583841),.UNSPECIFIED.);
#1355=B_SPLINE_SURFACE_WITH_KNOTS('',3,1,((#2001,#2002),(#2003,#2004),(#2005,
#2006),(#2007,#2008),(#2009,#2010),(#2011,#2012),(#2013,#2014),(#2015,#2016),
(#2017,#2018),(#2019,#2020),(#2021,#2022),(#2023,#2024),(#2025,#2026),(#2027,
#2028),(#2029,#2030),(#2031,#2032),(#2033,#2034),(#2035,#2036),(#2037,#2038),
(#2039,#2040),(#2041,#2042),(#2043,#2044),(#2045,#2046),(#2047,#2048),(#2049,
#2050),(#2051,#2052),(#2053,#2054),(#2055,#2056),(#2057,#2058),(#2059,#2060),
(#2061,#2062)),.UNSPECIFIED.,.F.,.F.,.F.,(4,3,3,3,3,3,3,3,3,3,4),(2,2),
(-1.04519485775851,-1.01411845021157,-1.,-0.799825527565548,-0.617846323575625,
-0.471521781818023,-0.333824250240153,-0.131139240349056,0.,0.0141236688173908,
0.0452126621634615),(-1.81243314627266E-11,1.0610150324908),
 .UNSPECIFIED.);
#1356=B_SPLINE_SURFACE_WITH_KNOTS('',3,3,((#2101,#2102,#2103,#2104),(#2105,
#2106,#2107,#2108),(#2109,#2110,#2111,#2112),(#2113,#2114,#2115,#2116),
(#2117,#2118,#2119,#2120),(#2121,#2122,#2123,#2124)),.UNSPECIFIED.,.F.,
 .F.,.F.,(4,1,1,4),(4,4),(0.,0.285714285714286,0.571428571428571,1.),(7.87256036165441E-14,
1.67622411388011),.UNSPECIFIED.);
#1357=B_SPLINE_SURFACE_WITH_KNOTS('',3,1,((#3119,#3120),(#3121,#3122),(#3123,
#3124),(#3125,#3126),(#3127,#3128),(#3129,#3130),(#3131,#3132),(#3133,#3134),
(#3135,#3136),(#3137,#3138),(#3139,#3140),(#3141,#3142),(#3143,#3144),(#3145,
#3146),(#3147,#3148),(#3149,#3150)),.UNSPECIFIED.,.F.,.F.,.F.,(4,3,3,3,
3,4),(2,2),(0.235110388252226,0.328072390625647,0.454668759388277,0.598330720003888,
0.748515653689219,0.764467639935635),(0.,1.2),.UNSPECIFIED.);
#1358=B_SPLINE_SURFACE_WITH_KNOTS('',3,3,((#3153,#3154,#3155,#3156,#3157,
#3158,#3159,#3160,#3161,#3162,#3163,#3164,#3165,#3166,#3167,#3168,#3169,
#3170,#3171,#3172,#3173,#3174,#3175,#3176,#3177,#3178,#3179,#3180,#3181,
#3182,#3183),(#3184,#3185,#3186,#3187,#3188,#3189,#3190,#3191,#3192,#3193,
#3194,#3195,#3196,#3197,#3198,#3199,#3200,#3201,#3202,#3203,#3204,#3205,
#3206,#3207,#3208,#3209,#3210,#3211,#3212,#3213,#3214),(#3215,#3216,#3217,
#3218,#3219,#3220,#3221,#3222,#3223,#3224,#3225,#3226,#3227,#3228,#3229,
#3230,#3231,#3232,#3233,#3234,#3235,#3236,#3237,#3238,#3239,#3240,#3241,
#3242,#3243,#3244,#3245),(#3246,#3247,#3248,#3249,#3250,#3251,#3252,#3253,
#3254,#3255,#3256,#3257,#3258,#3259,#3260,#3261,#3262,#3263,#3264,#3265,
#3266,#3267,#3268,#3269,#3270,#3271,#3272,#3273,#3274,#3275,#3276),(#3277,
#3278,#3279,#3280,#3281,#3282,#3283,#3284,#3285,#3286,#3287,#3288,#3289,
#3290,#3291,#3292,#3293,#3294,#3295,#3296,#3297,#3298,#3299,#3300,#3301,
#3302,#3303,#3304,#3305,#3306,#3307)),.UNSPECIFIED.,.F.,.F.,.F.,(4,1,4),
(4,1,1,1,1,1,1,1,1,1,1,1,1,1,1,1,1,1,1,1,2,1,2,1,1,1,4),(0.,0.571428571428571,
1.),(-20.7710446091801,-19.9597039237839,-19.1483632383877,-17.5256818675952,
-16.4438942870669,-14.8212129162744,-14.2803191260102,-13.1985315454819,
-12.1167439649536,-11.7110736222555,-11.0349563844253,-10.2236156990291,
-9.81794535633093,-9.51369259930734,-9.41227501363281,-8.60093432823658,
-7.78959364284034,-7.18108812879316,-6.9782529574441,-6.16691227204787,
-4.5442309012554,-3.56143994745318,-2.57864899365097,-1.03145959731769,
-0.515729798539936,-0.386797348845496,2.37823141826408E-10),
 .UNSPECIFIED.);
#1359=B_SPLINE_SURFACE_WITH_KNOTS('',3,3,((#4235,#4236,#4237,#4238,#4239,
#4240,#4241,#4242,#4243,#4244,#4245,#4246,#4247,#4248,#4249),(#4250,#4251,
#4252,#4253,#4254,#4255,#4256,#4257,#4258,#4259,#4260,#4261,#4262,#4263,
#4264),(#4265,#4266,#4267,#4268,#4269,#4270,#4271,#4272,#4273,#4274,#4275,
#4276,#4277,#4278,#4279),(#4280,#4281,#4282,#4283,#4284,#4285,#4286,#4287,
#4288,#4289,#4290,#4291,#4292,#4293,#4294),(#4295,#4296,#4297,#4298,#4299,
#4300,#4301,#4302,#4303,#4304,#4305,#4306,#4307,#4308,#4309)),
 .UNSPECIFIED.,.F.,.F.,.F.,(4,1,4),(4,1,1,1,1,1,1,1,1,1,1,1,4),(0.,0.571428571428571,
1.),(0.,1.24029152908353,2.48058305816706,3.72087458725059,4.5477356066396,
4.96116611633411,5.37459662602862,6.20145764541764,7.44174917450117,7.9068584979075,
8.06189493904294,8.37196782131382,8.6820407035847),.UNSPECIFIED.);
#1360=B_SPLINE_SURFACE_WITH_KNOTS('',3,3,((#4331,#4332,#4333,#4334,#4335,
#4336,#4337,#4338,#4339,#4340,#4341,#4342,#4343,#4344),(#4345,#4346,#4347,
#4348,#4349,#4350,#4351,#4352,#4353,#4354,#4355,#4356,#4357,#4358),(#4359,
#4360,#4361,#4362,#4363,#4364,#4365,#4366,#4367,#4368,#4369,#4370,#4371,
#4372),(#4373,#4374,#4375,#4376,#4377,#4378,#4379,#4380,#4381,#4382,#4383,
#4384,#4385,#4386),(#4387,#4388,#4389,#4390,#4391,#4392,#4393,#4394,#4395,
#4396,#4397,#4398,#4399,#4400)),.UNSPECIFIED.,.F.,.F.,.F.,(4,1,4),(4,1,
1,1,1,1,1,1,1,1,1,4),(0.,0.571428571428571,1.),(0.,0.310073305957128,0.620146611914255,
1.24029322382851,2.48058644765702,2.89401752226652,3.72087967148553,4.13431074609503,
4.96117289531404,6.20146611914255,7.44175934297106,8.68205256679957),
 .UNSPECIFIED.);
#1361=B_SPLINE_SURFACE_WITH_KNOTS('',3,3,((#4419,#4420,#4421,#4422,#4423,
#4424,#4425,#4426,#4427,#4428,#4429,#4430,#4431,#4432,#4433,#4434,#4435,
#4436,#4437,#4438,#4439,#4440,#4441,#4442,#4443,#4444,#4445,#4446),(#4447,
#4448,#4449,#4450,#4451,#4452,#4453,#4454,#4455,#4456,#4457,#4458,#4459,
#4460,#4461,#4462,#4463,#4464,#4465,#4466,#4467,#4468,#4469,#4470,#4471,
#4472,#4473,#4474),(#4475,#4476,#4477,#4478,#4479,#4480,#4481,#4482,#4483,
#4484,#4485,#4486,#4487,#4488,#4489,#4490,#4491,#4492,#4493,#4494,#4495,
#4496,#4497,#4498,#4499,#4500,#4501,#4502),(#4503,#4504,#4505,#4506,#4507,
#4508,#4509,#4510,#4511,#4512,#4513,#4514,#4515,#4516,#4517,#4518,#4519,
#4520,#4521,#4522,#4523,#4524,#4525,#4526,#4527,#4528,#4529,#4530),(#4531,
#4532,#4533,#4534,#4535,#4536,#4537,#4538,#4539,#4540,#4541,#4542,#4543,
#4544,#4545,#4546,#4547,#4548,#4549,#4550,#4551,#4552,#4553,#4554,#4555,
#4556,#4557,#4558)),.UNSPECIFIED.,.F.,.F.,.F.,(4,1,4),(4,1,1,1,2,2,1,1,
1,1,1,1,1,1,1,1,1,1,1,1,1,1,1,4),(0.,0.571428571428571,1.),(-20.7718084452062,
-20.2565223719631,-19.7412362987199,-18.7106641522336,-18.1953780789904,
-16.2298140601393,-15.4183233571324,-14.6068326541254,-13.7953419511184,
-13.389596599615,-12.9838512481115,-12.1723605451045,-11.3608698420975,
-10.5493791390906,-9.73788843608361,-9.19689463407896,-8.65590083207432,
-7.57391322806503,-7.03291942606038,-6.49192562405574,-5.40993802004645,
-3.24596281202787,-1.62298140601393,0.),.UNSPECIFIED.);
#1362=ADVANCED_FACE('',(#337),#1354,.T.);
#1363=ADVANCED_FACE('',(#338),#1355,.T.);
#1364=ADVANCED_FACE('',(#339),#1356,.T.);
#1365=ADVANCED_FACE('',(#340,#53),#299,.T.);
#1366=ADVANCED_FACE('',(#341),#300,.T.);
#1367=ADVANCED_FACE('',(#342),#301,.T.);
#1368=ADVANCED_FACE('',(#343),#302,.F.);
#1369=ADVANCED_FACE('',(#344),#30,.F.);
#1370=ADVANCED_FACE('',(#345),#303,.T.);
#1371=ADVANCED_FACE('',(#346),#31,.F.);
#1372=ADVANCED_FACE('',(#347,#54,#55,#56,#57,#58,#59,#60),#28,.T.);
#1373=ADVANCED_FACE('',(#348),#304,.T.);
#1374=ADVANCED_FACE('',(#349),#305,.T.);
#1375=ADVANCED_FACE('',(#350),#306,.T.);
#1376=ADVANCED_FACE('',(#351),#307,.T.);
#1377=ADVANCED_FACE('',(#352),#308,.F.);
#1378=ADVANCED_FACE('',(#353),#309,.F.);
#1379=ADVANCED_FACE('',(#354),#310,.F.);
#1380=ADVANCED_FACE('',(#355),#311,.F.);
#1381=ADVANCED_FACE('',(#356),#312,.F.);
#1382=ADVANCED_FACE('',(#357),#313,.F.);
#1383=ADVANCED_FACE('',(#358),#314,.F.);
#1384=ADVANCED_FACE('',(#359),#315,.F.);
#1385=ADVANCED_FACE('',(#360),#316,.F.);
#1386=ADVANCED_FACE('',(#361),#317,.F.);
#1387=ADVANCED_FACE('',(#362),#318,.F.);
#1388=ADVANCED_FACE('',(#363),#32,.F.);
#1389=ADVANCED_FACE('',(#364),#33,.F.);
#1390=ADVANCED_FACE('',(#365),#34,.F.);
#1391=ADVANCED_FACE('',(#366),#35,.T.);
#1392=ADVANCED_FACE('',(#367),#319,.F.);
#1393=ADVANCED_FACE('',(#368),#36,.T.);
#1394=ADVANCED_FACE('',(#369),#320,.T.);
#1395=ADVANCED_FACE('',(#370),#321,.T.);
#1396=ADVANCED_FACE('',(#371),#37,.F.);
#1397=ADVANCED_FACE('',(#372),#322,.T.);
#1398=ADVANCED_FACE('',(#373),#323,.F.);
#1399=ADVANCED_FACE('',(#374),#324,.F.);
#1400=ADVANCED_FACE('',(#375),#325,.F.);
#1401=ADVANCED_FACE('',(#376,#61),#326,.F.);
#1402=ADVANCED_FACE('',(#377),#327,.T.);
#1403=ADVANCED_FACE('',(#378),#38,.F.);
#1404=ADVANCED_FACE('',(#379),#1357,.T.);
#1405=ADVANCED_FACE('',(#380),#39,.F.);
#1406=ADVANCED_FACE('',(#381),#1358,.T.);
#1407=ADVANCED_FACE('',(#382,#62,#63,#64,#65),#29,.T.);
#1408=ADVANCED_FACE('',(#383),#40,.T.);
#1409=ADVANCED_FACE('',(#384),#41,.T.);
#1410=ADVANCED_FACE('',(#385),#1359,.T.);
#1411=ADVANCED_FACE('',(#386),#25,.T.);
#1412=ADVANCED_FACE('',(#387),#42,.T.);
#1413=ADVANCED_FACE('',(#388),#1360,.T.);
#1414=ADVANCED_FACE('',(#389),#1361,.T.);
#1415=ADVANCED_FACE('',(#390),#26,.T.);
#1416=ADVANCED_FACE('',(#391),#43,.T.);
#1417=ADVANCED_FACE('',(#392,#66),#328,.T.);
#1418=ADVANCED_FACE('',(#393,#67),#329,.T.);
#1419=ADVANCED_FACE('',(#394),#44,.F.);
#1420=ADVANCED_FACE('',(#395),#45,.F.);
#1421=ADVANCED_FACE('',(#396),#46,.F.);
#1422=ADVANCED_FACE('',(#397),#47,.F.);
#1423=ADVANCED_FACE('',(#398),#48,.F.);
#1424=ADVANCED_FACE('',(#399),#49,.F.);
#1425=ADVANCED_FACE('',(#400),#50,.F.);
#1426=ADVANCED_FACE('',(#401),#51,.F.);
#1427=ADVANCED_FACE('',(#402),#52,.F.);
#1428=ADVANCED_FACE('',(#403,#68,#69),#330,.T.);
#1429=ADVANCED_FACE('',(#404),#331,.F.);
#1430=ADVANCED_FACE('',(#405),#332,.F.);
#1431=ADVANCED_FACE('',(#406,#70),#333,.F.);
#1432=ADVANCED_FACE('',(#407),#334,.F.);
#1433=ADVANCED_FACE('',(#408,#71),#335,.T.);
#1434=ADVANCED_FACE('',(#409,#72,#73,#74),#336,.T.);
#1435=CLOSED_SHELL('',(#1362,#1363,#1364,#1365,#1366,#1367,#1368,#1369,
#1370,#1371,#1372,#1373,#1374,#1375,#1376,#1377,#1378,#1379,#1380,#1381,
#1382,#1383,#1384,#1385,#1386,#1387,#1388,#1389,#1390,#1391,#1392,#1393,
#1394,#1395,#1396,#1397,#1398,#1399,#1400,#1401,#1402,#1403,#1404,#1405,
#1406,#1407,#1408,#1409,#1410,#1411,#1412,#1413,#1414,#1415,#1416,#1417,
#1418,#1419,#1420,#1421,#1422,#1423,#1424,#1425,#1426,#1427,#1428,#1429,
#1430,#1431,#1432,#1433,#1434));
#1436=DERIVED_UNIT_ELEMENT(#1440,1.);
#1437=DERIVED_UNIT_ELEMENT(#4683,-3.);
#1438=DERIVED_UNIT_ELEMENT(#1440,1.);
#1439=DERIVED_UNIT_ELEMENT(#4683,-3.);
#1440=(
MASS_UNIT()
NAMED_UNIT(*)
SI_UNIT(.KILO.,.GRAM.)
);
#1441=DERIVED_UNIT((#1436,#1437));
#1442=DERIVED_UNIT((#1438,#1439));
#1443=MEASURE_REPRESENTATION_ITEM('density measure',
POSITIVE_RATIO_MEASURE(7850.),#1441);
#1444=MEASURE_REPRESENTATION_ITEM('density measure',
POSITIVE_RATIO_MEASURE(7850.),#1442);
#1445=PROPERTY_DEFINITION_REPRESENTATION(#1455,#1449);
#1446=PROPERTY_DEFINITION_REPRESENTATION(#1456,#1450);
#1447=PROPERTY_DEFINITION_REPRESENTATION(#1457,#1451);
#1448=PROPERTY_DEFINITION_REPRESENTATION(#1458,#1452);
#1449=REPRESENTATION('material name',(#1453),#4679);
#1450=REPRESENTATION('density',(#1443),#4679);
#1451=REPRESENTATION('material name',(#1454),#4680);
#1452=REPRESENTATION('density',(#1444),#4680);
#1453=DESCRIPTIVE_REPRESENTATION_ITEM('Steel','Steel');
#1454=DESCRIPTIVE_REPRESENTATION_ITEM('Steel','Steel');
#1455=PROPERTY_DEFINITION('material property','material name',#4699);
#1456=PROPERTY_DEFINITION('material property','density of part',#4699);
#1457=PROPERTY_DEFINITION('material property','material name',#4700);
#1458=PROPERTY_DEFINITION('material property','density of part',#4700);
#1459=AXIS2_PLACEMENT_3D('',#1941,#1593,#1594);
#1460=AXIS2_PLACEMENT_3D('',#1942,#1595,#1596);
#1461=AXIS2_PLACEMENT_3D('',#2153,#1597,#1598);
#1462=AXIS2_PLACEMENT_3D('',#2154,#1599,#1600);
#1463=AXIS2_PLACEMENT_3D('',#2157,#1601,#1602);
#1464=AXIS2_PLACEMENT_3D('',#2172,#1603,#1604);
#1465=AXIS2_PLACEMENT_3D('',#2174,#1606,#1607);
#1466=AXIS2_PLACEMENT_3D('',#2186,#1611,#1612);
#1467=AXIS2_PLACEMENT_3D('',#2200,#1617,#1618);
#1468=AXIS2_PLACEMENT_3D('',#2202,#1619,#1620);
#1469=AXIS2_PLACEMENT_3D('',#2206,#1623,#1624);
#1470=AXIS2_PLACEMENT_3D('',#2209,#1625,#1626);
#1471=AXIS2_PLACEMENT_3D('',#2218,#1628,#1629);
#1472=AXIS2_PLACEMENT_3D('',#2238,#1632,#1633);
#1473=AXIS2_PLACEMENT_3D('',#2264,#1635,#1636);
#1474=AXIS2_PLACEMENT_3D('',#2266,#1638,#1639);
#1475=AXIS2_PLACEMENT_3D('',#2281,#1644,#1645);
#1476=AXIS2_PLACEMENT_3D('',#2285,#1647,#1648);
#1477=AXIS2_PLACEMENT_3D('',#2320,#1651,#1652);
#1478=AXIS2_PLACEMENT_3D('',#2334,#1655,#1656);
#1479=AXIS2_PLACEMENT_3D('',#2653,#1657,#1658);
#1480=AXIS2_PLACEMENT_3D('',#2654,#1659,#1660);
#1481=AXIS2_PLACEMENT_3D('',#2655,#1661,#1662);
#1482=AXIS2_PLACEMENT_3D('',#2975,#1663,#1664);
#1483=AXIS2_PLACEMENT_3D('',#2979,#1667,#1668);
#1484=AXIS2_PLACEMENT_3D('',#2982,#1671,#1672);
#1485=AXIS2_PLACEMENT_3D('',#2983,#1673,#1674);
#1486=AXIS2_PLACEMENT_3D('',#2984,#1675,#1676);
#1487=AXIS2_PLACEMENT_3D('',#2987,#1677,#1678);
#1488=AXIS2_PLACEMENT_3D('',#2993,#1681,#1682);
#1489=AXIS2_PLACEMENT_3D('',#2995,#1684,#1685);
#1490=AXIS2_PLACEMENT_3D('',#3001,#1689,#1690);
#1491=AXIS2_PLACEMENT_3D('',#3010,#1695,#1696);
#1492=AXIS2_PLACEMENT_3D('',#3019,#1701,#1702);
#1493=AXIS2_PLACEMENT_3D('',#3025,#1706,#1707);
#1494=AXIS2_PLACEMENT_3D('',#3027,#1709,#1710);
#1495=AXIS2_PLACEMENT_3D('',#3029,#1712,#1713);
#1496=AXIS2_PLACEMENT_3D('',#3031,#1714,#1715);
#1497=AXIS2_PLACEMENT_3D('',#3032,#1716,#1717);
#1498=AXIS2_PLACEMENT_3D('',#3033,#1718,#1719);
#1499=AXIS2_PLACEMENT_3D('',#3034,#1720,#1721);
#1500=AXIS2_PLACEMENT_3D('',#3035,#1722,#1723);
#1501=AXIS2_PLACEMENT_3D('',#3041,#1727,#1728);
#1502=AXIS2_PLACEMENT_3D('',#3045,#1731,#1732);
#1503=AXIS2_PLACEMENT_3D('',#3047,#1733,#1734);
#1504=AXIS2_PLACEMENT_3D('',#3051,#1736,#1737);
#1505=AXIS2_PLACEMENT_3D('',#3054,#1739,#1740);
#1506=AXIS2_PLACEMENT_3D('',#3055,#1741,#1742);
#1507=AXIS2_PLACEMENT_3D('',#3057,#1743,#1744);
#1508=AXIS2_PLACEMENT_3D('',#3061,#1746,#1747);
#1509=AXIS2_PLACEMENT_3D('',#3064,#1749,#1750);
#1510=AXIS2_PLACEMENT_3D('',#3065,#1751,#1752);
#1511=AXIS2_PLACEMENT_3D('',#3067,#1753,#1754);
#1512=AXIS2_PLACEMENT_3D('',#3070,#1756,#1757);
#1513=AXIS2_PLACEMENT_3D('',#3071,#1758,#1759);
#1514=AXIS2_PLACEMENT_3D('',#3072,#1760,#1761);
#1515=AXIS2_PLACEMENT_3D('',#3073,#1762,#1763);
#1516=AXIS2_PLACEMENT_3D('',#3074,#1764,#1765);
#1517=AXIS2_PLACEMENT_3D('',#3075,#1766,#1767);
#1518=AXIS2_PLACEMENT_3D('',#3076,#1768,#1769);
#1519=AXIS2_PLACEMENT_3D('',#3077,#1770,#1771);
#1520=AXIS2_PLACEMENT_3D('',#3078,#1772,#1773);
#1521=AXIS2_PLACEMENT_3D('',#3079,#1774,#1775);
#1522=AXIS2_PLACEMENT_3D('',#3080,#1776,#1777);
#1523=AXIS2_PLACEMENT_3D('',#3081,#1778,#1779);
#1524=AXIS2_PLACEMENT_3D('',#3082,#1780,#1781);
#1525=AXIS2_PLACEMENT_3D('',#3083,#1782,#1783);
#1526=AXIS2_PLACEMENT_3D('',#3086,#1785,#1786);
#1527=AXIS2_PLACEMENT_3D('',#3087,#1787,#1788);
#1528=AXIS2_PLACEMENT_3D('',#3088,#1789,#1790);
#1529=AXIS2_PLACEMENT_3D('',#3089,#1791,#1792);
#1530=AXIS2_PLACEMENT_3D('',#3090,#1793,#1794);
#1531=AXIS2_PLACEMENT_3D('',#3091,#1795,#1796);
#1532=AXIS2_PLACEMENT_3D('',#3092,#1797,#1798);
#1533=AXIS2_PLACEMENT_3D('',#3093,#1799,#1800);
#1534=AXIS2_PLACEMENT_3D('',#3094,#1801,#1802);
#1535=AXIS2_PLACEMENT_3D('',#3097,#1803,#1804);
#1536=AXIS2_PLACEMENT_3D('',#3101,#1806,#1807);
#1537=AXIS2_PLACEMENT_3D('',#3114,#1808,#1809);
#1538=AXIS2_PLACEMENT_3D('',#3117,#1812,#1813);
#1539=AXIS2_PLACEMENT_3D('',#3152,#1816,#1817);
#1540=AXIS2_PLACEMENT_3D('',#3334,#1818,#1819);
#1541=AXIS2_PLACEMENT_3D('',#3373,#1820,#1821);
#1542=AXIS2_PLACEMENT_3D('',#3677,#1822,#1823);
#1543=AXIS2_PLACEMENT_3D('',#3959,#1824,#1825);
#1544=AXIS2_PLACEMENT_3D('',#3961,#1826,#1827);
#1545=AXIS2_PLACEMENT_3D('',#3970,#1828,#1829);
#1546=AXIS2_PLACEMENT_3D('',#3978,#1830,#1831);
#1547=AXIS2_PLACEMENT_3D('',#3995,#1832,#1833);
#1548=AXIS2_PLACEMENT_3D('',#4233,#1834,#1835);
#1549=AXIS2_PLACEMENT_3D('',#4234,#1836,#1837);
#1550=AXIS2_PLACEMENT_3D('',#4325,#1838,#1839);
#1551=AXIS2_PLACEMENT_3D('',#4327,#1840,#1841);
#1552=AXIS2_PLACEMENT_3D('',#4328,#1842,#1843);
#1553=AXIS2_PLACEMENT_3D('',#4329,#1844,#1845);
#1554=AXIS2_PLACEMENT_3D('',#4330,#1846,#1847);
#1555=AXIS2_PLACEMENT_3D('',#4402,#1848,#1849);
#1556=AXIS2_PLACEMENT_3D('',#4418,#1850,#1851);
#1557=AXIS2_PLACEMENT_3D('',#4606,#1852,#1853);
#1558=AXIS2_PLACEMENT_3D('',#4608,#1854,#1855);
#1559=AXIS2_PLACEMENT_3D('',#4609,#1856,#1857);
#1560=AXIS2_PLACEMENT_3D('',#4610,#1858,#1859);
#1561=AXIS2_PLACEMENT_3D('',#4611,#1860,#1861);
#1562=AXIS2_PLACEMENT_3D('',#4612,#1862,#1863);
#1563=AXIS2_PLACEMENT_3D('',#4613,#1864,#1865);
#1564=AXIS2_PLACEMENT_3D('',#4614,#1866,#1867);
#1565=AXIS2_PLACEMENT_3D('',#4616,#1869,#1870);
#1566=AXIS2_PLACEMENT_3D('',#4618,#1872,#1873);
#1567=AXIS2_PLACEMENT_3D('',#4620,#1875,#1876);
#1568=AXIS2_PLACEMENT_3D('',#4622,#1878,#1879);
#1569=AXIS2_PLACEMENT_3D('',#4624,#1880,#1881);
#1570=AXIS2_PLACEMENT_3D('',#4627,#1883,#1884);
#1571=AXIS2_PLACEMENT_3D('',#4628,#1885,#1886);
#1572=AXIS2_PLACEMENT_3D('',#4630,#1887,#1888);
#1573=AXIS2_PLACEMENT_3D('',#4633,#1890,#1891);
#1574=AXIS2_PLACEMENT_3D('',#4634,#1892,#1893);
#1575=AXIS2_PLACEMENT_3D('',#4637,#1894,#1895);
#1576=AXIS2_PLACEMENT_3D('',#4638,#1896,#1897);
#1577=AXIS2_PLACEMENT_3D('',#4639,#1898,#1899);
#1578=AXIS2_PLACEMENT_3D('',#4641,#1900,#1901);
#1579=AXIS2_PLACEMENT_3D('',#4644,#1903,#1904);
#1580=AXIS2_PLACEMENT_3D('',#4645,#1905,#1906);
#1581=AXIS2_PLACEMENT_3D('',#4648,#1907,#1908);
#1582=AXIS2_PLACEMENT_3D('',#4649,#1909,#1910);
#1583=AXIS2_PLACEMENT_3D('',#4650,#1911,#1912);
#1584=AXIS2_PLACEMENT_3D('',#4658,#1918,#1919);
#1585=AXIS2_PLACEMENT_3D('',#4662,#1922,#1923);
#1586=AXIS2_PLACEMENT_3D('',#4666,#1926,#1927);
#1587=AXIS2_PLACEMENT_3D('',#4668,#1929,#1930);
#1588=AXIS2_PLACEMENT_3D('',#4669,#1931,#1932);
#1589=AXIS2_PLACEMENT_3D('',#4670,#1933,#1934);
#1590=AXIS2_PLACEMENT_3D('',#4671,#1935,#1936);
#1591=AXIS2_PLACEMENT_3D('',#4672,#1937,#1938);
#1592=AXIS2_PLACEMENT_3D('',#4673,#1939,#1940);
#1593=DIRECTION('axis',(0.,0.,1.));
#1594=DIRECTION('refdir',(1.,0.,0.));
#1595=DIRECTION('axis',(0.,0.,1.));
#1596=DIRECTION('refdir',(1.,0.,0.));
#1597=DIRECTION('center_axis',(0.,0.,1.));
#1598=DIRECTION('ref_axis',(1.,0.,0.));
#1599=DIRECTION('center_axis',(-4.93080785006675E-14,8.53257362977657E-15,
-1.));
#1600=DIRECTION('ref_axis',(0.977142259512788,-0.212586463995816,-4.99477879383247E-14));
#1601=DIRECTION('center_axis',(0.,0.,-1.));
#1602=DIRECTION('ref_axis',(-0.9016560200648,-0.432453953018013,0.));
#1603=DIRECTION('center_axis',(0.,0.,-1.));
#1604=DIRECTION('ref_axis',(0.866025403784508,-0.499999999999881,0.));
#1605=DIRECTION('',(-0.49999999999988,-0.866025403784508,0.));
#1606=DIRECTION('center_axis',(-0.499999999999979,-0.866025403784451,1.37427284717721E-14));
#1607=DIRECTION('ref_axis',(-0.708140820105097,0.408845293111808,-0.575657975886028));
#1608=DIRECTION('',(-0.498534431008432,0.287828987943012,0.817690586223665));
#1609=DIRECTION('',(0.708140820105098,-0.408845293111808,0.575657975886028));
#1610=DIRECTION('',(-0.498534431008432,0.287828987943012,0.817690586223665));
#1611=DIRECTION('center_axis',(0.499999999999979,0.866025403784451,-1.37427284717721E-14));
#1612=DIRECTION('ref_axis',(0.708140820105097,-0.408845293111808,0.575657975886028));
#1613=DIRECTION('',(0.498534431008432,-0.287828987943012,-0.817690586223665));
#1614=DIRECTION('',(-0.708140820105098,0.408845293111808,-0.575657975886028));
#1615=DIRECTION('',(0.498534431008432,-0.287828987943012,-0.817690586223665));
#1616=DIRECTION('',(0.708140820105084,-0.408845293111832,0.575657975886028));
#1617=DIRECTION('center_axis',(0.708140820105098,-0.408845293111808,0.575657975886028));
#1618=DIRECTION('ref_axis',(0.498534431008432,-0.287828987943012,-0.817690586223665));
#1619=DIRECTION('center_axis',(-0.708140820105098,0.408845293111808,-0.575657975886028));
#1620=DIRECTION('ref_axis',(0.5,0.866025403784439,-2.97829596022518E-16));
#1621=DIRECTION('',(-0.499999999999979,-0.866025403784451,1.3988810110277E-14));
#1622=DIRECTION('',(0.498534431008432,-0.287828987943012,-0.817690586223665));
#1623=DIRECTION('center_axis',(0.708140820105084,-0.408845293111832,0.575657975886028));
#1624=DIRECTION('ref_axis',(0.5,0.866025403784439,-3.76036220149894E-16));
#1625=DIRECTION('center_axis',(-0.708140820105098,0.408845293111808,-0.575657975886028));
#1626=DIRECTION('ref_axis',(0.5,0.866025403784439,-3.76036220149894E-16));
#1627=DIRECTION('',(-0.708140818493737,0.408845284843475,-0.575657983740587));
#1628=DIRECTION('center_axis',(-0.708140818493737,0.408845284843475,-0.575657983740587));
#1629=DIRECTION('ref_axis',(-0.498534437810678,0.287828991870294,0.817690580694019));
#1630=DIRECTION('',(0.708140818493737,-0.408845284843475,0.575657983740587));
#1631=DIRECTION('',(0.708140820105084,-0.408845293111832,0.575657975886028));
#1632=DIRECTION('center_axis',(-0.708140820105084,0.408845293111832,-0.575657975886028));
#1633=DIRECTION('ref_axis',(0.5,0.866025403784439,-3.76036220149894E-16));
#1634=DIRECTION('',(0.708140820105084,-0.408845293111832,0.575657975886028));
#1635=DIRECTION('center_axis',(0.708140820105098,-0.408845293111808,0.575657975886028));
#1636=DIRECTION('ref_axis',(0.5,0.866025403784439,-3.76036220149894E-16));
#1637=DIRECTION('',(-0.708140820105084,0.408845293111832,-0.575657975886028));
#1638=DIRECTION('center_axis',(0.498534431008432,-0.287828987943012,-0.817690586223665));
#1639=DIRECTION('ref_axis',(-0.708140820105097,0.408845293111808,-0.575657975886028));
#1640=DIRECTION('',(0.708140820105098,-0.408845293111808,0.575657975886028));
#1641=DIRECTION('',(-0.499999999999979,-0.866025403784451,1.3988810110277E-14));
#1642=DIRECTION('',(0.499999999999979,0.866025403784451,-1.3988810110277E-14));
#1643=DIRECTION('',(-0.499999999999979,-0.866025403784451,1.3988810110277E-14));
#1644=DIRECTION('center_axis',(0.708140820105084,-0.408845293111832,0.575657975886028));
#1645=DIRECTION('ref_axis',(0.5,0.866025403784439,-2.97829596022518E-16));
#1646=DIRECTION('',(0.708140820105084,-0.408845293111832,0.575657975886028));
#1647=DIRECTION('center_axis',(0.708140820105098,-0.408845293111808,0.575657975886028));
#1648=DIRECTION('ref_axis',(0.5,0.866025403784439,-2.97829596022518E-16));
#1649=DIRECTION('',(-0.708140820105084,0.408845293111832,-0.575657975886028));
#1650=DIRECTION('',(-0.708140818493737,0.408845284843475,-0.575657983740587));
#1651=DIRECTION('center_axis',(-0.708140818493737,0.408845284843475,-0.575657983740587));
#1652=DIRECTION('ref_axis',(-0.498534437810678,0.287828991870293,0.817690580694019));
#1653=DIRECTION('',(0.708140818493737,-0.408845284843475,0.575657983740587));
#1654=DIRECTION('',(0.708140820105084,-0.408845293111832,0.575657975886028));
#1655=DIRECTION('center_axis',(-0.708140820105085,0.408845293111832,-0.575657975886028));
#1656=DIRECTION('ref_axis',(0.5,0.866025403784439,-2.97829596022518E-16));
#1657=DIRECTION('center_axis',(-2.84445037940269E-33,0.,-1.));
#1658=DIRECTION('ref_axis',(1.,0.,-2.84445037940269E-33));
#1659=DIRECTION('center_axis',(-2.84445037940269E-33,0.,-1.));
#1660=DIRECTION('ref_axis',(1.,0.,-2.84445037940269E-33));
#1661=DIRECTION('center_axis',(2.60112076486997E-14,-3.20099101691914E-14,
1.));
#1662=DIRECTION('ref_axis',(0.696784698201683,-0.717280338746288,-4.10272164658701E-14));
#1663=DIRECTION('center_axis',(0.499999999999979,0.866025403784451,-1.37667655053519E-14));
#1664=DIRECTION('ref_axis',(0.708140820105097,-0.408845293111808,0.575657975886028));
#1665=DIRECTION('',(-0.708140820105098,0.408845293111808,-0.575657975886028));
#1666=DIRECTION('',(0.498534431008432,-0.287828987943012,-0.817690586223665));
#1667=DIRECTION('center_axis',(0.498534431008432,-0.287828987943012,-0.817690586223665));
#1668=DIRECTION('ref_axis',(-0.708140820105097,0.408845293111808,-0.575657975886028));
#1669=DIRECTION('',(-0.499999999999979,-0.866025403784451,1.3988810110277E-14));
#1670=DIRECTION('',(0.499999999999979,0.866025403784451,-1.3988810110277E-14));
#1671=DIRECTION('center_axis',(0.708140820105098,-0.408845293111808,0.575657975886028));
#1672=DIRECTION('ref_axis',(0.498534431008432,-0.287828987943012,-0.817690586223665));
#1673=DIRECTION('center_axis',(0.708140820105098,-0.408845293111808,0.575657975886028));
#1674=DIRECTION('ref_axis',(0.498534431008432,-0.287828987943012,-0.817690586223665));
#1675=DIRECTION('center_axis',(0.708140820105098,-0.408845293111808,0.575657975886029));
#1676=DIRECTION('ref_axis',(0.499999999999971,0.866025403784456,-5.6016551424504E-17));
#1677=DIRECTION('center_axis',(-0.708140820105098,0.408845293111808,-0.575657975886029));
#1678=DIRECTION('ref_axis',(0.498534433245382,-0.2878289840685,-0.817690586223665));
#1679=DIRECTION('',(-0.49853443100844,0.287828987942997,0.817690586223665));
#1680=DIRECTION('',(0.499999999999971,0.866025403784456,3.14741176514595E-17));
#1681=DIRECTION('center_axis',(0.708140820105098,-0.408845293111808,0.575657975886029));
#1682=DIRECTION('ref_axis',(0.499999999999998,0.866025403784439,1.75105062744115E-15));
#1683=DIRECTION('',(-0.49853443100844,0.287828987942997,0.817690586223665));
#1684=DIRECTION('center_axis',(0.499999999999971,0.866025403784456,1.11022302462516E-16));
#1685=DIRECTION('ref_axis',(-0.49853443100844,0.287828987942997,0.817690586223665));
#1686=DIRECTION('',(-0.708140820522149,0.408845293352593,-0.575657975201985));
#1687=DIRECTION('',(-0.708140820105084,0.408845293111832,-0.575657975886028));
#1688=DIRECTION('',(-0.498534437810687,0.287828991870277,0.817690580694019));
#1689=DIRECTION('center_axis',(-0.49999999999997,-0.866025403784456,1.66533453693773E-16));
#1690=DIRECTION('ref_axis',(0.49853443100844,-0.287828987942997,-0.817690586223665));
#1691=DIRECTION('',(0.708140809460883,-0.408845286966368,0.575657993344549));
#1692=DIRECTION('',(0.498534437810688,-0.287828991870277,-0.817690580694019));
#1693=DIRECTION('',(0.708140820105084,-0.408845293111832,0.575657975886028));
#1694=DIRECTION('',(0.49853443100844,-0.287828987942997,-0.817690586223665));
#1695=DIRECTION('center_axis',(-0.49999999999997,-0.866025403784456,1.66533453693773E-16));
#1696=DIRECTION('ref_axis',(0.49853443100844,-0.287828987942997,-0.817690586223665));
#1697=DIRECTION('',(-0.708140821171687,0.408845293727602,-0.575657974136622));
#1698=DIRECTION('',(0.49853443100844,-0.287828987942997,-0.817690586223665));
#1699=DIRECTION('',(0.708140820105099,-0.408845293111809,0.575657975886027));
#1700=DIRECTION('',(0.498534437810688,-0.287828991870277,-0.817690580694019));
#1701=DIRECTION('center_axis',(0.498534431008439,-0.287828987942996,-0.817690586223666));
#1702=DIRECTION('ref_axis',(0.499999999999971,0.866025403784456,0.));
#1703=DIRECTION('',(0.499999995499802,0.866025406382629,-3.65825258974439E-9));
#1704=DIRECTION('',(0.499999999999971,0.866025403784456,7.43708407166452E-18));
#1705=DIRECTION('',(-0.708140820105084,0.408845293111832,-0.575657975886028));
#1706=DIRECTION('center_axis',(0.708140820105098,-0.408845293111808,0.575657975886028));
#1707=DIRECTION('ref_axis',(0.498534431008432,-0.287828987943012,-0.817690586223665));
#1708=DIRECTION('',(-0.498534431008432,0.287828987943012,0.817690586223665));
#1709=DIRECTION('center_axis',(0.708140820105098,-0.408845293111808,0.575657975886028));
#1710=DIRECTION('ref_axis',(0.498534431008432,-0.287828987943012,-0.817690586223665));
#1711=DIRECTION('',(-0.498534431008432,0.287828987943012,0.817690586223665));
#1712=DIRECTION('center_axis',(0.708140820105098,-0.408845293111808,0.575657975886029));
#1713=DIRECTION('ref_axis',(0.499999999999971,0.866025403784456,-4.77007715919389E-17));
#1714=DIRECTION('center_axis',(-0.708140820105098,0.408845293111808,-0.575657975886029));
#1715=DIRECTION('ref_axis',(0.498534433245382,-0.2878289840685,-0.817690586223665));
#1716=DIRECTION('center_axis',(0.708140820105098,-0.408845293111808,0.575657975886029));
#1717=DIRECTION('ref_axis',(0.499999999999998,0.866025403784439,1.75105062744115E-15));
#1718=DIRECTION('center_axis',(-0.708140820105098,0.408845293111808,-0.575657975886029));
#1719=DIRECTION('ref_axis',(0.498534433245382,-0.2878289840685,-0.817690586223665));
#1720=DIRECTION('center_axis',(0.708140820105098,-0.408845293111808,0.575657975886028));
#1721=DIRECTION('ref_axis',(0.498534431008432,-0.287828987943012,-0.817690586223665));
#1722=DIRECTION('center_axis',(0.499999999999971,0.866025403784456,1.11022302462516E-16));
#1723=DIRECTION('ref_axis',(-0.49853443100844,0.287828987942997,0.817690586223665));
#1724=DIRECTION('',(0.70814081011042,-0.40884528734138,0.575657992279185));
#1725=DIRECTION('',(-0.498534437810687,0.287828991870277,0.817690580694019));
#1726=DIRECTION('',(0.708140820105098,-0.408845293111809,0.575657975886027));
#1727=DIRECTION('center_axis',(0.498534431008439,-0.287828987942997,-0.817690586223666));
#1728=DIRECTION('ref_axis',(0.499999999999971,0.866025403784456,0.));
#1729=DIRECTION('',(0.499999995499802,0.866025406382629,-3.65825258974439E-9));
#1730=DIRECTION('',(0.708140820105084,-0.408845293111832,0.575657975886028));
#1731=DIRECTION('center_axis',(0.708140820105084,-0.408845293111832,0.575657975886028));
#1732=DIRECTION('ref_axis',(0.499999999999998,0.866025403784439,1.75105062744115E-15));
#1733=DIRECTION('center_axis',(0.708140818493737,-0.408845284843475,0.575657983740587));
#1734=DIRECTION('ref_axis',(0.49999999549981,0.866025406382624,-3.65826651911761E-9));
#1735=DIRECTION('',(-0.708140820105084,0.408845293111832,-0.575657975886028));
#1736=DIRECTION('center_axis',(-0.708140818493737,0.408845284843475,-0.575657983740587));
#1737=DIRECTION('ref_axis',(0.49999999549981,0.866025406382624,-3.65826648361157E-9));
#1738=DIRECTION('',(0.708140820105084,-0.408845293111832,0.575657975886028));
#1739=DIRECTION('center_axis',(0.708140818493737,-0.408845284843475,0.575657983740587));
#1740=DIRECTION('ref_axis',(0.49999999549981,0.866025406382624,-3.65826651911761E-9));
#1741=DIRECTION('center_axis',(0.708140820105084,-0.408845293111832,0.575657975886028));
#1742=DIRECTION('ref_axis',(0.499999999999998,0.866025403784439,1.75105062744115E-15));
#1743=DIRECTION('center_axis',(0.708140818493737,-0.408845284843475,0.575657983740587));
#1744=DIRECTION('ref_axis',(0.49999999549981,0.866025406382624,-3.65826651911761E-9));
#1745=DIRECTION('',(-0.708140820105084,0.408845293111832,-0.575657975886028));
#1746=DIRECTION('center_axis',(-0.708140818493737,0.408845284843475,-0.575657983740587));
#1747=DIRECTION('ref_axis',(0.49999999549981,0.866025406382624,-3.65826648361157E-9));
#1748=DIRECTION('',(0.708140820105084,-0.408845293111832,0.575657975886028));
#1749=DIRECTION('center_axis',(0.708140818493737,-0.408845284843475,0.575657983740587));
#1750=DIRECTION('ref_axis',(0.49999999549981,0.866025406382624,-3.65826651911761E-9));
#1751=DIRECTION('center_axis',(0.708140818493737,-0.408845284843475,0.575657983740587));
#1752=DIRECTION('ref_axis',(-0.499999993269417,-0.866025407670343,-2.07118575694753E-16));
#1753=DIRECTION('center_axis',(0.708140818493737,-0.408845284843475,0.575657983740587));
#1754=DIRECTION('ref_axis',(-0.499999993269417,-0.866025407670343,-2.07118575694753E-16));
#1755=DIRECTION('',(0.708140818493737,-0.408845284843475,0.575657983740587));
#1756=DIRECTION('center_axis',(0.708140818493737,-0.408845284843475,0.575657983740587));
#1757=DIRECTION('ref_axis',(-0.499999993269417,-0.866025407670343,-2.77555752420065E-17));
#1758=DIRECTION('center_axis',(0.708140818493737,-0.408845284843475,0.575657983740587));
#1759=DIRECTION('ref_axis',(-0.499999993269417,-0.866025407670343,-2.07118575694753E-16));
#1760=DIRECTION('center_axis',(0.708140818493737,-0.408845284843475,0.575657983740587));
#1761=DIRECTION('ref_axis',(0.499999993269417,0.866025407670343,-3.52402780486364E-16));
#1762=DIRECTION('center_axis',(0.708140818493737,-0.408845284843475,0.575657983740587));
#1763=DIRECTION('ref_axis',(0.499999993269417,0.866025407670343,-3.52402780486364E-16));
#1764=DIRECTION('center_axis',(0.708140818493737,-0.408845284843475,0.575657983740587));
#1765=DIRECTION('ref_axis',(0.499999993269417,0.866025407670343,-3.52402780486364E-16));
#1766=DIRECTION('center_axis',(0.708140818493737,-0.408845284843475,0.575657983740587));
#1767=DIRECTION('ref_axis',(0.499999993269417,0.866025407670343,-2.03654679783426E-16));
#1768=DIRECTION('center_axis',(0.708140818493737,-0.408845284843475,0.575657983740587));
#1769=DIRECTION('ref_axis',(0.499999993269417,0.866025407670343,-2.31410255399055E-16));
#1770=DIRECTION('center_axis',(0.708140818493737,-0.408845284843475,0.575657983740587));
#1771=DIRECTION('ref_axis',(0.499999993269417,0.866025407670343,-2.31410255399055E-16));
#1772=DIRECTION('center_axis',(0.708140818493737,-0.408845284843475,0.575657983740587));
#1773=DIRECTION('ref_axis',(-0.499999993269416,-0.866025407670343,3.55060415476718E-16));
#1774=DIRECTION('center_axis',(0.708140818493737,-0.408845284843475,0.575657983740587));
#1775=DIRECTION('ref_axis',(0.499999993269417,0.866025407670343,-2.31410255399055E-16));
#1776=DIRECTION('center_axis',(0.708140818493737,-0.408845284843475,0.575657983740587));
#1777=DIRECTION('ref_axis',(0.499999993269417,0.866025407670343,-2.31410255399055E-16));
#1778=DIRECTION('center_axis',(-0.499999999999979,-0.866025403784451,1.37667655053519E-14));
#1779=DIRECTION('ref_axis',(-0.708140820105097,0.408845293111808,-0.575657975886028));
#1780=DIRECTION('center_axis',(-0.708140818493737,0.408845284843475,-0.575657983740587));
#1781=DIRECTION('ref_axis',(-0.499999993269417,-0.866025407670343,-2.77555752420065E-17));
#1782=DIRECTION('center_axis',(0.708140818493737,-0.408845284843475,0.575657983740587));
#1783=DIRECTION('ref_axis',(-0.499999993269416,-0.866025407670343,3.55060415476718E-16));
#1784=DIRECTION('',(0.708140818493737,-0.408845284843475,0.575657983740587));
#1785=DIRECTION('center_axis',(0.708140818493737,-0.408845284843475,0.575657983740587));
#1786=DIRECTION('ref_axis',(-0.499999993269417,-0.866025407670343,-3.71854155435644E-18));
#1787=DIRECTION('center_axis',(-0.708140818493737,0.408845284843475,-0.575657983740587));
#1788=DIRECTION('ref_axis',(-0.499999993269417,-0.866025407670343,-3.71854155435644E-18));
#1789=DIRECTION('center_axis',(0.708140818493737,-0.408845284843475,0.575657983740587));
#1790=DIRECTION('ref_axis',(0.499999993269417,0.866025407670343,-2.03654679783426E-16));
#1791=DIRECTION('center_axis',(0.708140818493737,-0.408845284843475,0.575657983740587));
#1792=DIRECTION('ref_axis',(0.499999993269417,0.866025407670343,-3.52402780486364E-16));
#1793=DIRECTION('center_axis',(-0.708140818493737,0.408845284843475,-0.575657983740587));
#1794=DIRECTION('ref_axis',(-0.499999993269417,-0.866025407670343,2.20223188866735E-17));
#1795=DIRECTION('center_axis',(0.708140818493737,-0.408845284843475,0.575657983740587));
#1796=DIRECTION('ref_axis',(0.499999993269417,0.866025407670343,-2.31410255399055E-16));
#1797=DIRECTION('center_axis',(-0.708140818493737,0.408845284843475,-0.575657983740587));
#1798=DIRECTION('ref_axis',(-0.499999993269417,-0.866025407670343,3.2125911077577E-17));
#1799=DIRECTION('center_axis',(0.708140818493737,-0.408845284843475,0.575657983740587));
#1800=DIRECTION('ref_axis',(0.499999993269417,0.866025407670343,-3.52402780486364E-16));
#1801=DIRECTION('center_axis',(0.,0.,1.));
#1802=DIRECTION('ref_axis',(1.,0.,0.));
#1803=DIRECTION('center_axis',(0.,0.,1.));
#1804=DIRECTION('ref_axis',(-0.9016560200648,-0.432453953018013,0.));
#1805=DIRECTION('',(0.49999999999988,0.866025403784508,0.));
#1806=DIRECTION('center_axis',(0.,0.,1.));
#1807=DIRECTION('ref_axis',(0.866025403784508,-0.499999999999881,0.));
#1808=DIRECTION('center_axis',(-0.866025403784508,0.49999999999988,0.));
#1809=DIRECTION('ref_axis',(-0.49999999999988,-0.866025403784508,0.));
#1810=DIRECTION('',(0.,0.,-1.));
#1811=DIRECTION('',(0.,0.,1.));
#1812=DIRECTION('center_axis',(0.,0.,1.));
#1813=DIRECTION('ref_axis',(0.866025403784508,-0.499999999999881,0.));
#1814=DIRECTION('',(0.,0.,1.));
#1815=DIRECTION('',(0.,0.,1.));
#1816=DIRECTION('center_axis',(0.,0.,1.));
#1817=DIRECTION('ref_axis',(-0.9016560200648,-0.432453953018013,0.));
#1818=DIRECTION('center_axis',(0.681093789189082,-0.653793932557761,-0.329643358917962));
#1819=DIRECTION('ref_axis',(-0.616869600144926,-0.754905934479782,0.222685712393603));
#1820=DIRECTION('center_axis',(0.139844625410771,-0.691470587910884,0.708739660804938));
#1821=DIRECTION('ref_axis',(-0.482994208729173,-0.672479524831623,-0.560792192363905));
#1822=DIRECTION('center_axis',(-2.84445037940269E-33,0.,-1.));
#1823=DIRECTION('ref_axis',(1.,0.,-2.84445037940269E-33));
#1824=DIRECTION('center_axis',(-2.84445037940269E-33,0.,-1.));
#1825=DIRECTION('ref_axis',(1.,0.,-2.84445037940269E-33));
#1826=DIRECTION('center_axis',(-2.84445037940269E-33,0.,-1.));
#1827=DIRECTION('ref_axis',(1.,0.,-2.84445037940269E-33));
#1828=DIRECTION('center_axis',(-3.29767961750393E-15,2.48826130817103E-14,
-1.));
#1829=DIRECTION('ref_axis',(0.260479367062194,0.965479414247077,2.31922564000554E-14));
#1830=DIRECTION('center_axis',(-2.84445037940269E-33,0.,-1.));
#1831=DIRECTION('ref_axis',(1.,0.,-2.84445037940269E-33));
#1832=DIRECTION('center_axis',(-2.84445037940269E-33,0.,-1.));
#1833=DIRECTION('ref_axis',(1.,0.,-2.84445037940269E-33));
#1834=DIRECTION('center_axis',(0.708140818493737,-0.408845284843475,0.575657983740587));
#1835=DIRECTION('ref_axis',(0.499999993269417,0.866025407670343,-2.31410255399055E-16));
#1836=DIRECTION('center_axis',(0.708140818493737,-0.408845284843475,0.575657983740587));
#1837=DIRECTION('ref_axis',(0.326019046990819,-0.533850349598137,-0.780202143827576));
#1838=DIRECTION('center_axis',(0.708140820105084,-0.408845293111832,0.575657975886028));
#1839=DIRECTION('ref_axis',(0.630786365842214,-1.11022302462516E-16,-0.775956545605212));
#1840=DIRECTION('center_axis',(-0.708140820105084,0.408845293111832,-0.575657975886028));
#1841=DIRECTION('ref_axis',(0.499999999999999,0.866025403784439,-1.64111820663883E-16));
#1842=DIRECTION('center_axis',(-0.317246181330008,-0.912603707148015,-0.257894036633707));
#1843=DIRECTION('ref_axis',(-0.630786365842213,6.93889390390723E-17,0.775956545605212));
#1844=DIRECTION('center_axis',(0.708140820105084,-0.408845293111832,0.575657975886028));
#1845=DIRECTION('ref_axis',(0.5,0.866025403784439,-2.19622971895141E-16));
#1846=DIRECTION('center_axis',(0.708140820105084,-0.408845293111832,0.575657975886028));
#1847=DIRECTION('ref_axis',(0.5,0.866025403784439,-3.76036220149894E-16));
#1848=DIRECTION('center_axis',(0.906749133861808,-0.262947428465884,-0.329643228512342));
#1849=DIRECTION('ref_axis',(0.0485699955394211,0.841681696224801,-0.537785159495353));
#1850=DIRECTION('center_axis',(0.668753550240453,0.22462611884758,0.708739582478827));
#1851=DIRECTION('ref_axis',(0.683129783207417,0.190581541513124,-0.704991046276099));
#1852=DIRECTION('center_axis',(0.708140820105085,-0.408845293111832,0.575657975886028));
#1853=DIRECTION('ref_axis',(0.630786365842213,0.,-0.775956545605212));
#1854=DIRECTION('center_axis',(-0.708140820105085,0.408845293111832,-0.575657975886028));
#1855=DIRECTION('ref_axis',(0.499999999999999,0.866025403784439,-4.89106807520834E-16));
#1856=DIRECTION('center_axis',(-0.317246181330007,-0.912603707148015,-0.257894036633707));
#1857=DIRECTION('ref_axis',(-0.630786365842213,0.,0.775956545605212));
#1858=DIRECTION('center_axis',(0.708140820105085,-0.408845293111832,0.575657975886028));
#1859=DIRECTION('ref_axis',(0.499999999999999,0.866025403784439,-5.16862383136463E-16));
#1860=DIRECTION('center_axis',(0.708140820105084,-0.408845293111832,0.575657975886028));
#1861=DIRECTION('ref_axis',(-0.649764689377147,-0.696388151135963,0.304711981051049));
#1862=DIRECTION('center_axis',(0.708140820105084,-0.408845293111832,0.575657975886028));
#1863=DIRECTION('ref_axis',(0.5,0.866025403784439,-3.76036220149894E-16));
#1864=DIRECTION('center_axis',(0.708140820105085,-0.408845293111832,0.575657975886028));
#1865=DIRECTION('ref_axis',(0.499999999999999,0.866025403784439,-6.73275631391216E-16));
#1866=DIRECTION('center_axis',(0.866025403784428,-0.500000000000019,0.));
#1867=DIRECTION('ref_axis',(0.,0.,1.));
#1868=DIRECTION('',(-0.866025403784428,0.500000000000019,0.));
#1869=DIRECTION('center_axis',(-0.866025403784429,-0.500000000000016,0.));
#1870=DIRECTION('ref_axis',(0.,0.,1.));
#1871=DIRECTION('',(0.866025403784429,0.500000000000016,0.));
#1872=DIRECTION('center_axis',(0.,1.,0.));
#1873=DIRECTION('ref_axis',(0.,0.,1.));
#1874=DIRECTION('',(0.,-1.,0.));
#1875=DIRECTION('center_axis',(-0.866025403784438,0.500000000000001,0.));
#1876=DIRECTION('ref_axis',(0.500000000000001,0.866025403784438,0.));
#1877=DIRECTION('',(-0.866025403784438,0.500000000000001,0.));
#1878=DIRECTION('center_axis',(0.,0.,-1.));
#1879=DIRECTION('ref_axis',(-1.,0.,0.));
#1880=DIRECTION('center_axis',(-2.84445037940269E-33,0.,-1.));
#1881=DIRECTION('ref_axis',(-1.,0.,2.84445037940269E-33));
#1882=DIRECTION('',(0.,0.,-1.));
#1883=DIRECTION('center_axis',(2.84445037940269E-33,0.,1.));
#1884=DIRECTION('ref_axis',(-1.,0.,2.84445037940269E-33));
#1885=DIRECTION('center_axis',(0.,0.,-1.));
#1886=DIRECTION('ref_axis',(-1.,0.,0.));
#1887=DIRECTION('center_axis',(-2.84445037940269E-33,0.,-1.));
#1888=DIRECTION('ref_axis',(-1.,0.,2.84445037940269E-33));
#1889=DIRECTION('',(0.,0.,-1.));
#1890=DIRECTION('center_axis',(2.84445037940269E-33,0.,1.));
#1891=DIRECTION('ref_axis',(-1.,0.,2.84445037940269E-33));
#1892=DIRECTION('center_axis',(0.,0.,-1.));
#1893=DIRECTION('ref_axis',(1.,1.22464679914735E-16,0.));
#1894=DIRECTION('center_axis',(0.866027187758731,0.,0.499996910053156));
#1895=DIRECTION('ref_axis',(-0.499996910053156,0.,0.866027187758731));
#1896=DIRECTION('center_axis',(-2.84445037940269E-33,0.,-1.));
#1897=DIRECTION('ref_axis',(-1.,0.,2.84445037940269E-33));
#1898=DIRECTION('center_axis',(0.,0.,-1.));
#1899=DIRECTION('ref_axis',(-1.,0.,0.));
#1900=DIRECTION('center_axis',(-4.94646237785611E-15,0.,-1.));
#1901=DIRECTION('ref_axis',(-1.,0.,4.94646237785611E-15));
#1902=DIRECTION('',(0.,0.,-1.));
#1903=DIRECTION('center_axis',(2.84445037940269E-33,0.,1.));
#1904=DIRECTION('ref_axis',(-1.,0.,2.84445037940269E-33));
#1905=DIRECTION('center_axis',(0.,0.,-1.));
#1906=DIRECTION('ref_axis',(-1.,0.,0.));
#1907=DIRECTION('center_axis',(-0.866022610105847,0.,0.500004838762042));
#1908=DIRECTION('ref_axis',(-0.500004838762042,0.,-0.866022610105847));
#1909=DIRECTION('center_axis',(-2.84445037940269E-33,0.,-1.));
#1910=DIRECTION('ref_axis',(-1.,0.,2.84445037940269E-33));
#1911=DIRECTION('center_axis',(2.84445037940269E-33,0.,1.));
#1912=DIRECTION('ref_axis',(1.,0.,-2.84445037940269E-33));
#1913=DIRECTION('',(0.,1.,0.));
#1914=DIRECTION('',(0.,-1.,0.));
#1915=DIRECTION('',(0.,-1.,0.));
#1916=DIRECTION('',(-1.,0.,2.84445037940269E-33));
#1917=DIRECTION('',(0.,1.,0.));
#1918=DIRECTION('center_axis',(-0.866022610105847,0.,0.500004838762042));
#1919=DIRECTION('ref_axis',(0.500004838762042,0.,0.866022610105847));
#1920=DIRECTION('',(-0.500004838762042,0.,-0.866022610105847));
#1921=DIRECTION('',(0.,-1.,0.));
#1922=DIRECTION('center_axis',(0.,-1.,0.));
#1923=DIRECTION('ref_axis',(0.,0.,-1.));
#1924=DIRECTION('',(-0.499996910053156,0.,0.866027187758731));
#1925=DIRECTION('',(1.,0.,-4.94646237785611E-15));
#1926=DIRECTION('center_axis',(-4.94646237785611E-15,0.,-1.));
#1927=DIRECTION('ref_axis',(-1.,0.,4.94646237785611E-15));
#1928=DIRECTION('',(0.,1.,0.));
#1929=DIRECTION('center_axis',(0.866027187758731,0.,0.499996910053156));
#1930=DIRECTION('ref_axis',(0.499996910053156,0.,-0.866027187758731));
#1931=DIRECTION('center_axis',(-2.84445037940269E-33,0.,-1.));
#1932=DIRECTION('ref_axis',(-1.,0.,2.84445037940269E-33));
#1933=DIRECTION('center_axis',(-2.84445037940269E-33,0.,-1.));
#1934=DIRECTION('ref_axis',(-1.,0.,2.84445037940269E-33));
#1935=DIRECTION('axis',(0.,0.,1.));
#1936=DIRECTION('refdir',(1.,0.,0.));
#1937=DIRECTION('',(0.,0.,1.));
#1938=DIRECTION('',(1.,0.,0.));
#1939=DIRECTION('',(0.,0.,1.));
#1940=DIRECTION('',(1.,0.,0.));
#1941=CARTESIAN_POINT('',(0.,0.,0.));
#1942=CARTESIAN_POINT('',(0.,0.,0.));
#1943=CARTESIAN_POINT('Ctrl Pts',(54.5656108238929,-7.35840575160476,74.8892382076876));
#1944=CARTESIAN_POINT('Ctrl Pts',(51.6550904016072,-6.08202687072348,79.5704385296674));
#1945=CARTESIAN_POINT('Ctrl Pts',(48.5911610331223,-5.26227070911448,84.267646619151));
#1946=CARTESIAN_POINT('Ctrl Pts',(45.4188784361682,-5.32534493361438,88.9184372884632));
#1947=CARTESIAN_POINT('Ctrl Pts',(54.3185256218516,-8.51156855830705,75.0283028060283));
#1948=CARTESIAN_POINT('Ctrl Pts',(51.4628013353412,-7.20561960652473,79.6587074779799));
#1949=CARTESIAN_POINT('Ctrl Pts',(48.4611841351329,-6.33444547931261,84.28753743133));
#1950=CARTESIAN_POINT('Ctrl Pts',(45.3417255203278,-6.30132976998789,88.8636531250298));
#1951=CARTESIAN_POINT('Ctrl Pts',(53.3125038354262,-10.741144468689,74.9674050106621));
#1952=CARTESIAN_POINT('Ctrl Pts',(50.6077733062163,-9.39099933008434,79.5198709437868));
#1953=CARTESIAN_POINT('Ctrl Pts',(47.7864556625081,-8.42882063226923,84.0472586457974));
#1954=CARTESIAN_POINT('Ctrl Pts',(44.8424815601032,-8.20952648682615,88.5193603225738));
#1955=CARTESIAN_POINT('Ctrl Pts',(50.202389449308,-13.4307408931849,73.7101005138511));
#1956=CARTESIAN_POINT('Ctrl Pts',(47.8078817739811,-12.1450780307199,78.2392988835806));
#1957=CARTESIAN_POINT('Ctrl Pts',(45.3947809035142,-11.197309696382,82.7456789567074));
#1958=CARTESIAN_POINT('Ctrl Pts',(42.9184768850553,-10.8354206312058,87.203461498325));
#1959=CARTESIAN_POINT('Ctrl Pts',(47.4855093471711,-13.6128661992531,72.0605007749477));
#1960=CARTESIAN_POINT('Ctrl Pts',(45.227674718012,-12.5346274734518,76.6587316662257));
#1961=CARTESIAN_POINT('Ctrl Pts',(43.0298440647275,-11.8384572138301,81.2665158941187));
#1962=CARTESIAN_POINT('Ctrl Pts',(40.9003822573635,-11.6436027012225,85.8277180101968));
#1963=CARTESIAN_POINT('Ctrl Pts',(46.1176499384355,-13.0555181708782,71.0649022215803));
#1964=CARTESIAN_POINT('Ctrl Pts',(43.8541031710495,-12.1332133492859,75.7063345004942));
#1965=CARTESIAN_POINT('Ctrl Pts',(41.6834795829473,-11.6409387559865,80.3751278779347));
#1966=CARTESIAN_POINT('Ctrl Pts',(39.6845527405095,-11.6477387174536,85.));
#1967=CARTESIAN_POINT('',(54.4967164967821,-7.32829344426114,75.0000000000001));
#1968=CARTESIAN_POINT('',(44.2207799481662,-12.3769256489368,74.9999999998188));
#1969=CARTESIAN_POINT('Ctrl Pts',(54.4967164967822,-7.32829344426117,75.));
#1970=CARTESIAN_POINT('Ctrl Pts',(54.3936068015176,-8.09506675562481,75.));
#1971=CARTESIAN_POINT('Ctrl Pts',(54.1433963185648,-8.82789399562034,74.9999999999991));
#1972=CARTESIAN_POINT('Ctrl Pts',(53.3648017112883,-10.1620597901603,74.9999999999991));
#1973=CARTESIAN_POINT('Ctrl Pts',(52.8515234862959,-10.7400341060312,75.));
#1974=CARTESIAN_POINT('Ctrl Pts',(51.5606261556663,-11.7583431925687,75.));
#1975=CARTESIAN_POINT('Ctrl Pts',(50.7756444867744,-12.1571935290737,75.0000000000083));
#1976=CARTESIAN_POINT('Ctrl Pts',(49.0223286582013,-12.7164999603948,75.0000000000083));
#1977=CARTESIAN_POINT('Ctrl Pts',(48.0503442868407,-12.8454953569367,75.0000000001888));
#1978=CARTESIAN_POINT('Ctrl Pts',(46.1149460959269,-12.8171979526923,75.0000000001888));
#1979=CARTESIAN_POINT('Ctrl Pts',(45.1464539147953,-12.6601386945384,75.));
#1980=CARTESIAN_POINT('Ctrl Pts',(44.22077994808,-12.3769256489104,75.));
#1981=CARTESIAN_POINT('',(39.6845527405095,-11.6477387174536,85.));
#1982=CARTESIAN_POINT('Ctrl Pts',(44.2240962575089,-12.3786167582796,75.0018170456676));
#1983=CARTESIAN_POINT('Ctrl Pts',(42.6419029800056,-11.8949901912071,78.339601205075));
#1984=CARTESIAN_POINT('Ctrl Pts',(41.1190180771376,-11.6428589445635,81.6811097812116));
#1985=CARTESIAN_POINT('Ctrl Pts',(39.6845527405095,-11.6477387174536,85.));
#1986=CARTESIAN_POINT('',(48.0568046552345,-5.47267700759564,85.));
#1987=CARTESIAN_POINT('Ctrl Pts',(39.6845527405095,-11.6477387174536,85.));
#1988=CARTESIAN_POINT('Ctrl Pts',(41.0184575251279,-11.6432010320598,85.));
#1989=CARTESIAN_POINT('Ctrl Pts',(42.3641545627348,-11.3937892430031,85.0000000001654));
#1990=CARTESIAN_POINT('Ctrl Pts',(44.569754431788,-10.4758896445444,85.0000000001654));
#1991=CARTESIAN_POINT('Ctrl Pts',(45.4750207356124,-9.902455580892,85.0000000015719));
#1992=CARTESIAN_POINT('Ctrl Pts',(46.7234864825634,-8.6578253900423,85.0000000015719));
#1993=CARTESIAN_POINT('Ctrl Pts',(47.1463231047017,-8.0873113727273,84.9999999999611));
#1994=CARTESIAN_POINT('Ctrl Pts',(47.7761015937674,-6.83196631748619,84.9999999999611));
#1995=CARTESIAN_POINT('Ctrl Pts',(47.9779885517788,-6.16477889524584,85.));
#1996=CARTESIAN_POINT('Ctrl Pts',(48.0568046552345,-5.47267700759563,85.));
#1997=CARTESIAN_POINT('Ctrl Pts',(48.0581252021115,-5.47077662872433,85.0007182519682));
#1998=CARTESIAN_POINT('Ctrl Pts',(50.2710716428203,-5.75419785181649,81.6743017630242));
#1999=CARTESIAN_POINT('Ctrl Pts',(52.4226902390188,-6.42464972958076,78.333218316061));
#2000=CARTESIAN_POINT('Ctrl Pts',(54.4967180101282,-7.32829147648336,75.0000004478118));
#2001=CARTESIAN_POINT('Ctrl Pts',(53.7392381454355,-17.2832271908145,74.9999999998188));
#2002=CARTESIAN_POINT('Ctrl Pts',(53.7392381454355,-17.2832271908145,85.610150324908));
#2003=CARTESIAN_POINT('Ctrl Pts',(53.0700706860037,-16.8705890677858,74.9999999998188));
#2004=CARTESIAN_POINT('Ctrl Pts',(53.0700706860037,-16.8705890677858,85.610150324908));
#2005=CARTESIAN_POINT('Ctrl Pts',(52.4009032265718,-16.4579509447571,74.9999999998188));
#2006=CARTESIAN_POINT('Ctrl Pts',(52.4009032265718,-16.4579509447571,85.610150324908));
#2007=CARTESIAN_POINT('Ctrl Pts',(51.73173576714,-16.0453128217284,74.9999999998188));
#2008=CARTESIAN_POINT('Ctrl Pts',(51.73173576714,-16.0453128217284,85.610150324908));
#2009=CARTESIAN_POINT('Ctrl Pts',(51.4277235532147,-15.8578455031017,74.9999999998188));
#2010=CARTESIAN_POINT('Ctrl Pts',(51.4277235532147,-15.8578455031017,85.610150324908));
#2011=CARTESIAN_POINT('Ctrl Pts',(51.1237113392895,-15.6703781844751,74.9999999998188));
#2012=CARTESIAN_POINT('Ctrl Pts',(51.1237113392895,-15.6703781844751,85.610150324908));
#2013=CARTESIAN_POINT('Ctrl Pts',(50.8196991253642,-15.4829108658484,74.9999999998188));
#2014=CARTESIAN_POINT('Ctrl Pts',(50.8196991253642,-15.4829108658484,85.610150324908));
#2015=CARTESIAN_POINT('Ctrl Pts',(46.8036082614877,-13.0064123860963,74.9999999998188));
#2016=CARTESIAN_POINT('Ctrl Pts',(46.8036082614877,-13.0064123860963,85.610150324908));
#2017=CARTESIAN_POINT('Ctrl Pts',(43.2540043751007,-11.7960562211071,74.9999999998187));
#2018=CARTESIAN_POINT('Ctrl Pts',(43.2540043751007,-11.7960562211071,85.610150324908));
#2019=CARTESIAN_POINT('Ctrl Pts',(40.299532593239,-11.6609000291325,74.9999999998188));
#2020=CARTESIAN_POINT('Ctrl Pts',(40.299532593239,-11.6609000291325,85.610150324908));
#2021=CARTESIAN_POINT('Ctrl Pts',(37.6136135720215,-11.5380291359026,74.9999999998188));
#2022=CARTESIAN_POINT('Ctrl Pts',(37.6136135720215,-11.5380291359026,85.610150324908));
#2023=CARTESIAN_POINT('Ctrl Pts',(35.3735848152351,-12.2422713125754,74.9999999998188));
#2024=CARTESIAN_POINT('Ctrl Pts',(35.3735848152351,-12.2422713125754,85.610150324908));
#2025=CARTESIAN_POINT('Ctrl Pts',(33.4209297773998,-13.7045065476902,74.9999999998188));
#2026=CARTESIAN_POINT('Ctrl Pts',(33.4209297773998,-13.7045065476902,85.610150324908));
#2027=CARTESIAN_POINT('Ctrl Pts',(31.8508528270811,-14.8802502372375,74.9999999998188));
#2028=CARTESIAN_POINT('Ctrl Pts',(31.8508528270811,-14.8802502372375,85.610150324908));
#2029=CARTESIAN_POINT('Ctrl Pts',(30.4832045492692,-16.6023187709261,74.9999999998188));
#2030=CARTESIAN_POINT('Ctrl Pts',(30.4832045492692,-16.6023187709261,85.610150324908));
#2031=CARTESIAN_POINT('Ctrl Pts',(29.6069732082303,-18.5135717373844,74.9999999998188));
#2032=CARTESIAN_POINT('Ctrl Pts',(29.6069732082303,-18.5135717373844,85.610150324908));
#2033=CARTESIAN_POINT('Ctrl Pts',(28.782402761585,-20.3121409489536,74.9999999998188));
#2034=CARTESIAN_POINT('Ctrl Pts',(28.782402761585,-20.3121409489536,85.610150324908));
#2035=CARTESIAN_POINT('Ctrl Pts',(28.410962155011,-22.2106696868337,74.9999999998188));
#2036=CARTESIAN_POINT('Ctrl Pts',(28.410962155011,-22.2106696868337,85.610150324908));
#2037=CARTESIAN_POINT('Ctrl Pts',(28.5269916806854,-23.9985772512511,74.9999999998188));
#2038=CARTESIAN_POINT('Ctrl Pts',(28.5269916806854,-23.9985772512511,85.610150324908));
#2039=CARTESIAN_POINT('Ctrl Pts',(28.6977822917406,-26.6303024406991,74.9999999998188));
#2040=CARTESIAN_POINT('Ctrl Pts',(28.6977822917406,-26.6303024406991,85.610150324908));
#2041=CARTESIAN_POINT('Ctrl Pts',(29.8576092044681,-29.1494783160353,74.9999999998188));
#2042=CARTESIAN_POINT('Ctrl Pts',(29.8576092044681,-29.1494783160353,85.610150324908));
#2043=CARTESIAN_POINT('Ctrl Pts',(32.3361296650759,-31.630958356377,74.9999999998188));
#2044=CARTESIAN_POINT('Ctrl Pts',(32.3361296650759,-31.630958356377,85.610150324908));
#2045=CARTESIAN_POINT('Ctrl Pts',(33.9397573362507,-33.2365009054121,74.9999999998188));
#2046=CARTESIAN_POINT('Ctrl Pts',(33.9397573362507,-33.2365009054121,85.610150324908));
#2047=CARTESIAN_POINT('Ctrl Pts',(36.0989741105101,-34.8029950198915,74.9999999998188));
#2048=CARTESIAN_POINT('Ctrl Pts',(36.0989741105101,-34.8029950198915,85.610150324908));
#2049=CARTESIAN_POINT('Ctrl Pts',(38.8184122339672,-36.2696855567828,74.9999999998188));
#2050=CARTESIAN_POINT('Ctrl Pts',(38.8184122339672,-36.2696855567828,85.610150324908));
#2051=CARTESIAN_POINT('Ctrl Pts',(39.1327721105054,-36.4392311155216,74.9999999998188));
#2052=CARTESIAN_POINT('Ctrl Pts',(39.1327721105054,-36.4392311155216,85.610150324908));
#2053=CARTESIAN_POINT('Ctrl Pts',(39.4471319870437,-36.6087766742604,74.9999999998188));
#2054=CARTESIAN_POINT('Ctrl Pts',(39.4471319870437,-36.6087766742604,85.610150324908));
#2055=CARTESIAN_POINT('Ctrl Pts',(39.7614918635819,-36.7783222329991,74.9999999998188));
#2056=CARTESIAN_POINT('Ctrl Pts',(39.7614918635819,-36.7783222329991,85.610150324908));
#2057=CARTESIAN_POINT('Ctrl Pts',(40.4534602349965,-37.1515255993223,74.9999999998188));
#2058=CARTESIAN_POINT('Ctrl Pts',(40.4534602349965,-37.1515255993223,85.610150324908));
#2059=CARTESIAN_POINT('Ctrl Pts',(41.1454286064111,-37.5247289656456,74.9999999998188));
#2060=CARTESIAN_POINT('Ctrl Pts',(41.1454286064111,-37.5247289656456,85.610150324908));
#2061=CARTESIAN_POINT('Ctrl Pts',(41.8373969778257,-37.8979323319688,74.9999999998188));
#2062=CARTESIAN_POINT('Ctrl Pts',(41.8373969778257,-37.8979323319688,85.610150324908));
#2063=CARTESIAN_POINT('',(32.8302584514627,-32.1081622598497,74.9999999998188));
#2064=CARTESIAN_POINT('Ctrl Pts',(32.8303840515291,-32.1081224994238,74.9999999998188));
#2065=CARTESIAN_POINT('Ctrl Pts',(32.6601491653423,-31.9494926443001,74.9999999998188));
#2066=CARTESIAN_POINT('Ctrl Pts',(32.4953992159093,-31.7904180895964,74.9999999998188));
#2067=CARTESIAN_POINT('Ctrl Pts',(32.3361296650759,-31.630958356377,74.9999999998188));
#2068=CARTESIAN_POINT('Ctrl Pts',(29.8576092044681,-29.1494783160353,74.9999999998188));
#2069=CARTESIAN_POINT('Ctrl Pts',(28.6977822917406,-26.6303024406991,74.9999999998188));
#2070=CARTESIAN_POINT('Ctrl Pts',(28.5269916806854,-23.9985772512511,74.9999999998188));
#2071=CARTESIAN_POINT('Ctrl Pts',(28.410962155011,-22.2106696868337,74.9999999998188));
#2072=CARTESIAN_POINT('Ctrl Pts',(28.782402761585,-20.3121409489536,74.9999999998188));
#2073=CARTESIAN_POINT('Ctrl Pts',(29.6069732082303,-18.5135717373844,74.9999999998188));
#2074=CARTESIAN_POINT('Ctrl Pts',(30.4832045492692,-16.6023187709261,74.9999999998188));
#2075=CARTESIAN_POINT('Ctrl Pts',(31.8508528270811,-14.8802502372375,74.9999999998188));
#2076=CARTESIAN_POINT('Ctrl Pts',(33.4209297773998,-13.7045065476902,74.9999999998188));
#2077=CARTESIAN_POINT('Ctrl Pts',(35.3735848152351,-12.2422713125754,74.9999999998188));
#2078=CARTESIAN_POINT('Ctrl Pts',(37.6136135720215,-11.5380291359026,74.9999999998188));
#2079=CARTESIAN_POINT('Ctrl Pts',(40.299532593239,-11.6609000291325,74.9999999998188));
#2080=CARTESIAN_POINT('Ctrl Pts',(41.5111136609199,-11.7163253963273,74.9999999998187));
#2081=CARTESIAN_POINT('Ctrl Pts',(42.8227773433024,-11.9525657856126,74.9999999998187));
#2082=CARTESIAN_POINT('Ctrl Pts',(44.2256518507375,-12.3827892067697,74.9999999998187));
#2083=CARTESIAN_POINT('',(29.9314694004852,-28.5440720756004,85.));
#2084=CARTESIAN_POINT('Ctrl Pts',(29.9314694004853,-28.5440720756005,85.));
#2085=CARTESIAN_POINT('Ctrl Pts',(30.6442985462033,-29.7889909193959,81.6811433492286));
#2086=CARTESIAN_POINT('Ctrl Pts',(31.6237434084018,-30.9817944354316,78.3396051069088));
#2087=CARTESIAN_POINT('Ctrl Pts',(32.8333504162297,-32.1101784840865,75.001802124343));
#2088=CARTESIAN_POINT('Ctrl Pts',(29.9287644336923,-28.5526879059057,85.));
#2089=CARTESIAN_POINT('Ctrl Pts',(29.0724335732904,-27.0635605120917,85.));
#2090=CARTESIAN_POINT('Ctrl Pts',(28.6277157305348,-25.5506416038176,85.));
#2091=CARTESIAN_POINT('Ctrl Pts',(28.5269916806854,-23.9985772512511,85.));
#2092=CARTESIAN_POINT('Ctrl Pts',(28.410962155011,-22.2106696868337,85.));
#2093=CARTESIAN_POINT('Ctrl Pts',(28.782402761585,-20.3121409489536,85.));
#2094=CARTESIAN_POINT('Ctrl Pts',(29.6069732082303,-18.5135717373844,85.));
#2095=CARTESIAN_POINT('Ctrl Pts',(30.4832045492692,-16.6023187709261,85.));
#2096=CARTESIAN_POINT('Ctrl Pts',(31.8508528270811,-14.8802502372375,85.));
#2097=CARTESIAN_POINT('Ctrl Pts',(33.4209297773998,-13.7045065476902,85.));
#2098=CARTESIAN_POINT('Ctrl Pts',(35.222576697771,-12.3553529300992,85.));
#2099=CARTESIAN_POINT('Ctrl Pts',(37.2688680655189,-11.6514872448034,85.));
#2100=CARTESIAN_POINT('Ctrl Pts',(39.6843146944125,-11.6472015459769,85.));
#2101=CARTESIAN_POINT('Ctrl Pts',(27.3228797741009,-36.6700879691033,88.9184163592654));
#2102=CARTESIAN_POINT('Ctrl Pts',(28.851826873499,-39.4455788626244,84.2738678334824));
#2103=CARTESIAN_POINT('Ctrl Pts',(31.0893336412386,-41.6872117928695,79.5829000219274));
#2104=CARTESIAN_POINT('Ctrl Pts',(33.6454401168052,-43.5682867334369,74.9078965981575));
#2105=CARTESIAN_POINT('Ctrl Pts',(28.1294384827118,-36.1153746570811,88.8635395580817));
#2106=CARTESIAN_POINT('Ctrl Pts',(29.7152213976047,-38.7971577865424,84.2935531262813));
#2107=CARTESIAN_POINT('Ctrl Pts',(31.966176224147,-40.9591800284348,79.6709019139004));
#2108=CARTESIAN_POINT('Ctrl Pts',(34.5205537023355,-42.778027126949,75.0466987226094));
#2109=CARTESIAN_POINT('Ctrl Pts',(29.5322067771242,-34.7291897784618,88.5191178377849));
#2110=CARTESIAN_POINT('Ctrl Pts',(31.1914320737955,-37.1662579368311,84.0529842313317));
#2111=CARTESIAN_POINT('Ctrl Pts',(33.4312272762317,-39.1267828482721,79.5316653806825));
#2112=CARTESIAN_POINT('Ctrl Pts',(35.9485247795255,-40.7927712722757,74.9853944734333));
#2113=CARTESIAN_POINT('Ctrl Pts',(30.8443256986081,-31.7505749416616,87.2032187371784));
#2114=CARTESIAN_POINT('Ctrl Pts',(32.3934616628753,-33.7119725391934,82.7513796147491));
#2115=CARTESIAN_POINT('Ctrl Pts',(34.417113275246,-35.3262877860189,78.2510301246383));
#2116=CARTESIAN_POINT('Ctrl Pts',(36.7236933865636,-36.7557587939192,73.7279908203708));
#2117=CARTESIAN_POINT('Ctrl Pts',(30.5355355047356,-29.5990419524589,85.8276273698015));
#2118=CARTESIAN_POINT('Ctrl Pts',(31.7670989927925,-31.3438038408098,81.272531713173));
#2119=CARTESIAN_POINT('Ctrl Pts',(33.4655542384487,-32.8972307782676,76.6708862379689));
#2120=CARTESIAN_POINT('Ctrl Pts',(35.5242281446583,-34.3118839251433,72.078784133915));
#2121=CARTESIAN_POINT('Ctrl Pts',(29.9314694004853,-28.5440720756005,85.));
#2122=CARTESIAN_POINT('Ctrl Pts',(30.9234733638494,-30.2765551460952,80.3813351050817));
#2123=CARTESIAN_POINT('Ctrl Pts',(32.4318243343987,-31.908107956842,75.7187434226927));
#2124=CARTESIAN_POINT('Ctrl Pts',(34.3582742591022,-33.4055689345367,71.0834224829259));
#2125=CARTESIAN_POINT('',(28.7690006173512,-38.8812457462423,85.));
#2126=CARTESIAN_POINT('Ctrl Pts',(28.7690006173512,-38.8812457462423,85.));
#2127=CARTESIAN_POINT('Ctrl Pts',(29.3812066816005,-38.4282624042145,85.));
#2128=CARTESIAN_POINT('Ctrl Pts',(29.8931624466516,-37.8634942286057,84.999999999998));
#2129=CARTESIAN_POINT('Ctrl Pts',(30.720657787777,-36.5169397098428,84.999999999998));
#2130=CARTESIAN_POINT('Ctrl Pts',(31.0056023458793,-35.7447588151881,85.0000000000443));
#2131=CARTESIAN_POINT('Ctrl Pts',(31.3419878049805,-33.9814982700968,85.0000000000443));
#2132=CARTESIAN_POINT('Ctrl Pts',(31.3364185301961,-32.99221954268,85.0000000029294));
#2133=CARTESIAN_POINT('Ctrl Pts',(30.9839913146084,-30.8067177083804,85.0000000029294));
#2134=CARTESIAN_POINT('Ctrl Pts',(30.5466771246666,-29.618500209302,85.));
#2135=CARTESIAN_POINT('Ctrl Pts',(29.9314694004853,-28.5440720756005,85.));
#2136=CARTESIAN_POINT('',(33.5951245591461,-43.5311796255431,75.0000000000001));
#2137=CARTESIAN_POINT('Ctrl Pts',(32.8302584513968,-32.1081622597882,75.));
#2138=CARTESIAN_POINT('Ctrl Pts',(33.7983939515998,-33.01082519077,75.));
#2139=CARTESIAN_POINT('Ctrl Pts',(34.6037397227283,-34.1021157838674,75.0000000000009));
#2140=CARTESIAN_POINT('Ctrl Pts',(35.5936799473454,-36.2827978859799,75.0000000000009));
#2141=CARTESIAN_POINT('Ctrl Pts',(35.8668596415434,-37.3369415240372,75.0000000000214));
#2142=CARTESIAN_POINT('Ctrl Pts',(35.9339490855901,-39.2741423096699,75.0000000000214));
#2143=CARTESIAN_POINT('Ctrl Pts',(35.8076888869673,-40.1362972541494,75.0000000000077));
#2144=CARTESIAN_POINT('Ctrl Pts',(35.3116469804697,-41.4556506807812,75.0000000000077));
#2145=CARTESIAN_POINT('Ctrl Pts',(35.0536626574131,-41.9340659670125,75.));
#2146=CARTESIAN_POINT('Ctrl Pts',(34.4080993281928,-42.8096814555694,75.));
#2147=CARTESIAN_POINT('Ctrl Pts',(34.0262730044832,-43.1984414399673,75.));
#2148=CARTESIAN_POINT('Ctrl Pts',(33.5951245591462,-43.5311796255432,75.));
#2149=CARTESIAN_POINT('Ctrl Pts',(33.595123907686,-43.5311812118761,75.0000003116062));
#2150=CARTESIAN_POINT('Ctrl Pts',(31.7757373584068,-42.1866830607026,78.3332020876009));
#2151=CARTESIAN_POINT('Ctrl Pts',(30.1195970133146,-40.6583344816362,81.6743103402761));
#2152=CARTESIAN_POINT('Ctrl Pts',(28.7680221302571,-38.8833325560861,85.0007175833728));
#2153=CARTESIAN_POINT('Origin',(38.8273726246811,-23.5472178336017,85.));
#2154=CARTESIAN_POINT('Origin',(1.65201186064223E-12,4.97935026544383E-13,
85.0000000000024));
#2155=CARTESIAN_POINT('',(38.3937229273215,-27.1791237375136,85.));
#2156=CARTESIAN_POINT('',(31.3229972319243,-26.9089395495861,85.));
#2157=CARTESIAN_POINT('Origin',(34.9296213121835,-25.1791237375141,85.));
#2158=CARTESIAN_POINT('',(38.946530773709,-13.6784608073539,85.));
#2159=CARTESIAN_POINT('Ctrl Pts',(31.3229972319095,-26.9089395495553,85.));
#2160=CARTESIAN_POINT('Ctrl Pts',(30.8641978618504,-25.9523539729112,85.));
#2161=CARTESIAN_POINT('Ctrl Pts',(30.620587222874,-25.0113960380524,85.));
#2162=CARTESIAN_POINT('Ctrl Pts',(30.4218223254623,-22.7365180153916,85.));
#2163=CARTESIAN_POINT('Ctrl Pts',(30.6302797120806,-21.3260776155779,85.));
#2164=CARTESIAN_POINT('Ctrl Pts',(31.8161759465185,-18.3026747877871,85.));
#2165=CARTESIAN_POINT('Ctrl Pts',(32.8933442861208,-16.7710547672056,85.));
#2166=CARTESIAN_POINT('Ctrl Pts',(35.3910038824925,-14.6067699984804,85.));
#2167=CARTESIAN_POINT('Ctrl Pts',(36.7711683452005,-13.9685533330835,85.));
#2168=CARTESIAN_POINT('Ctrl Pts',(38.5864507041716,-13.7128533049168,85.));
#2169=CARTESIAN_POINT('Ctrl Pts',(38.7645443814004,-13.6931148145357,85.));
#2170=CARTESIAN_POINT('Ctrl Pts',(38.946530773709,-13.6784608073539,85.));
#2171=CARTESIAN_POINT('',(42.7316834161785,-19.6655557695846,85.));
#2172=CARTESIAN_POINT('Origin',(39.2675818010405,-17.6655557695851,85.));
#2173=CARTESIAN_POINT('',(42.7316834161785,-19.6655557695846,85.));
#2174=CARTESIAN_POINT('Origin',(35.7235083553555,26.501419331486,91.890666912652));
#2175=CARTESIAN_POINT('',(38.1820137815755,25.0820005618538,88.9873965651813));
#2176=CARTESIAN_POINT('',(30.8093351725417,29.3386185414279,93.6102681548618));
#2177=CARTESIAN_POINT('Ctrl Pts',(38.1820137815755,25.0820005618538,88.9873965651813));
#2178=CARTESIAN_POINT('Ctrl Pts',(35.5041514566079,26.6280650960265,91.0426546472503));
#2179=CARTESIAN_POINT('Ctrl Pts',(33.0633473656841,28.0372639949604,92.5332237054348));
#2180=CARTESIAN_POINT('Ctrl Pts',(30.8093351725417,29.3386185414279,93.6102681548618));
#2181=CARTESIAN_POINT('',(31.9213305033017,28.6966077378761,99.2560991091903));
#2182=CARTESIAN_POINT('',(36.1837998884238,26.2356698909633,92.264844596978));
#2183=CARTESIAN_POINT('',(28.8763249768498,30.4546424982568,96.7807698128804));
#2184=CARTESIAN_POINT('',(31.4610389702334,28.9623571783988,98.8819214248644));
#2185=CARTESIAN_POINT('',(33.1387943619719,27.9937046513441,89.7895153006681));
#2186=CARTESIAN_POINT('Origin',(-4.72649164464283,-43.5600358346762,91.8906669126532));
#2187=CARTESIAN_POINT('',(-10.5075731692286,-40.2223268602495,95.0321615008286));
#2188=CARTESIAN_POINT('',(-8.51667488939869,-41.3717725178614,94.0562732530133));
#2189=CARTESIAN_POINT('Ctrl Pts',(-10.5075731692286,-40.2223268602495,95.0321615008286));
#2190=CARTESIAN_POINT('Ctrl Pts',(-9.83570580477361,-40.6102296639773,94.7318643214008));
#2191=CARTESIAN_POINT('Ctrl Pts',(-9.1720374537958,-40.993398765067,94.4054497557445));
#2192=CARTESIAN_POINT('Ctrl Pts',(-8.51667488961578,-41.3717725179131,94.0562732526619));
#2193=CARTESIAN_POINT('',(-11.5736750231485,-39.6068126679053,96.7807698128815));
#2194=CARTESIAN_POINT('',(-7.31120563802644,-42.0677505148181,89.7895153006692));
#2195=CARTESIAN_POINT('',(-8.5286694966966,-41.3648474282861,99.2560991091914));
#2196=CARTESIAN_POINT('',(-8.98896102976494,-41.0990979877634,98.8819214248655));
#2197=CARTESIAN_POINT('',(-6.40500174935772,-42.5909475738815,95.7728830718292));
#2198=CARTESIAN_POINT('',(-4.26620011157452,-43.8257852751989,92.2648445969791));
#2199=CARTESIAN_POINT('',(-9.06052982475245,-41.0577777247119,93.6141656622558));
#2200=CARTESIAN_POINT('Origin',(15.9587998884246,-8.79505769211779,92.2648445969785));
#2201=CARTESIAN_POINT('',(-6.47731324564318,-42.4337284581976,95.9734970171816));
#2202=CARTESIAN_POINT('Origin',(0.265497114685726,-35.3716550659009,92.6945295201704));
#2203=CARTESIAN_POINT('',(-8.4786694966966,-41.2782448879076,99.2560991091914));
#2204=CARTESIAN_POINT('',(11.6963305033026,-6.33411984520503,99.2560991091909));
#2205=CARTESIAN_POINT('',(-4.21620011157453,-43.7391827348204,92.2648445969791));
#2206=CARTESIAN_POINT('Origin',(28.1099690392917,18.9890644141191,90.5358121105978));
#2207=CARTESIAN_POINT('',(35.2045393859827,26.6855761518165,93.7890072580394));
#2208=CARTESIAN_POINT('',(37.2149158167591,25.0819896911156,90.1770562766153));
#2209=CARTESIAN_POINT('Origin',(30.7654971146857,17.4558945649498,92.6945295201703));
#2210=CARTESIAN_POINT('',(38.8250930185738,23.2807929457063,89.5984056784009));
#2211=CARTESIAN_POINT('Ctrl Pts',(38.8250930185738,23.2807929457063,89.5984056784009));
#2212=CARTESIAN_POINT('Ctrl Pts',(38.3053553081249,23.9392995363951,89.7566409735688));
#2213=CARTESIAN_POINT('Ctrl Pts',(37.7642811241656,24.5423790548074,89.9498303638143));
#2214=CARTESIAN_POINT('Ctrl Pts',(37.2149158167593,25.0819896911155,90.1770562766155));
#2215=CARTESIAN_POINT('',(43.4880651249448,20.5886247851004,93.389003613606));
#2216=CARTESIAN_POINT('',(34.9903753108804,25.4947682134241,86.4811078062953));
#2217=CARTESIAN_POINT('',(43.0216847532015,14.1415076265718,89.3838294684644));
#2218=CARTESIAN_POINT('Origin',(36.5215116387408,14.1326580300272,97.3736774749464));
#2219=CARTESIAN_POINT('',(43.1193949109149,14.0850946417928,89.4632594773224));
#2220=CARTESIAN_POINT('',(34.523994884803,19.0476510657025,82.4759337356677));
#2221=CARTESIAN_POINT('',(36.8384219118601,2.05627425322652,101.817808377762));
#2222=CARTESIAN_POINT('Ctrl Pts',(36.8384219118601,2.05627425322651,101.817808377762));
#2223=CARTESIAN_POINT('Ctrl Pts',(37.3689545945921,1.74997106603726,101.079308747483));
#2224=CARTESIAN_POINT('Ctrl Pts',(37.9165508819502,1.58805519676012,100.297580020298));
#2225=CARTESIAN_POINT('Ctrl Pts',(39.1582051894939,1.56565359026898,98.5027477910335));
#2226=CARTESIAN_POINT('Ctrl Pts',(39.8368786109383,1.79174295410462,97.5069044295397));
#2227=CARTESIAN_POINT('Ctrl Pts',(41.1548765483745,2.72518542057034,95.5147189614321));
#2228=CARTESIAN_POINT('Ctrl Pts',(41.7644172180665,3.46216125092398,94.5556693831882));
#2229=CARTESIAN_POINT('Ctrl Pts',(42.8328943901389,5.49145075514207,92.6909956459075));
#2230=CARTESIAN_POINT('Ctrl Pts',(43.2253823690557,6.8263274211683,91.8565213277002));
#2231=CARTESIAN_POINT('Ctrl Pts',(43.6276739992979,10.0561835352969,90.3822264456335));
#2232=CARTESIAN_POINT('Ctrl Pts',(43.5369578906486,11.9671654012459,89.8345426376648));
#2233=CARTESIAN_POINT('Ctrl Pts',(43.1477553683743,13.9465339868626,89.4867605889386));
#2234=CARTESIAN_POINT('Ctrl Pts',(43.133759772476,14.0158193853044,89.474869338412));
#2235=CARTESIAN_POINT('Ctrl Pts',(43.1193949109149,14.0850946417928,89.4632594773224));
#2236=CARTESIAN_POINT('',(41.3716303620237,-0.560974865768134,105.502919483634));
#2237=CARTESIAN_POINT('',(22.9599690392917,10.0690027551394,90.5358121105978));
#2238=CARTESIAN_POINT('Origin',(46.5216303620237,8.35908679321158,105.502919483634));
#2239=CARTESIAN_POINT('',(29.3489489474345,25.7300271538304,98.7319975781667));
#2240=CARTESIAN_POINT('Ctrl Pts',(29.3489489474394,25.7300271538276,98.7319975781587));
#2241=CARTESIAN_POINT('Ctrl Pts',(29.2796990926123,25.3930747425009,99.1296336115193));
#2242=CARTESIAN_POINT('Ctrl Pts',(29.2369563898543,25.0351706732447,99.5154344255946));
#2243=CARTESIAN_POINT('Ctrl Pts',(29.1077382308852,22.9477818490228,101.606367035819));
#2244=CARTESIAN_POINT('Ctrl Pts',(29.4155281560247,20.6871253977038,103.277076632768));
#2245=CARTESIAN_POINT('Ctrl Pts',(29.9197111464461,18.2025559110895,104.509518842397));
#2246=CARTESIAN_POINT('Ctrl Pts',(30.0482438937719,17.5691578232855,104.823708702296));
#2247=CARTESIAN_POINT('Ctrl Pts',(30.1898784756237,16.921702014644,105.109199912686));
#2248=CARTESIAN_POINT('Ctrl Pts',(30.6397105122401,14.9872521637144,105.848880530784));
#2249=CARTESIAN_POINT('Ctrl Pts',(30.9823091818578,13.6541706146684,106.214354789771));
#2250=CARTESIAN_POINT('Ctrl Pts',(31.639632716276,11.3725949836842,106.53040475312));
#2251=CARTESIAN_POINT('Ctrl Pts',(31.932990274225,10.4254057321704,106.57344572707));
#2252=CARTESIAN_POINT('Ctrl Pts',(32.560421916962,8.60686397802175,106.447085989855));
#2253=CARTESIAN_POINT('Ctrl Pts',(32.8895129882679,7.73956481926238,106.289581606361));
#2254=CARTESIAN_POINT('Ctrl Pts',(33.6758293695384,5.94681675720079,105.711519080066));
#2255=CARTESIAN_POINT('Ctrl Pts',(34.1369609406955,5.05511667202869,105.257613977564));
#2256=CARTESIAN_POINT('Ctrl Pts',(35.2162999210705,3.42937211663118,104.009427280476));
#2257=CARTESIAN_POINT('Ctrl Pts',(35.8287887265356,2.74690142505306,103.207388404704));
#2258=CARTESIAN_POINT('Ctrl Pts',(36.6061667984383,2.19778999688268,102.140109716951));
#2259=CARTESIAN_POINT('Ctrl Pts',(36.7218965267567,2.12355021568339,101.980011304402));
#2260=CARTESIAN_POINT('Ctrl Pts',(36.8384219118601,2.05627425322651,101.817808377762));
#2261=CARTESIAN_POINT('',(31.19750743445,24.662761413758,100.234717668187));
#2262=CARTESIAN_POINT('',(27.338139964851,26.8909682611858,97.0973816996184));
#2263=CARTESIAN_POINT('',(36.4083787801615,25.9905391535264,94.7676258170453));
#2264=CARTESIAN_POINT('Origin',(31.9693365088643,16.7608575666597,93.6731480791766));
#2265=CARTESIAN_POINT('',(32.5490113105883,28.218746000986,91.6302898484675));
#2266=CARTESIAN_POINT('Origin',(10.8819685601817,-5.86394775812642,98.5940924369219));
#2267=CARTESIAN_POINT('',(33.0751698974804,27.9149681992075,100.234717668197));
#2268=CARTESIAN_POINT('',(31.8713305033017,28.6100051974976,99.2560991091903));
#2269=CARTESIAN_POINT('',(31.0569685601809,29.0801772845762,98.5940924369214));
#2270=CARTESIAN_POINT('',(12.9001698974812,-7.02915684349509,100.234717668197));
#2271=CARTESIAN_POINT('',(28.0554597399417,29.0328622017649,96.7807698128804));
#2272=CARTESIAN_POINT('Ctrl Pts',(28.0554597399417,29.0328622017649,96.7807698128804));
#2273=CARTESIAN_POINT('Ctrl Pts',(28.1902864854312,28.7183366882402,96.9736854924113));
#2274=CARTESIAN_POINT('Ctrl Pts',(28.3224577660207,28.4020910660033,97.1655876546692));
#2275=CARTESIAN_POINT('Ctrl Pts',(28.451910190105,28.0841533516838,97.3564277887664));
#2276=CARTESIAN_POINT('Ctrl Pts',(28.7671822989045,27.309838852171,97.821205256577));
#2277=CARTESIAN_POINT('Ctrl Pts',(29.0665501747484,26.5249388960179,98.2800122429637));
#2278=CARTESIAN_POINT('Ctrl Pts',(29.3489489474242,25.7300271538305,98.7319975781724));
#2279=CARTESIAN_POINT('',(8.65132497685067,-4.57608508482421,96.7807698128809));
#2280=CARTESIAN_POINT('',(11.6963305033026,-6.33411984520503,99.2560991091909));
#2281=CARTESIAN_POINT('Origin',(-2.39003096070828,-33.8384852167316,90.5358121105978));
#2282=CARTESIAN_POINT('',(-5.27347385146457,-43.1287654564877,96.9521155761879));
#2283=CARTESIAN_POINT('',(-9.13284132103712,-40.9005586090285,93.8147796076088));
#2284=CARTESIAN_POINT('',(-5.75982749819193,-39.3492204019183,100.234717668187));
#2285=CARTESIAN_POINT('Origin',(1.46933650886437,-36.0666920641911,93.6731480791766));
#2286=CARTESIAN_POINT('',(-7.6083926986213,-38.2819507858406,98.7319921207198));
#2287=CARTESIAN_POINT('',(-9.61919496775043,-37.1210135544201,97.0973816996183));
#2288=CARTESIAN_POINT('',(9.36164084863236,-44.3850422195155,89.4632564855371));
#2289=CARTESIAN_POINT('Ctrl Pts',(9.36164084863233,-44.3850422195154,89.4632564855371));
#2290=CARTESIAN_POINT('Ctrl Pts',(10.0997394125016,-44.141150836837,89.5908192264872));
#2291=CARTESIAN_POINT('Ctrl Pts',(10.8169604954924,-43.8578872847944,89.7523317751137));
#2292=CARTESIAN_POINT('Ctrl Pts',(13.0428102165951,-42.8202044931291,90.3939278046588));
#2293=CARTESIAN_POINT('Ctrl Pts',(14.4218243866961,-41.9206682448296,91.016226963435));
#2294=CARTESIAN_POINT('Ctrl Pts',(16.5186991838051,-39.9893019637901,92.5759097244858));
#2295=CARTESIAN_POINT('Ctrl Pts',(17.2763132600223,-39.0077519430102,93.4499011714993));
#2296=CARTESIAN_POINT('Ctrl Pts',(18.1819771811469,-37.1224108183476,95.3885571413404));
#2297=CARTESIAN_POINT('Ctrl Pts',(18.3703795759529,-36.2455553327326,96.4024625945156));
#2298=CARTESIAN_POINT('Ctrl Pts',(18.230788311385,-34.7098050183541,98.4798063198771));
#2299=CARTESIAN_POINT('Ctrl Pts',(17.938502283973,-34.0610004891503,99.5086672073643));
#2300=CARTESIAN_POINT('Ctrl Pts',(16.9433211866982,-33.0386274659157,101.482254597952));
#2301=CARTESIAN_POINT('Ctrl Pts',(16.2667248328408,-32.6705362397389,102.402209773697));
#2302=CARTESIAN_POINT('Ctrl Pts',(14.5420642872975,-32.1874434472811,104.092918505387));
#2303=CARTESIAN_POINT('Ctrl Pts',(13.5014494475442,-32.0991319582454,104.818199923767));
#2304=CARTESIAN_POINT('Ctrl Pts',(11.479461859673,-32.1540822837169,105.782411279288));
#2305=CARTESIAN_POINT('Ctrl Pts',(10.5613440513943,-32.2473307166245,106.084844268391));
#2306=CARTESIAN_POINT('Ctrl Pts',(8.73261751967824,-32.5160552218333,106.460448519121));
#2307=CARTESIAN_POINT('Ctrl Pts',(7.83460432521631,-32.6855276981783,106.542359934543));
#2308=CARTESIAN_POINT('Ctrl Pts',(5.7839679653783,-33.125374055184,106.532878542259));
#2309=CARTESIAN_POINT('Ctrl Pts',(4.63847959775611,-33.4098519066177,106.382346533801));
#2310=CARTESIAN_POINT('Ctrl Pts',(1.65002410725299,-34.2161933538165,105.682187695163));
#2311=CARTESIAN_POINT('Ctrl Pts',(-0.167313069840651,-34.775102376264,104.915732987413));
#2312=CARTESIAN_POINT('Ctrl Pts',(-3.60617914895056,-35.9993682533492,102.912048780227));
#2313=CARTESIAN_POINT('Ctrl Pts',(-5.20227419661194,-36.6788263643137,101.62528579919));
#2314=CARTESIAN_POINT('Ctrl Pts',(-6.84630558532537,-37.6801623847525,99.7977960716148));
#2315=CARTESIAN_POINT('Ctrl Pts',(-7.25746121084047,-37.9702301700171,99.2745716037037));
#2316=CARTESIAN_POINT('Ctrl Pts',(-7.60839269861234,-38.2819507858458,98.7319921207051));
#2317=CARTESIAN_POINT('',(9.2639346240908,-44.3286315053826,89.3838296746529));
#2318=CARTESIAN_POINT('',(0.766244737285649,-39.4224880406842,82.4759339826577));
#2319=CARTESIAN_POINT('',(3.91375754629696,-47.9560874742978,93.3890038774067));
#2320=CARTESIAN_POINT('Origin',(6.02151191325233,-38.6948917593128,97.3736776981008));
#2321=CARTESIAN_POINT('',(-0.749220084400148,-45.2639160544724,89.5984014479748));
#2322=CARTESIAN_POINT('',(-4.58393222842542,-43.0499439415805,86.4811080958423));
#2323=CARTESIAN_POINT('',(-6.27736523943576,-43.4875472697845,91.5622514468049));
#2324=CARTESIAN_POINT('Ctrl Pts',(-6.27736523943657,-43.4875472697841,91.5622514468063));
#2325=CARTESIAN_POINT('Ctrl Pts',(-6.19875776442369,-43.5329313166431,91.5126756766956));
#2326=CARTESIAN_POINT('Ctrl Pts',(-6.11905453388047,-43.5775000051879,91.4641532766822));
#2327=CARTESIAN_POINT('Ctrl Pts',(-4.85206296147882,-44.2643439899387,90.7183756691016));
#2328=CARTESIAN_POINT('Ctrl Pts',(-3.34072033022972,-44.7879683040543,90.1748371328166));
#2329=CARTESIAN_POINT('Ctrl Pts',(-1.34949608313745,-45.1696834391261,89.7184189644507));
#2330=CARTESIAN_POINT('Ctrl Pts',(-1.05165410000454,-45.2198879823148,89.6560483325408));
#2331=CARTESIAN_POINT('Ctrl Pts',(-0.749220084400134,-45.2639160544724,
89.5984014479749));
#2332=CARTESIAN_POINT('',(10.8716303620237,-53.3885244966188,105.502919483634));
#2333=CARTESIAN_POINT('',(-7.54003096070828,-42.7585468757113,90.5358121105978));
#2334=CARTESIAN_POINT('Origin',(16.0216303620237,-44.4684628376391,105.502919483634));
#2335=CARTESIAN_POINT('Ctrl Pts',(-8.51667488932202,-41.3717725177286,94.0562732530133));
#2336=CARTESIAN_POINT('Ctrl Pts',(-8.39379529294506,-41.6242386358823,93.7304631957643));
#2337=CARTESIAN_POINT('Ctrl Pts',(-8.22546754036849,-41.8732108270271,93.4212921889552));
#2338=CARTESIAN_POINT('Ctrl Pts',(-7.5734609721511,-42.6272757789698,92.5133928119364));
#2339=CARTESIAN_POINT('Ctrl Pts',(-6.96756928159259,-43.0890577802495,91.9975458881782));
#2340=CARTESIAN_POINT('Ctrl Pts',(-6.27736523943657,-43.4875472697841,91.5622514468063));
#2341=CARTESIAN_POINT('Ctrl Pts',(-18.945383419947,0.,128.000002129844));
#2342=CARTESIAN_POINT('Ctrl Pts',(-18.945383419947,18.945383419947,128.000002129844));
#2343=CARTESIAN_POINT('Ctrl Pts',(3.52711852934626E-31,18.945383419947,
128.000002129844));
#2344=CARTESIAN_POINT('Ctrl Pts',(18.945383419947,18.945383419947,128.000002129844));
#2345=CARTESIAN_POINT('Ctrl Pts',(18.945383419947,0.,128.000002129844));
#2346=CARTESIAN_POINT('Ctrl Pts',(18.945383419947,-18.945383419947,128.000002129844));
#2347=CARTESIAN_POINT('Ctrl Pts',(3.52711852934626E-31,-18.945383419947,
128.000002129844));
#2348=CARTESIAN_POINT('Ctrl Pts',(-18.945383419947,-18.945383419947,128.000002129844));
#2349=CARTESIAN_POINT('Ctrl Pts',(-18.945383419947,0.,128.000002129844));
#2350=CARTESIAN_POINT('Ctrl Pts',(-20.0761845640857,0.,126.234933356779));
#2351=CARTESIAN_POINT('Ctrl Pts',(-20.0761845640857,20.0761845640857,126.234933356779));
#2352=CARTESIAN_POINT('Ctrl Pts',(3.47691202393409E-31,20.0761845640857,
126.234933356779));
#2353=CARTESIAN_POINT('Ctrl Pts',(20.0761845640857,20.0761845640857,126.234933356779));
#2354=CARTESIAN_POINT('Ctrl Pts',(20.0761845640857,0.,126.234933356779));
#2355=CARTESIAN_POINT('Ctrl Pts',(20.0761845640857,-20.0761845640857,126.234933356779));
#2356=CARTESIAN_POINT('Ctrl Pts',(3.47691202393409E-31,-20.0761845640857,
126.234933356779));
#2357=CARTESIAN_POINT('Ctrl Pts',(-20.0761845640857,-20.0761845640857,126.234933356779));
#2358=CARTESIAN_POINT('Ctrl Pts',(-20.0761845640857,0.,126.234933356779));
#2359=CARTESIAN_POINT('Ctrl Pts',(-21.0867189608227,0.,124.674874787763));
#2360=CARTESIAN_POINT('Ctrl Pts',(-21.0867189608227,21.0867189608227,124.674874787763));
#2361=CARTESIAN_POINT('Ctrl Pts',(3.43253693204882E-31,21.0867189608227,
124.674874787763));
#2362=CARTESIAN_POINT('Ctrl Pts',(21.0867189608227,21.0867189608227,124.674874787763));
#2363=CARTESIAN_POINT('Ctrl Pts',(21.0867189608227,0.,124.674874787763));
#2364=CARTESIAN_POINT('Ctrl Pts',(21.0867189608227,-21.0867189608227,124.674874787763));
#2365=CARTESIAN_POINT('Ctrl Pts',(3.43253693204882E-31,-21.0867189608227,
124.674874787763));
#2366=CARTESIAN_POINT('Ctrl Pts',(-21.0867189608227,-21.0867189608227,124.674874787763));
#2367=CARTESIAN_POINT('Ctrl Pts',(-21.0867189608227,0.,124.674874787763));
#2368=CARTESIAN_POINT('Ctrl Pts',(-22.0079653076412,0.,123.272179768192));
#2369=CARTESIAN_POINT('Ctrl Pts',(-22.0079653076412,22.0079653076412,123.272179768192));
#2370=CARTESIAN_POINT('Ctrl Pts',(3.39263796824278E-31,22.0079653076412,
123.272179768192));
#2371=CARTESIAN_POINT('Ctrl Pts',(22.0079653076412,22.0079653076412,123.272179768192));
#2372=CARTESIAN_POINT('Ctrl Pts',(22.0079653076412,0.,123.272179768192));
#2373=CARTESIAN_POINT('Ctrl Pts',(22.0079653076412,-22.0079653076412,123.272179768192));
#2374=CARTESIAN_POINT('Ctrl Pts',(3.39263796824278E-31,-22.0079653076412,
123.272179768192));
#2375=CARTESIAN_POINT('Ctrl Pts',(-22.0079653076412,-22.0079653076412,123.272179768192));
#2376=CARTESIAN_POINT('Ctrl Pts',(-22.0079653076412,0.,123.272179768192));
#2377=CARTESIAN_POINT('Ctrl Pts',(-24.3376135750408,0.,119.725043832927));
#2378=CARTESIAN_POINT('Ctrl Pts',(-24.3376135750408,24.3376135750408,119.725043832927));
#2379=CARTESIAN_POINT('Ctrl Pts',(3.29174144667418E-31,24.3376135750408,
119.725043832927));
#2380=CARTESIAN_POINT('Ctrl Pts',(24.3376135750408,24.3376135750408,119.725043832927));
#2381=CARTESIAN_POINT('Ctrl Pts',(24.3376135750408,0.,119.725043832927));
#2382=CARTESIAN_POINT('Ctrl Pts',(24.3376135750408,-24.3376135750408,119.725043832927));
#2383=CARTESIAN_POINT('Ctrl Pts',(3.29174144667418E-31,-24.3376135750408,
119.725043832927));
#2384=CARTESIAN_POINT('Ctrl Pts',(-24.3376135750408,-24.3376135750408,119.725043832927));
#2385=CARTESIAN_POINT('Ctrl Pts',(-24.3376135750408,0.,119.725043832927));
#2386=CARTESIAN_POINT('Ctrl Pts',(-26.1241249868215,0.,117.145574317197));
#2387=CARTESIAN_POINT('Ctrl Pts',(-26.1241249868215,26.1241249868215,117.145574317197));
#2388=CARTESIAN_POINT('Ctrl Pts',(3.21836971624744E-31,26.1241249868215,
117.145574317197));
#2389=CARTESIAN_POINT('Ctrl Pts',(26.1241249868215,26.1241249868215,117.145574317197));
#2390=CARTESIAN_POINT('Ctrl Pts',(26.1241249868215,0.,117.145574317197));
#2391=CARTESIAN_POINT('Ctrl Pts',(26.1241249868215,-26.1241249868215,117.145574317197));
#2392=CARTESIAN_POINT('Ctrl Pts',(3.21836971624744E-31,-26.1241249868215,
117.145574317197));
#2393=CARTESIAN_POINT('Ctrl Pts',(-26.1241249868215,-26.1241249868215,117.145574317197));
#2394=CARTESIAN_POINT('Ctrl Pts',(-26.1241249868215,0.,117.145574317197));
#2395=CARTESIAN_POINT('Ctrl Pts',(-28.3884394877943,0.,113.933037788103));
#2396=CARTESIAN_POINT('Ctrl Pts',(-28.3884394877943,28.3884394877943,113.933037788103));
#2397=CARTESIAN_POINT('Ctrl Pts',(3.12699070875717E-31,28.3884394877943,
113.933037788103));
#2398=CARTESIAN_POINT('Ctrl Pts',(28.3884394877943,28.3884394877943,113.933037788103));
#2399=CARTESIAN_POINT('Ctrl Pts',(28.3884394877943,0.,113.933037788103));
#2400=CARTESIAN_POINT('Ctrl Pts',(28.3884394877943,-28.3884394877943,113.933037788103));
#2401=CARTESIAN_POINT('Ctrl Pts',(3.12699070875717E-31,-28.3884394877943,
113.933037788103));
#2402=CARTESIAN_POINT('Ctrl Pts',(-28.3884394877943,-28.3884394877943,113.933037788103));
#2403=CARTESIAN_POINT('Ctrl Pts',(-28.3884394877943,0.,113.933037788103));
#2404=CARTESIAN_POINT('Ctrl Pts',(-30.1148718661482,0.,111.483631100962));
#2405=CARTESIAN_POINT('Ctrl Pts',(-30.1148718661482,30.1148718661482,111.483631100962));
#2406=CARTESIAN_POINT('Ctrl Pts',(3.05731855095168E-31,30.1148718661482,
111.483631100962));
#2407=CARTESIAN_POINT('Ctrl Pts',(30.1148718661482,30.1148718661482,111.483631100962));
#2408=CARTESIAN_POINT('Ctrl Pts',(30.1148718661482,0.,111.483631100962));
#2409=CARTESIAN_POINT('Ctrl Pts',(30.1148718661482,-30.1148718661482,111.483631100962));
#2410=CARTESIAN_POINT('Ctrl Pts',(3.05731855095168E-31,-30.1148718661482,
111.483631100962));
#2411=CARTESIAN_POINT('Ctrl Pts',(-30.1148718661482,-30.1148718661482,111.483631100962));
#2412=CARTESIAN_POINT('Ctrl Pts',(-30.1148718661482,0.,111.483631100962));
#2413=CARTESIAN_POINT('Ctrl Pts',(-32.1441303754821,0.,108.627424558445));
#2414=CARTESIAN_POINT('Ctrl Pts',(-32.1441303754821,32.1441303754821,108.627424558445));
#2415=CARTESIAN_POINT('Ctrl Pts',(2.97607517311652E-31,32.1441303754821,
108.627424558445));
#2416=CARTESIAN_POINT('Ctrl Pts',(32.1441303754821,32.1441303754821,108.627424558445));
#2417=CARTESIAN_POINT('Ctrl Pts',(32.1441303754821,0.,108.627424558445));
#2418=CARTESIAN_POINT('Ctrl Pts',(32.1441303754821,-32.1441303754821,108.627424558445));
#2419=CARTESIAN_POINT('Ctrl Pts',(2.97607517311652E-31,-32.1441303754821,
108.627424558445));
#2420=CARTESIAN_POINT('Ctrl Pts',(-32.1441303754821,-32.1441303754821,108.627424558445));
#2421=CARTESIAN_POINT('Ctrl Pts',(-32.1441303754821,0.,108.627424558445));
#2422=CARTESIAN_POINT('Ctrl Pts',(-34.7912179379252,0.,104.839509961768));
#2423=CARTESIAN_POINT('Ctrl Pts',(-34.7912179379252,34.7912179379252,104.839509961768));
#2424=CARTESIAN_POINT('Ctrl Pts',(2.8683298219999E-31,34.7912179379252,
104.839509961768));
#2425=CARTESIAN_POINT('Ctrl Pts',(34.7912179379252,34.7912179379252,104.839509961768));
#2426=CARTESIAN_POINT('Ctrl Pts',(34.7912179379252,0.,104.839509961768));
#2427=CARTESIAN_POINT('Ctrl Pts',(34.7912179379252,-34.7912179379252,104.839509961768));
#2428=CARTESIAN_POINT('Ctrl Pts',(2.8683298219999E-31,-34.7912179379252,
104.839509961768));
#2429=CARTESIAN_POINT('Ctrl Pts',(-34.7912179379252,-34.7912179379252,104.839509961768));
#2430=CARTESIAN_POINT('Ctrl Pts',(-34.7912179379252,0.,104.839509961768));
#2431=CARTESIAN_POINT('Ctrl Pts',(-36.942765365845,0.,101.760700623048));
#2432=CARTESIAN_POINT('Ctrl Pts',(-36.942765365845,36.942765365845,101.760700623048));
#2433=CARTESIAN_POINT('Ctrl Pts',(2.78075461808359E-31,36.942765365845,
101.760700623048));
#2434=CARTESIAN_POINT('Ctrl Pts',(36.942765365845,36.942765365845,101.760700623048));
#2435=CARTESIAN_POINT('Ctrl Pts',(36.942765365845,0.,101.760700623048));
#2436=CARTESIAN_POINT('Ctrl Pts',(36.942765365845,-36.942765365845,101.760700623048));
#2437=CARTESIAN_POINT('Ctrl Pts',(2.78075461808359E-31,-36.942765365845,
101.760700623048));
#2438=CARTESIAN_POINT('Ctrl Pts',(-36.942765365845,-36.942765365845,101.760700623048));
#2439=CARTESIAN_POINT('Ctrl Pts',(-36.942765365845,0.,101.760700623048));
#2440=CARTESIAN_POINT('Ctrl Pts',(-39.5061960076969,0.,98.060515932696));
#2441=CARTESIAN_POINT('Ctrl Pts',(-39.5061960076969,39.5061960076969,98.060515932696));
#2442=CARTESIAN_POINT('Ctrl Pts',(2.67550470062027E-31,39.5061960076969,
98.060515932696));
#2443=CARTESIAN_POINT('Ctrl Pts',(39.5061960076969,39.5061960076969,98.060515932696));
#2444=CARTESIAN_POINT('Ctrl Pts',(39.5061960076969,0.,98.060515932696));
#2445=CARTESIAN_POINT('Ctrl Pts',(39.5061960076969,-39.5061960076969,98.060515932696));
#2446=CARTESIAN_POINT('Ctrl Pts',(2.67550470062027E-31,-39.5061960076969,
98.060515932696));
#2447=CARTESIAN_POINT('Ctrl Pts',(-39.5061960076969,-39.5061960076969,98.060515932696));
#2448=CARTESIAN_POINT('Ctrl Pts',(-39.5061960076969,0.,98.060515932696));
#2449=CARTESIAN_POINT('Ctrl Pts',(-42.4202851070544,0.,93.7911685378944));
#2450=CARTESIAN_POINT('Ctrl Pts',(-42.4202851070544,42.4202851070544,93.7911685378944));
#2451=CARTESIAN_POINT('Ctrl Pts',(2.55406523245082E-31,42.4202851070544,
93.7911685378944));
#2452=CARTESIAN_POINT('Ctrl Pts',(42.4202851070544,42.4202851070544,93.7911685378944));
#2453=CARTESIAN_POINT('Ctrl Pts',(42.4202851070544,0.,93.7911685378944));
#2454=CARTESIAN_POINT('Ctrl Pts',(42.4202851070544,-42.4202851070544,93.7911685378944));
#2455=CARTESIAN_POINT('Ctrl Pts',(2.55406523245082E-31,-42.4202851070544,
93.7911685378944));
#2456=CARTESIAN_POINT('Ctrl Pts',(-42.4202851070544,-42.4202851070544,93.7911685378944));
#2457=CARTESIAN_POINT('Ctrl Pts',(-42.4202851070544,0.,93.7911685378944));
#2458=CARTESIAN_POINT('Ctrl Pts',(-46.7691870875031,0.,87.4197184183459));
#2459=CARTESIAN_POINT('Ctrl Pts',(-46.7691870875031,46.7691870875031,87.4197184183459));
#2460=CARTESIAN_POINT('Ctrl Pts',(2.37283249535187E-31,46.7691870875031,
87.4197184183459));
#2461=CARTESIAN_POINT('Ctrl Pts',(46.7691870875031,46.7691870875031,87.4197184183459));
#2462=CARTESIAN_POINT('Ctrl Pts',(46.7691870875031,0.,87.4197184183459));
#2463=CARTESIAN_POINT('Ctrl Pts',(46.7691870875031,-46.7691870875031,87.4197184183459));
#2464=CARTESIAN_POINT('Ctrl Pts',(2.37283249535187E-31,-46.7691870875031,
87.4197184183459));
#2465=CARTESIAN_POINT('Ctrl Pts',(-46.7691870875031,-46.7691870875031,87.4197184183459));
#2466=CARTESIAN_POINT('Ctrl Pts',(-46.7691870875031,0.,87.4197184183459));
#2467=CARTESIAN_POINT('Ctrl Pts',(-51.8793566503572,0.,79.8114762615248));
#2468=CARTESIAN_POINT('Ctrl Pts',(-51.8793566503572,51.8793566503572,79.8114762615248));
#2469=CARTESIAN_POINT('Ctrl Pts',(2.15641982245629E-31,51.8793566503572,
79.8114762615248));
#2470=CARTESIAN_POINT('Ctrl Pts',(51.8793566503572,51.8793566503572,79.8114762615248));
#2471=CARTESIAN_POINT('Ctrl Pts',(51.8793566503572,0.,79.8114762615248));
#2472=CARTESIAN_POINT('Ctrl Pts',(51.8793566503572,-51.8793566503572,79.8114762615248));
#2473=CARTESIAN_POINT('Ctrl Pts',(2.15641982245629E-31,-51.8793566503572,
79.8114762615248));
#2474=CARTESIAN_POINT('Ctrl Pts',(-51.8793566503572,-51.8793566503572,79.8114762615248));
#2475=CARTESIAN_POINT('Ctrl Pts',(-51.8793566503572,0.,79.8114762615248));
#2476=CARTESIAN_POINT('Ctrl Pts',(-56.6202047335272,0.,72.4883522268154));
#2477=CARTESIAN_POINT('Ctrl Pts',(-56.6202047335272,56.6202047335272,72.4883522268154));
#2478=CARTESIAN_POINT('Ctrl Pts',(1.94811719306688E-31,56.6202047335272,
72.4883522268154));
#2479=CARTESIAN_POINT('Ctrl Pts',(56.6202047335272,56.6202047335272,72.4883522268154));
#2480=CARTESIAN_POINT('Ctrl Pts',(56.6202047335272,0.,72.4883522268154));
#2481=CARTESIAN_POINT('Ctrl Pts',(56.6202047335272,-56.6202047335272,72.4883522268154));
#2482=CARTESIAN_POINT('Ctrl Pts',(1.94811719306688E-31,-56.6202047335272,
72.4883522268154));
#2483=CARTESIAN_POINT('Ctrl Pts',(-56.6202047335272,-56.6202047335272,72.4883522268154));
#2484=CARTESIAN_POINT('Ctrl Pts',(-56.6202047335272,0.,72.4883522268154));
#2485=CARTESIAN_POINT('Ctrl Pts',(-60.4581500496384,0.,66.5599299075917));
#2486=CARTESIAN_POINT('Ctrl Pts',(-60.4581500496384,60.4581500496384,66.5599299075917));
#2487=CARTESIAN_POINT('Ctrl Pts',(1.77948616191512E-31,60.4581500496384,
66.5599299075917));
#2488=CARTESIAN_POINT('Ctrl Pts',(60.4581500496384,60.4581500496384,66.5599299075917));
#2489=CARTESIAN_POINT('Ctrl Pts',(60.4581500496384,0.,66.5599299075917));
#2490=CARTESIAN_POINT('Ctrl Pts',(60.4581500496384,-60.4581500496384,66.5599299075917));
#2491=CARTESIAN_POINT('Ctrl Pts',(1.77948616191512E-31,-60.4581500496384,
66.5599299075917));
#2492=CARTESIAN_POINT('Ctrl Pts',(-60.4581500496384,-60.4581500496384,66.5599299075917));
#2493=CARTESIAN_POINT('Ctrl Pts',(-60.4581500496384,0.,66.5599299075917));
#2494=CARTESIAN_POINT('Ctrl Pts',(-64.0394923390258,0.,60.8387051977271));
#2495=CARTESIAN_POINT('Ctrl Pts',(-64.0394923390257,64.0394923390257,60.8387051977271));
#2496=CARTESIAN_POINT('Ctrl Pts',(1.6167487639489E-31,64.0394923390258,
60.8387051977271));
#2497=CARTESIAN_POINT('Ctrl Pts',(64.0394923390257,64.0394923390257,60.8387051977271));
#2498=CARTESIAN_POINT('Ctrl Pts',(64.0394923390258,0.,60.8387051977271));
#2499=CARTESIAN_POINT('Ctrl Pts',(64.0394923390257,-64.0394923390257,60.8387051977271));
#2500=CARTESIAN_POINT('Ctrl Pts',(1.6167487639489E-31,-64.0394923390258,
60.8387051977271));
#2501=CARTESIAN_POINT('Ctrl Pts',(-64.0394923390257,-64.0394923390257,60.8387051977271));
#2502=CARTESIAN_POINT('Ctrl Pts',(-64.0394923390258,0.,60.8387051977271));
#2503=CARTESIAN_POINT('Ctrl Pts',(-67.1156643358232,0.,55.5971148251366));
#2504=CARTESIAN_POINT('Ctrl Pts',(-67.1156643358231,67.1156643358231,55.5971148251366));
#2505=CARTESIAN_POINT('Ctrl Pts',(1.46765432670901E-31,67.1156643358232,
55.5971148251366));
#2506=CARTESIAN_POINT('Ctrl Pts',(67.1156643358231,67.1156643358231,55.5971148251366));
#2507=CARTESIAN_POINT('Ctrl Pts',(67.1156643358232,0.,55.5971148251366));
#2508=CARTESIAN_POINT('Ctrl Pts',(67.1156643358231,-67.1156643358231,55.5971148251366));
#2509=CARTESIAN_POINT('Ctrl Pts',(1.46765432670901E-31,-67.1156643358232,
55.5971148251366));
#2510=CARTESIAN_POINT('Ctrl Pts',(-67.1156643358231,-67.1156643358231,55.5971148251366));
#2511=CARTESIAN_POINT('Ctrl Pts',(-67.1156643358232,0.,55.5971148251366));
#2512=CARTESIAN_POINT('Ctrl Pts',(-70.5925441405638,0.,49.6727452742286));
#2513=CARTESIAN_POINT('Ctrl Pts',(-70.5925441405637,70.5925441405637,49.6727452742286));
#2514=CARTESIAN_POINT('Ctrl Pts',(1.29913857454099E-31,70.5925441405638,
49.6727452742286));
#2515=CARTESIAN_POINT('Ctrl Pts',(70.5925441405637,70.5925441405637,49.6727452742286));
#2516=CARTESIAN_POINT('Ctrl Pts',(70.5925441405638,0.,49.6727452742286));
#2517=CARTESIAN_POINT('Ctrl Pts',(70.5925441405637,-70.5925441405637,49.6727452742286));
#2518=CARTESIAN_POINT('Ctrl Pts',(1.29913857454099E-31,-70.5925441405638,
49.6727452742286));
#2519=CARTESIAN_POINT('Ctrl Pts',(-70.5925441405637,-70.5925441405637,49.6727452742286));
#2520=CARTESIAN_POINT('Ctrl Pts',(-70.5925441405638,0.,49.6727452742286));
#2521=CARTESIAN_POINT('Ctrl Pts',(-73.4299476344459,0.,44.3509324600685));
#2522=CARTESIAN_POINT('Ctrl Pts',(-73.4299476344459,73.4299476344459,44.3509324600685));
#2523=CARTESIAN_POINT('Ctrl Pts',(1.14776224975752E-31,73.4299476344459,
44.3509324600685));
#2524=CARTESIAN_POINT('Ctrl Pts',(73.4299476344459,73.4299476344459,44.3509324600685));
#2525=CARTESIAN_POINT('Ctrl Pts',(73.4299476344459,0.,44.3509324600685));
#2526=CARTESIAN_POINT('Ctrl Pts',(73.4299476344459,-73.4299476344459,44.3509324600685));
#2527=CARTESIAN_POINT('Ctrl Pts',(1.14776224975752E-31,-73.4299476344459,
44.3509324600685));
#2528=CARTESIAN_POINT('Ctrl Pts',(-73.4299476344459,-73.4299476344459,44.3509324600685));
#2529=CARTESIAN_POINT('Ctrl Pts',(-73.4299476344459,0.,44.3509324600685));
#2530=CARTESIAN_POINT('Ctrl Pts',(-75.6086218449044,0.,39.5245155846115));
#2531=CARTESIAN_POINT('Ctrl Pts',(-75.6086218449044,75.6086218449044,39.5245155846115));
#2532=CARTESIAN_POINT('Ctrl Pts',(1.01047721663202E-31,75.6086218449044,
39.5245155846115));
#2533=CARTESIAN_POINT('Ctrl Pts',(75.6086218449044,75.6086218449044,39.5245155846115));
#2534=CARTESIAN_POINT('Ctrl Pts',(75.6086218449044,0.,39.5245155846115));
#2535=CARTESIAN_POINT('Ctrl Pts',(75.6086218449044,-75.6086218449044,39.5245155846115));
#2536=CARTESIAN_POINT('Ctrl Pts',(1.01047721663202E-31,-75.6086218449044,
39.5245155846115));
#2537=CARTESIAN_POINT('Ctrl Pts',(-75.6086218449044,-75.6086218449044,39.5245155846115));
#2538=CARTESIAN_POINT('Ctrl Pts',(-75.6086218449044,0.,39.5245155846115));
#2539=CARTESIAN_POINT('Ctrl Pts',(-78.5360020460619,0.,33.0394903633455));
#2540=CARTESIAN_POINT('Ctrl Pts',(-78.5360020460619,78.5360020460619,33.0394903633455));
#2541=CARTESIAN_POINT('Ctrl Pts',(8.26013892121364E-32,78.5360020460619,
33.0394903633455));
#2542=CARTESIAN_POINT('Ctrl Pts',(78.5360020460619,78.5360020460619,33.0394903633455));
#2543=CARTESIAN_POINT('Ctrl Pts',(78.5360020460619,0.,33.0394903633455));
#2544=CARTESIAN_POINT('Ctrl Pts',(78.5360020460619,-78.5360020460619,33.0394903633455));
#2545=CARTESIAN_POINT('Ctrl Pts',(8.26013892121364E-32,-78.5360020460619,
33.0394903633455));
#2546=CARTESIAN_POINT('Ctrl Pts',(-78.5360020460619,-78.5360020460619,33.0394903633455));
#2547=CARTESIAN_POINT('Ctrl Pts',(-78.5360020460619,0.,33.0394903633455));
#2548=CARTESIAN_POINT('Ctrl Pts',(-80.2964305053116,0.,27.4250496197638));
#2549=CARTESIAN_POINT('Ctrl Pts',(-80.2964305053116,80.2964305053116,27.4250496197638));
#2550=CARTESIAN_POINT('Ctrl Pts',(6.66313911089213E-32,80.2964305053116,
27.4250496197638));
#2551=CARTESIAN_POINT('Ctrl Pts',(80.2964305053116,80.2964305053116,27.4250496197638));
#2552=CARTESIAN_POINT('Ctrl Pts',(80.2964305053116,0.,27.4250496197638));
#2553=CARTESIAN_POINT('Ctrl Pts',(80.2964305053116,-80.2964305053116,27.4250496197638));
#2554=CARTESIAN_POINT('Ctrl Pts',(6.66313911089213E-32,-80.2964305053116,
27.4250496197638));
#2555=CARTESIAN_POINT('Ctrl Pts',(-80.2964305053116,-80.2964305053116,27.4250496197638));
#2556=CARTESIAN_POINT('Ctrl Pts',(-80.2964305053116,0.,27.4250496197638));
#2557=CARTESIAN_POINT('Ctrl Pts',(-81.3854117851174,0.,21.5868903466006));
#2558=CARTESIAN_POINT('Ctrl Pts',(-81.3854117851174,81.3854117851174,21.5868903466006));
#2559=CARTESIAN_POINT('Ctrl Pts',(5.0025036749359E-32,81.3854117851174,
21.5868903466006));
#2560=CARTESIAN_POINT('Ctrl Pts',(81.3854117851174,81.3854117851174,21.5868903466006));
#2561=CARTESIAN_POINT('Ctrl Pts',(81.3854117851174,0.,21.5868903466006));
#2562=CARTESIAN_POINT('Ctrl Pts',(81.3854117851174,-81.3854117851174,21.5868903466006));
#2563=CARTESIAN_POINT('Ctrl Pts',(5.0025036749359E-32,-81.3854117851174,
21.5868903466006));
#2564=CARTESIAN_POINT('Ctrl Pts',(-81.3854117851174,-81.3854117851174,21.5868903466006));
#2565=CARTESIAN_POINT('Ctrl Pts',(-81.3854117851174,0.,21.5868903466006));
#2566=CARTESIAN_POINT('Ctrl Pts',(-82.2455460532076,0.,16.9756073552974));
#2567=CARTESIAN_POINT('Ctrl Pts',(-82.2455460532075,82.2455460532075,16.9756073552974));
#2568=CARTESIAN_POINT('Ctrl Pts',(3.69084710952135E-32,82.2455460532076,
16.9756073552974));
#2569=CARTESIAN_POINT('Ctrl Pts',(82.2455460532075,82.2455460532075,16.9756073552974));
#2570=CARTESIAN_POINT('Ctrl Pts',(82.2455460532076,0.,16.9756073552974));
#2571=CARTESIAN_POINT('Ctrl Pts',(82.2455460532075,-82.2455460532075,16.9756073552974));
#2572=CARTESIAN_POINT('Ctrl Pts',(3.69084710952135E-32,-82.2455460532076,
16.9756073552974));
#2573=CARTESIAN_POINT('Ctrl Pts',(-82.2455460532075,-82.2455460532075,16.9756073552974));
#2574=CARTESIAN_POINT('Ctrl Pts',(-82.2455460532076,0.,16.9756073552974));
#2575=CARTESIAN_POINT('Ctrl Pts',(-82.7014068721427,0.,12.1857954188471));
#2576=CARTESIAN_POINT('Ctrl Pts',(-82.7014068721427,82.7014068721427,12.1857954188471));
#2577=CARTESIAN_POINT('Ctrl Pts',(2.32840887153098E-32,82.7014068721427,
12.1857954188471));
#2578=CARTESIAN_POINT('Ctrl Pts',(82.7014068721427,82.7014068721427,12.1857954188471));
#2579=CARTESIAN_POINT('Ctrl Pts',(82.7014068721427,0.,12.1857954188471));
#2580=CARTESIAN_POINT('Ctrl Pts',(82.7014068721427,-82.7014068721427,12.1857954188471));
#2581=CARTESIAN_POINT('Ctrl Pts',(2.32840887153098E-32,-82.7014068721427,
12.1857954188471));
#2582=CARTESIAN_POINT('Ctrl Pts',(-82.7014068721427,-82.7014068721427,12.1857954188471));
#2583=CARTESIAN_POINT('Ctrl Pts',(-82.7014068721427,0.,12.1857954188471));
#2584=CARTESIAN_POINT('Ctrl Pts',(-82.9117650435122,0.,6.88250942823129));
#2585=CARTESIAN_POINT('Ctrl Pts',(-82.9117650435122,82.9117650435122,6.88250942823129));
#2586=CARTESIAN_POINT('Ctrl Pts',(8.19915486722187E-33,82.9117650435122,
6.8825094282313));
#2587=CARTESIAN_POINT('Ctrl Pts',(82.9117650435122,82.9117650435122,6.8825094282313));
#2588=CARTESIAN_POINT('Ctrl Pts',(82.9117650435122,0.,6.8825094282313));
#2589=CARTESIAN_POINT('Ctrl Pts',(82.9117650435122,-82.9117650435122,6.8825094282313));
#2590=CARTESIAN_POINT('Ctrl Pts',(8.19915486722187E-33,-82.9117650435122,
6.8825094282313));
#2591=CARTESIAN_POINT('Ctrl Pts',(-82.9117650435122,-82.9117650435122,6.88250942823129));
#2592=CARTESIAN_POINT('Ctrl Pts',(-82.9117650435122,0.,6.88250942823129));
#2593=CARTESIAN_POINT('Ctrl Pts',(-82.9492772114256,0.,5.93679976894999));
#2594=CARTESIAN_POINT('Ctrl Pts',(-82.9492772114256,82.9492772114256,5.93679976894999));
#2595=CARTESIAN_POINT('Ctrl Pts',(5.50913066807435E-33,82.9492772114256,
5.93679976894999));
#2596=CARTESIAN_POINT('Ctrl Pts',(82.9492772114256,82.9492772114256,5.93679976894998));
#2597=CARTESIAN_POINT('Ctrl Pts',(82.9492772114256,0.,5.93679976894998));
#2598=CARTESIAN_POINT('Ctrl Pts',(82.9492772114256,-82.9492772114256,5.93679976894998));
#2599=CARTESIAN_POINT('Ctrl Pts',(5.50913066807435E-33,-82.9492772114256,
5.93679976894999));
#2600=CARTESIAN_POINT('Ctrl Pts',(-82.9492772114256,-82.9492772114256,5.93679976894999));
#2601=CARTESIAN_POINT('Ctrl Pts',(-82.9492772114256,0.,5.93679976894999));
#2602=CARTESIAN_POINT('Ctrl Pts',(-82.9784922591357,0.,4.97599004468235));
#2603=CARTESIAN_POINT('Ctrl Pts',(-82.9784922591357,82.9784922591357,4.97599004468235));
#2604=CARTESIAN_POINT('Ctrl Pts',(2.7761550833475E-33,82.9784922591357,
4.97599004468235));
#2605=CARTESIAN_POINT('Ctrl Pts',(82.9784922591357,82.9784922591357,4.97599004468235));
#2606=CARTESIAN_POINT('Ctrl Pts',(82.9784922591357,0.,4.97599004468235));
#2607=CARTESIAN_POINT('Ctrl Pts',(82.9784922591357,-82.9784922591357,4.97599004468235));
#2608=CARTESIAN_POINT('Ctrl Pts',(2.7761550833475E-33,-82.9784922591357,
4.97599004468235));
#2609=CARTESIAN_POINT('Ctrl Pts',(-82.9784922591357,-82.9784922591357,4.97599004468235));
#2610=CARTESIAN_POINT('Ctrl Pts',(-82.9784922591357,0.,4.97599004468235));
#2611=CARTESIAN_POINT('Ctrl Pts',(-82.9995404253589,0.,3.99999988375671));
#2612=CARTESIAN_POINT('Ctrl Pts',(-82.9995404253589,82.9995404253589,3.99999988375671));
#2613=CARTESIAN_POINT('Ctrl Pts',(-5.0019074992968E-40,82.9995404253589,
3.9999998837567));
#2614=CARTESIAN_POINT('Ctrl Pts',(82.9995404253589,82.9995404253589,3.9999998837567));
#2615=CARTESIAN_POINT('Ctrl Pts',(82.9995404253589,0.,3.9999998837567));
#2616=CARTESIAN_POINT('Ctrl Pts',(82.9995404253589,-82.9995404253589,3.9999998837567));
#2617=CARTESIAN_POINT('Ctrl Pts',(-5.0019074992968E-40,-82.9995404253589,
3.9999998837567));
#2618=CARTESIAN_POINT('Ctrl Pts',(-82.9995404253589,-82.9995404253589,3.99999988375671));
#2619=CARTESIAN_POINT('Ctrl Pts',(-82.9995404253589,0.,3.99999988375671));
#2620=CARTESIAN_POINT('',(-18.945383419947,7.10760596339153E-10,128.000002129844));
#2621=CARTESIAN_POINT('',(-82.9995404253589,-5.4841933953018E-10,3.99999988375671));
#2622=CARTESIAN_POINT('Ctrl Pts',(-18.945383419947,0.,128.000002129844));
#2623=CARTESIAN_POINT('Ctrl Pts',(-20.0761845640857,0.,126.234933356779));
#2624=CARTESIAN_POINT('Ctrl Pts',(-21.0867189608227,0.,124.674874787763));
#2625=CARTESIAN_POINT('Ctrl Pts',(-22.0079653076412,0.,123.272179768192));
#2626=CARTESIAN_POINT('Ctrl Pts',(-24.3376135750408,0.,119.725043832927));
#2627=CARTESIAN_POINT('Ctrl Pts',(-26.1241249868215,0.,117.145574317197));
#2628=CARTESIAN_POINT('Ctrl Pts',(-28.3884394877943,0.,113.933037788103));
#2629=CARTESIAN_POINT('Ctrl Pts',(-30.1148718661482,0.,111.483631100962));
#2630=CARTESIAN_POINT('Ctrl Pts',(-32.1441303754821,0.,108.627424558445));
#2631=CARTESIAN_POINT('Ctrl Pts',(-34.7912179379252,0.,104.839509961768));
#2632=CARTESIAN_POINT('Ctrl Pts',(-36.942765365845,0.,101.760700623048));
#2633=CARTESIAN_POINT('Ctrl Pts',(-39.5061960076969,0.,98.060515932696));
#2634=CARTESIAN_POINT('Ctrl Pts',(-42.4202851070544,0.,93.7911685378944));
#2635=CARTESIAN_POINT('Ctrl Pts',(-46.7691870875031,0.,87.4197184183459));
#2636=CARTESIAN_POINT('Ctrl Pts',(-51.8793566503572,0.,79.8114762615248));
#2637=CARTESIAN_POINT('Ctrl Pts',(-56.6202047335272,0.,72.4883522268154));
#2638=CARTESIAN_POINT('Ctrl Pts',(-60.4581500496384,0.,66.5599299075917));
#2639=CARTESIAN_POINT('Ctrl Pts',(-64.0394923390258,0.,60.8387051977271));
#2640=CARTESIAN_POINT('Ctrl Pts',(-67.1156643358232,0.,55.5971148251366));
#2641=CARTESIAN_POINT('Ctrl Pts',(-70.5925441405638,0.,49.6727452742286));
#2642=CARTESIAN_POINT('Ctrl Pts',(-73.4299476344459,0.,44.3509324600685));
#2643=CARTESIAN_POINT('Ctrl Pts',(-75.6086218449044,0.,39.5245155846115));
#2644=CARTESIAN_POINT('Ctrl Pts',(-78.5360020460619,0.,33.0394903633455));
#2645=CARTESIAN_POINT('Ctrl Pts',(-80.2964305053116,0.,27.4250496197638));
#2646=CARTESIAN_POINT('Ctrl Pts',(-81.3854117851174,0.,21.5868903466006));
#2647=CARTESIAN_POINT('Ctrl Pts',(-82.2455460532076,0.,16.9756073552974));
#2648=CARTESIAN_POINT('Ctrl Pts',(-82.7014068721427,0.,12.1857954188471));
#2649=CARTESIAN_POINT('Ctrl Pts',(-82.9117650435122,0.,6.88250942823129));
#2650=CARTESIAN_POINT('Ctrl Pts',(-82.9492772114256,0.,5.93679976894999));
#2651=CARTESIAN_POINT('Ctrl Pts',(-82.9784922591357,0.,4.97599004468235));
#2652=CARTESIAN_POINT('Ctrl Pts',(-82.9995404253589,0.,3.99999988375671));
#2653=CARTESIAN_POINT('Origin',(-5.0019074992968E-40,0.,3.9999998837567));
#2654=CARTESIAN_POINT('Origin',(3.52711852934626E-31,0.,128.000002129844));
#2655=CARTESIAN_POINT('Origin',(1.30562227695918E-12,-1.36779476633819E-12,
75.0000000000023));
#2656=CARTESIAN_POINT('',(42.7152451355239,24.8233095154552,83.4501095186061));
#2657=CARTESIAN_POINT('Ctrl Pts',(43.1193949109149,14.085094641793,89.4632594773223));
#2658=CARTESIAN_POINT('Ctrl Pts',(43.3434285935412,13.9795123079869,89.1969775152888));
#2659=CARTESIAN_POINT('Ctrl Pts',(43.562541165835,13.9240869206344,88.9130793476503));
#2660=CARTESIAN_POINT('Ctrl Pts',(44.0747945397791,13.9144605631949,88.1946780117906));
#2661=CARTESIAN_POINT('Ctrl Pts',(44.3464744141664,14.014609944453,87.7659319076767));
#2662=CARTESIAN_POINT('Ctrl Pts',(44.8694606128775,14.4279332728453,86.8399929493016));
#2663=CARTESIAN_POINT('Ctrl Pts',(45.0937105244011,14.7759555831697,86.3646406116776));
#2664=CARTESIAN_POINT('Ctrl Pts',(45.461549003964,15.731169285196,85.3926850144141));
#2665=CARTESIAN_POINT('Ctrl Pts',(45.5756094127087,16.4064011686472,84.9019077177752));
#2666=CARTESIAN_POINT('Ctrl Pts',(45.5871063787022,18.0858618104864,84.0009345622902));
#2667=CARTESIAN_POINT('Ctrl Pts',(45.4444894919956,19.0588152148999,83.6520212957882));
#2668=CARTESIAN_POINT('Ctrl Pts',(44.9445148690928,20.9061960454587,83.2162657224259));
#2669=CARTESIAN_POINT('Ctrl Pts',(44.598431865245,21.7959165779393,83.1109456600011));
#2670=CARTESIAN_POINT('Ctrl Pts',(43.8090816716882,23.3277081893416,83.1172785668856));
#2671=CARTESIAN_POINT('Ctrl Pts',(43.3811873541705,24.0008755229095,83.1985811854606));
#2672=CARTESIAN_POINT('Ctrl Pts',(42.8450628134125,24.6691441482685,83.3975832217706));
#2673=CARTESIAN_POINT('Ctrl Pts',(42.7806127040383,24.7469682728807,83.422918438518));
#2674=CARTESIAN_POINT('Ctrl Pts',(42.7152451355239,24.8233095154552,83.4501095186061));
#2675=CARTESIAN_POINT('',(38.8351020515855,24.9300477505959,88.2990427434089));
#2676=CARTESIAN_POINT('Ctrl Pts',(38.8351020515855,24.9300477505959,88.2990427434089));
#2677=CARTESIAN_POINT('Ctrl Pts',(40.1242636592421,24.915916996505,86.7031554732829));
#2678=CARTESIAN_POINT('Ctrl Pts',(41.4200073475008,24.8804167773804,85.0839942360757));
#2679=CARTESIAN_POINT('Ctrl Pts',(42.7152451355239,24.8233095154552,83.4501095186061));
#2680=CARTESIAN_POINT('Ctrl Pts',(38.8351020515855,24.9300477505959,88.2990427434088));
#2681=CARTESIAN_POINT('Ctrl Pts',(38.7673888707291,24.454087058167,88.7643785254943));
#2682=CARTESIAN_POINT('Ctrl Pts',(38.7678508972209,23.894150939621,89.2048978548997));
#2683=CARTESIAN_POINT('Ctrl Pts',(38.8250930185739,23.2807929457063,89.5984056784008));
#2684=CARTESIAN_POINT('Ctrl Pts',(37.214915816759,25.0819896911162,90.1770562766153));
#2685=CARTESIAN_POINT('Ctrl Pts',(37.3367881840357,25.0824972865382,90.0274965141888));
#2686=CARTESIAN_POINT('Ctrl Pts',(37.4586148883527,25.082812921216,89.8778565888134));
#2687=CARTESIAN_POINT('Ctrl Pts',(37.580390980791,25.0829374863235,89.7281432212917));
#2688=CARTESIAN_POINT('Ctrl Pts',(37.7810752098914,25.0831427667851,89.4814189986173));
#2689=CARTESIAN_POINT('Ctrl Pts',(37.9816234807863,25.0828291365455,89.2344934816892));
#2690=CARTESIAN_POINT('Ctrl Pts',(38.1820137815755,25.0820005618538,88.9873965651813));
#2691=CARTESIAN_POINT('Ctrl Pts',(30.8093351725417,29.3386185414279,93.6102681548618));
#2692=CARTESIAN_POINT('Ctrl Pts',(30.6390558429106,29.3219179662689,93.8078747152691));
#2693=CARTESIAN_POINT('Ctrl Pts',(30.468684166637,29.3048072364447,94.0053035740178));
#2694=CARTESIAN_POINT('Ctrl Pts',(30.2982506830297,29.2872831475125,94.2025148875661));
#2695=CARTESIAN_POINT('Ctrl Pts',(29.5515498638822,29.2105068516605,95.0665343645776));
#2696=CARTESIAN_POINT('Ctrl Pts',(28.8035803653044,29.1257920942848,95.9264764222976));
#2697=CARTESIAN_POINT('Ctrl Pts',(28.0554597399417,29.0328622017649,96.7807698128804));
#2698=CARTESIAN_POINT('',(-75.5842581256971,32.1444460133814,16.7548616605346));
#2699=CARTESIAN_POINT('',(-75.4927344211929,32.0387451561442,17.7106126226729));
#2700=CARTESIAN_POINT('Ctrl Pts',(-75.5842581256971,32.1444460133813,16.7548616605346));
#2701=CARTESIAN_POINT('Ctrl Pts',(-75.5613535512597,32.0959441536766,17.0730585381432));
#2702=CARTESIAN_POINT('Ctrl Pts',(-75.5308052524303,32.0607253608073,17.3920060445365));
#2703=CARTESIAN_POINT('Ctrl Pts',(-75.4927344211952,32.0387451561455,17.7106126226542));
#2704=CARTESIAN_POINT('Ctrl Pts',(-75.4927344211952,32.0387451561455,17.7106126226542));
#2705=CARTESIAN_POINT('Ctrl Pts',(-75.3771627520509,31.9720198218543,18.6778070032036));
#2706=CARTESIAN_POINT('Ctrl Pts',(-75.192217485803,32.0272771421331,19.6418524163407));
#2707=CARTESIAN_POINT('Ctrl Pts',(-74.6345283458442,32.4190175353703,21.7114857527418));
#2708=CARTESIAN_POINT('Ctrl Pts',(-74.2336223705343,32.8123328328217,22.7821767200307));
#2709=CARTESIAN_POINT('Ctrl Pts',(-73.320275798207,33.8706509869934,24.6023450596496));
#2710=CARTESIAN_POINT('Ctrl Pts',(-72.8265352926546,34.502656725004,25.3598542360323));
#2711=CARTESIAN_POINT('Ctrl Pts',(-71.9090716504779,35.7742616254166,26.4227541291235));
#2712=CARTESIAN_POINT('Ctrl Pts',(-71.5060145183074,36.3607770977641,26.7912068179022));
#2713=CARTESIAN_POINT('Ctrl Pts',(-70.7591362253309,37.4989288114643,27.3018541302133));
#2714=CARTESIAN_POINT('Ctrl Pts',(-70.4195743322719,38.0350355608415,27.4714604142646));
#2715=CARTESIAN_POINT('Ctrl Pts',(-69.8949259109353,38.8929360556583,27.6369178084638));
#2716=CARTESIAN_POINT('Ctrl Pts',(-69.7087547954003,39.2032536427557,27.6763665111686));
#2717=CARTESIAN_POINT('Ctrl Pts',(-69.3746625906265,39.7709531309221,27.7119969878103));
#2718=CARTESIAN_POINT('Ctrl Pts',(-69.2262663971021,40.0271018437175,27.714857727719));
#2719=CARTESIAN_POINT('Ctrl Pts',(-68.9127234839935,40.5769397590095,27.6928764515616));
#2720=CARTESIAN_POINT('Ctrl Pts',(-68.7483707100651,40.8704635841582,27.6641060775196));
#2721=CARTESIAN_POINT('Ctrl Pts',(-68.3255183043822,41.6397531488452,27.5440848457179));
#2722=CARTESIAN_POINT('Ctrl Pts',(-68.0732533538464,42.1131910793514,27.4252253521071));
#2723=CARTESIAN_POINT('Ctrl Pts',(-67.2585100001089,43.6922611441772,26.8756260552781));
#2724=CARTESIAN_POINT('Ctrl Pts',(-66.7608541874435,44.7454104201117,26.2467363884363));
#2725=CARTESIAN_POINT('Ctrl Pts',(-65.9726753732499,46.6003610030497,24.5909504397548));
#2726=CARTESIAN_POINT('Ctrl Pts',(-65.6870200238284,47.3872272391169,23.5841367108997));
#2727=CARTESIAN_POINT('Ctrl Pts',(-65.3479910441379,48.6265296024066,21.2755714020591));
#2728=CARTESIAN_POINT('Ctrl Pts',(-65.3068841420828,49.0537134306592,19.9865457252809));
#2729=CARTESIAN_POINT('Ctrl Pts',(-65.4019658697251,49.2546921312142,18.6599943679341));
#2730=CARTESIAN_POINT('Ctrl Pts',(-65.4713467404147,49.4013457268141,17.6920135532227));
#2731=CARTESIAN_POINT('Ctrl Pts',(-65.6124984786321,49.4258431017123,16.7157078296014));
#2732=CARTESIAN_POINT('Ctrl Pts',(-66.0514090421055,49.2220707565041,14.7228732768919));
#2733=CARTESIAN_POINT('Ctrl Pts',(-66.3595357147878,48.9722888595533,13.7225230917986));
#2734=CARTESIAN_POINT('Ctrl Pts',(-67.1332002136827,48.1844437746631,11.8266354119133));
#2735=CARTESIAN_POINT('Ctrl Pts',(-67.6009754134299,47.6372921782716,10.9518767545291));
#2736=CARTESIAN_POINT('Ctrl Pts',(-68.5665690895385,46.3903963736667,9.57330568383984));
#2737=CARTESIAN_POINT('Ctrl Pts',(-69.0463425781024,45.7283097341951,9.04209553434152));
#2738=CARTESIAN_POINT('Ctrl Pts',(-69.9440318811613,44.4107018142276,8.30617156715656));
#2739=CARTESIAN_POINT('Ctrl Pts',(-70.3531475781162,43.7824758456434,8.06132515883673));
#2740=CARTESIAN_POINT('Ctrl Pts',(-70.9767539566548,42.7804363997953,7.82431122344241));
#2741=CARTESIAN_POINT('Ctrl Pts',(-71.1919478164323,42.4264302303301,7.76776262805517));
#2742=CARTESIAN_POINT('Ctrl Pts',(-71.573229662751,41.7841281416093,7.7131090762261));
#2743=CARTESIAN_POINT('Ctrl Pts',(-71.7399902909743,41.4978603122566,7.70536207072819));
#2744=CARTESIAN_POINT('Ctrl Pts',(-72.0836769770677,40.896542333302,7.72357510690739));
#2745=CARTESIAN_POINT('Ctrl Pts',(-72.2598414027532,40.5817665090734,7.75268415550007));
#2746=CARTESIAN_POINT('Ctrl Pts',(-72.6983403717565,39.7813869172516,7.87637304366879));
#2747=CARTESIAN_POINT('Ctrl Pts',(-72.9542706605882,39.2980315098302,7.99779818318157));
#2748=CARTESIAN_POINT('Ctrl Pts',(-73.7692632466499,37.70415825727,8.55538917398467));
#2749=CARTESIAN_POINT('Ctrl Pts',(-74.261781328238,36.6459202198287,9.18929818623689));
#2750=CARTESIAN_POINT('Ctrl Pts',(-75.0343737915769,34.7933682567535,10.8476333948986));
#2751=CARTESIAN_POINT('Ctrl Pts',(-75.311994561192,34.0110728302768,11.8482667895665));
#2752=CARTESIAN_POINT('Ctrl Pts',(-75.6409509806955,32.7746202022579,14.1447676262873));
#2753=CARTESIAN_POINT('Ctrl Pts',(-75.6794558553499,32.3468890740139,15.4292851261272));
#2754=CARTESIAN_POINT('Ctrl Pts',(-75.5844179184974,32.14478474357,16.7526404888993));
#2755=CARTESIAN_POINT('Ctrl Pts',(-75.5843380686571,32.1446152975669,16.753751070145));
#2756=CARTESIAN_POINT('Ctrl Pts',(-75.5842581256971,32.1444460133813,16.7548616605346));
#2757=CARTESIAN_POINT('',(0.0101560008193459,82.7489647669053,10.0999998571885));
#2758=CARTESIAN_POINT('',(0.00947998663974995,82.9110699729779,6.89999471220801));
#2759=CARTESIAN_POINT('Ctrl Pts',(0.0101560008193401,82.7489647669053,10.0999998571892));
#2760=CARTESIAN_POINT('Ctrl Pts',(0.062400138796344,82.748959731074,10.0999777836124));
#2761=CARTESIAN_POINT('Ctrl Pts',(0.114616493996929,82.7490647171308,10.0973968628128));
#2762=CARTESIAN_POINT('Ctrl Pts',(0.245702424520185,82.7496065538572,10.0844602958814));
#2763=CARTESIAN_POINT('Ctrl Pts',(0.324094677468593,82.7501868541279,10.0707745118547));
#2764=CARTESIAN_POINT('Ctrl Pts',(0.554572095084427,82.7526754209356,10.0125858932626));
#2765=CARTESIAN_POINT('Ctrl Pts',(0.701394053573396,82.755314179674,9.95130525335689));
#2766=CARTESIAN_POINT('Ctrl Pts',(0.986309758481412,82.7628569971404,9.77918360690159));
#2767=CARTESIAN_POINT('Ctrl Pts',(1.11998783446768,82.767918678247,9.66501486641894));
#2768=CARTESIAN_POINT('Ctrl Pts',(1.35382172569224,82.7805133875864,9.38776561194374));
#2769=CARTESIAN_POINT('Ctrl Pts',(1.44876479667277,82.7881128909167,9.22375072732942));
#2770=CARTESIAN_POINT('Ctrl Pts',(1.58184000098934,82.8055745092583,8.85800303580837));
#2771=CARTESIAN_POINT('Ctrl Pts',(1.61434699142996,82.8154081730275,8.65768154447829));
#2772=CARTESIAN_POINT('Ctrl Pts',(1.60314961913151,82.836337098437,8.24477466602636));
#2773=CARTESIAN_POINT('Ctrl Pts',(1.55537089792061,82.8472688973119,8.03615590065528));
#2774=CARTESIAN_POINT('Ctrl Pts',(1.38289882424409,82.8679143535209,7.65323599359084));
#2775=CARTESIAN_POINT('Ctrl Pts',(1.26127039068225,82.8774457199911,7.48198859914959));
#2776=CARTESIAN_POINT('Ctrl Pts',(0.95887151314645,82.8937056888132,7.19532831649602));
#2777=CARTESIAN_POINT('Ctrl Pts',(0.780868312458494,82.9002632853749,7.08277801032728));
#2778=CARTESIAN_POINT('Ctrl Pts',(0.486281469570377,82.9069522078162,6.96893557211363));
#2779=CARTESIAN_POINT('Ctrl Pts',(0.382697785667353,82.9086414901265,6.94044539932042));
#2780=CARTESIAN_POINT('Ctrl Pts',(0.209728262851534,82.9103905636891,6.91110784209859));
#2781=CARTESIAN_POINT('Ctrl Pts',(0.14175630257812,82.9108176205784,6.90401092862652));
#2782=CARTESIAN_POINT('Ctrl Pts',(0.0521958860256575,82.9110398218201,6.90042240644982));
#2783=CARTESIAN_POINT('Ctrl Pts',(0.0308390136256705,82.9110675308035,6.89999471220801));
#2784=CARTESIAN_POINT('Ctrl Pts',(0.00947998663975351,82.9110699729779,
6.89999471220801));
#2785=CARTESIAN_POINT('Ctrl Pts',(0.00947998663975351,82.9110699729779,
6.89999471220801));
#2786=CARTESIAN_POINT('Ctrl Pts',(0.00925555058475881,82.9110699986397,
6.89999471220801));
#2787=CARTESIAN_POINT('Ctrl Pts',(0.00903111429186085,82.9110700215121,
6.89999475942855));
#2788=CARTESIAN_POINT('Ctrl Pts',(0.00880667777596817,82.9110700415946,
6.89999485387542));
#2789=CARTESIAN_POINT('Ctrl Pts',(-0.0546839505876351,82.9110757227334,
6.90002157185654));
#2790=CARTESIAN_POINT('Ctrl Pts',(-0.118115914735264,82.9108580311176,6.90382737096826));
#2791=CARTESIAN_POINT('Ctrl Pts',(-0.268096778485712,82.9098131626844,6.9218250900808));
#2792=CARTESIAN_POINT('Ctrl Pts',(-0.354032696919166,82.9087877603112,6.9393777868543));
#2793=CARTESIAN_POINT('Ctrl Pts',(-0.614716656527479,82.9043583816585,7.01533229139044));
#2794=CARTESIAN_POINT('Ctrl Pts',(-0.781106634764519,82.8996085961395,7.09685932318636));
#2795=CARTESIAN_POINT('Ctrl Pts',(-1.07398377769696,82.8874594282014,7.3092956465125));
#2796=CARTESIAN_POINT('Ctrl Pts',(-1.19954482974196,82.880240538407,7.43703204820934));
#2797=CARTESIAN_POINT('Ctrl Pts',(-1.41076412244304,82.8635816607188,7.73891730218277));
#2798=CARTESIAN_POINT('Ctrl Pts',(-1.49123666194079,82.8541570547736,7.91333969823462));
#2799=CARTESIAN_POINT('Ctrl Pts',(-1.59025051297751,82.8341459218753,8.29455386661365));
#2800=CARTESIAN_POINT('Ctrl Pts',(-1.60339056904225,82.8237075454689,8.4992972965814));
#2801=CARTESIAN_POINT('Ctrl Pts',(-1.55126827805196,82.8033433720677,8.91087383808502));
#2802=CARTESIAN_POINT('Ctrl Pts',(-1.48333199790584,82.7936517022087,9.11343051847745));
#2803=CARTESIAN_POINT('Ctrl Pts',(-1.27524593391395,82.7767445139454,9.47569813561542));
#2804=CARTESIAN_POINT('Ctrl Pts',(-1.13894552068843,82.7696226764916,9.6329878508642));
#2805=CARTESIAN_POINT('Ctrl Pts',(-0.824286584654564,82.7586312442594,9.87920043397313));
#2806=CARTESIAN_POINT('Ctrl Pts',(-0.651709536657061,82.7546715555467,9.96976515701174));
#2807=CARTESIAN_POINT('Ctrl Pts',(-0.380278960737119,82.7509707907396,10.0544674542237));
#2808=CARTESIAN_POINT('Ctrl Pts',(-0.291253521775997,82.7501137334865,10.0741160963877));
#2809=CARTESIAN_POINT('Ctrl Pts',(-0.138894902187717,82.7492252756645,10.0943383821358));
#2810=CARTESIAN_POINT('Ctrl Pts',(-0.0763188852825464,82.7490208052209,
10.0989273431695));
#2811=CARTESIAN_POINT('Ctrl Pts',(-0.00570446558027073,82.7489688313638,
10.0999476051496));
#2812=CARTESIAN_POINT('Ctrl Pts',(0.00222608766176438,82.7489655312725,
10.1000032076426));
#2813=CARTESIAN_POINT('Ctrl Pts',(0.0101560008193401,82.7489647669053,10.0999998571892));
#2814=CARTESIAN_POINT('',(-71.7163023206123,-41.2818838685719,10.0970258574064));
#2815=CARTESIAN_POINT('',(-71.807832844868,-41.4473250772311,6.89999471220804));
#2816=CARTESIAN_POINT('Ctrl Pts',(-71.7163023204219,-41.2818838678879,10.0970258655276));
#2817=CARTESIAN_POINT('Ctrl Pts',(-71.7306671344723,-41.2571470165024,10.0952792984251));
#2818=CARTESIAN_POINT('Ctrl Pts',(-71.7450368512843,-41.2324678451281,10.0927642253263));
#2819=CARTESIAN_POINT('Ctrl Pts',(-71.7995716976485,-41.1390591952571,10.0803009860615));
#2820=CARTESIAN_POINT('Ctrl Pts',(-71.8395681942458,-41.0710713125122,10.0651406889164));
#2821=CARTESIAN_POINT('Ctrl Pts',(-71.9739192221208,-40.8444926040494,9.99364748804751));
#2822=CARTESIAN_POINT('Ctrl Pts',(-72.0647082551318,-40.6944607315599,9.90997919135335));
#2823=CARTESIAN_POINT('Ctrl Pts',(-72.2228565593563,-40.4396601644371,9.69355139390153));
#2824=CARTESIAN_POINT('Ctrl Pts',(-72.290426453047,-40.3339736571176,9.56682795805302));
#2825=CARTESIAN_POINT('Ctrl Pts',(-72.4084157766033,-40.1572356828422,9.2661826502964));
#2826=CARTESIAN_POINT('Ctrl Pts',(-72.4561181467031,-40.0909956941512,9.09174066263335));
#2827=CARTESIAN_POINT('Ctrl Pts',(-72.5224538334659,-40.0131276351312,8.70942187710538));
#2828=CARTESIAN_POINT('Ctrl Pts',(-72.538168946396,-40.0064461913569,8.50354981930817));
#2829=CARTESIAN_POINT('Ctrl Pts',(-72.5306701490908,-40.0619258693307,8.09093311848313));
#2830=CARTESIAN_POINT('Ctrl Pts',(-72.5061792280695,-40.1259093734531,7.88842234763559));
#2831=CARTESIAN_POINT('Ctrl Pts',(-72.4197746496014,-40.3150991942774,7.52685179801634));
#2832=CARTESIAN_POINT('Ctrl Pts',(-72.3597796835675,-40.4366917107917,7.37000864083815));
#2833=CARTESIAN_POINT('Ctrl Pts',(-72.2130016075358,-40.7196475225788,7.11923161505014));
#2834=CARTESIAN_POINT('Ctrl Pts',(-72.1282316069476,-40.8774127765799,7.02600258280588));
#2835=CARTESIAN_POINT('Ctrl Pts',(-71.9949129979867,-41.1181329297297,6.94299343523704));
#2836=CARTESIAN_POINT('Ctrl Pts',(-71.9531287535274,-41.1926862061143,6.92466465132167));
#2837=CARTESIAN_POINT('Ctrl Pts',(-71.8822693898577,-41.3176587998191,6.90595417979023));
#2838=CARTESIAN_POINT('Ctrl Pts',(-71.8537522001745,-41.3675791966099,6.90160445409832));
#2839=CARTESIAN_POINT('Ctrl Pts',(-71.8192980779227,-41.4274468825284,6.90011812277484));
#2840=CARTESIAN_POINT('Ctrl Pts',(-71.8135683928524,-41.4373881930011,6.89999471220804));
#2841=CARTESIAN_POINT('Ctrl Pts',(-71.8078328448682,-41.4473250772308,6.89999471220804));
#2842=CARTESIAN_POINT('Ctrl Pts',(-71.8078328448682,-41.4473250772308,6.89999471220804));
#2843=CARTESIAN_POINT('Ctrl Pts',(-71.7867070309983,-41.4839257241545,6.89999471220804));
#2844=CARTESIAN_POINT('Ctrl Pts',(-71.7655016569738,-41.5204663100711,6.90166899676668));
#2845=CARTESIAN_POINT('Ctrl Pts',(-71.7094765744299,-41.616487640864,6.9104960077151));
#2846=CARTESIAN_POINT('Ctrl Pts',(-71.6746730651687,-41.6756091168158,6.92045319033156));
#2847=CARTESIAN_POINT('Ctrl Pts',(-71.6368578628739,-41.7392744501191,6.93615992906424));
#2848=CARTESIAN_POINT('Ctrl Pts',(-71.6336402630335,-41.7446870136084,6.93753534249407));
#2849=CARTESIAN_POINT('Ctrl Pts',(-71.6304249959046,-41.7500910968314,6.93894875159334));
#2850=CARTESIAN_POINT('Ctrl Pts',(-71.5584264091433,-41.8711032364781,6.97059883029133));
#2851=CARTESIAN_POINT('Ctrl Pts',(-71.4879436693708,-41.9872765909608,7.02114788465582));
#2852=CARTESIAN_POINT('Ctrl Pts',(-71.3417746174907,-42.2232927556087,7.16959852538282));
#2853=CARTESIAN_POINT('Ctrl Pts',(-71.2684023308388,-42.3384667809248,7.27346798835261));
#2854=CARTESIAN_POINT('Ctrl Pts',(-71.1336312514868,-42.5430349898618,7.53037863426078));
#2855=CARTESIAN_POINT('Ctrl Pts',(-71.0747201714251,-42.6280111332152,7.68484266613403));
#2856=CARTESIAN_POINT('Ctrl Pts',(-70.9813777918437,-42.7521622058888,8.03384016631114));
#2857=CARTESIAN_POINT('Ctrl Pts',(-70.9497607567058,-42.7866356254555,8.22746889875606));
#2858=CARTESIAN_POINT('Ctrl Pts',(-70.9221598084047,-42.7929554595881,8.63547554082844));
#2859=CARTESIAN_POINT('Ctrl Pts',(-70.9291254632631,-42.7601356290399,8.8463798992054));
#2860=CARTESIAN_POINT('Ctrl Pts',(-70.9843790023784,-42.6266013224191,9.24182653182289));
#2861=CARTESIAN_POINT('Ctrl Pts',(-71.0317509891097,-42.5277923267986,9.42278881751513));
#2862=CARTESIAN_POINT('Ctrl Pts',(-71.1562413430118,-42.2849997893816,9.72188035400108));
#2863=CARTESIAN_POINT('Ctrl Pts',(-71.2300691219075,-42.1465788430967,9.8409264032978));
#2864=CARTESIAN_POINT('Ctrl Pts',(-71.371842134645,-41.8879496706786,9.98953055042604));
#2865=CARTESIAN_POINT('Ctrl Pts',(-71.4339848862538,-41.7763722136092,10.0347749408387));
#2866=CARTESIAN_POINT('Ctrl Pts',(-71.5317634958433,-41.6032357740265,10.0780164717214));
#2867=CARTESIAN_POINT('Ctrl Pts',(-71.565290276202,-41.5442680017671,10.0882627986541));
#2868=CARTESIAN_POINT('Ctrl Pts',(-71.6251023361077,-41.4397524635632,10.0986076296725));
#2869=CARTESIAN_POINT('Ctrl Pts',(-71.6511898330615,-41.3943906478643,10.1005260891173));
#2870=CARTESIAN_POINT('Ctrl Pts',(-71.6903376839838,-41.3266501569771,10.0995554081616));
#2871=CARTESIAN_POINT('Ctrl Pts',(-71.7033179991097,-41.3042434491201,10.0986045833846));
#2872=CARTESIAN_POINT('Ctrl Pts',(-71.7163023204219,-41.2818838678879,10.0970258655276));
#2873=CARTESIAN_POINT('',(71.7081638880102,-41.2960393495801,10.096862991335));
#2874=CARTESIAN_POINT('',(71.7983528582281,-41.4637448957466,6.89999471220803));
#2875=CARTESIAN_POINT('Ctrl Pts',(71.7081638878167,-41.2960393488465,10.0968629998998));
#2876=CARTESIAN_POINT('Ctrl Pts',(71.6979206878201,-41.3136664035056,10.0981415160745));
#2877=CARTESIAN_POINT('Ctrl Pts',(71.6876790688386,-41.3313243209301,10.0990297027276));
#2878=CARTESIAN_POINT('Ctrl Pts',(71.6515479041656,-41.3937378707646,10.1007842444456));
#2879=CARTESIAN_POINT('Ctrl Pts',(71.6257292108028,-41.4385526754004,10.0995354984405));
#2880=CARTESIAN_POINT('Ctrl Pts',(71.5673797527454,-41.5403243001754,10.0910033128199));
#2881=CARTESIAN_POINT('Ctrl Pts',(71.535010773461,-41.5971348597131,10.0821636737908));
#2882=CARTESIAN_POINT('Ctrl Pts',(71.4418203035128,-41.7617453869025,10.0445770819609));
#2883=CARTESIAN_POINT('Ctrl Pts',(71.3827311530758,-41.8674738878705,10.0051106392922));
#2884=CARTESIAN_POINT('Ctrl Pts',(71.2892758891979,-42.0371319461545,9.9153885032707));
#2885=CARTESIAN_POINT('Ctrl Pts',(71.2531829923177,-42.1033717383552,9.87271676626599));
#2886=CARTESIAN_POINT('Ctrl Pts',(71.1503189732706,-42.2944990164548,9.72557002346414));
#2887=CARTESIAN_POINT('Ctrl Pts',(71.0909678059572,-42.4081692675668,9.60372754500485));
#2888=CARTESIAN_POINT('Ctrl Pts',(70.9925373176957,-42.6053359609799,9.31213042344083));
#2889=CARTESIAN_POINT('Ctrl Pts',(70.9562503047228,-42.6841192179976,9.14162836956505));
#2890=CARTESIAN_POINT('Ctrl Pts',(70.9154785473154,-42.7909762912495,8.76545441474013));
#2891=CARTESIAN_POINT('Ctrl Pts',(70.9138266161608,-42.8140577406476,8.56154289821886));
#2892=CARTESIAN_POINT('Ctrl Pts',(70.950387028692,-42.7930283699822,8.14840261413515));
#2893=CARTESIAN_POINT('Ctrl Pts',(70.989919298147,-42.7462623784165,7.94334688976195));
#2894=CARTESIAN_POINT('Ctrl Pts',(71.1045091828876,-42.5880298334326,7.57338918836975));
#2895=CARTESIAN_POINT('Ctrl Pts',(71.1775577498511,-42.4797227114271,7.41102663836363));
#2896=CARTESIAN_POINT('Ctrl Pts',(71.3507730641768,-42.2105435270268,7.14086955999409));
#2897=CARTESIAN_POINT('Ctrl Pts',(71.4499318637186,-42.0509149382269,7.03746252005683));
#2898=CARTESIAN_POINT('Ctrl Pts',(71.5748894134866,-41.8434725854826,6.96129272422754));
#2899=CARTESIAN_POINT('Ctrl Pts',(71.5954588176517,-41.8091357757158,6.95039223059308));
#2900=CARTESIAN_POINT('Ctrl Pts',(71.6161388027747,-41.7744246142323,6.94105839862917));
#2901=CARTESIAN_POINT('Ctrl Pts',(71.6519881342962,-41.7142518467896,6.92487794035269));
#2902=CARTESIAN_POINT('Ctrl Pts',(71.6881046127717,-41.6530632259393,6.91343484019177));
#2903=CARTESIAN_POINT('Ctrl Pts',(71.7489961987417,-41.5489419526539,6.9022679794826));
#2904=CARTESIAN_POINT('Ctrl Pts',(71.773726728715,-41.5063873425579,6.89999471220803));
#2905=CARTESIAN_POINT('Ctrl Pts',(71.798352858228,-41.4637448957466,6.89999471220803));
#2906=CARTESIAN_POINT('Ctrl Pts',(71.798352858228,-41.4637448957466,6.89999471220803));
#2907=CARTESIAN_POINT('Ctrl Pts',(71.8009447451056,-41.4592568011697,6.89999471220803));
#2908=CARTESIAN_POINT('Ctrl Pts',(71.8035354759108,-41.4547677338277,6.90001989422966));
#2909=CARTESIAN_POINT('Ctrl Pts',(71.8341931180302,-41.4016107141115,6.90061626021594));
#2910=CARTESIAN_POINT('Ctrl Pts',(71.862075646665,-41.3529153677612,6.90412104135341));
#2911=CARTESIAN_POINT('Ctrl Pts',(71.9295479263074,-41.2342192316806,6.91989669142985));
#2912=CARTESIAN_POINT('Ctrl Pts',(71.9687095851771,-41.1645835126292,6.93535843047688));
#2913=CARTESIAN_POINT('Ctrl Pts',(72.0951409005914,-40.9372892368816,7.00657926315474));
#2914=CARTESIAN_POINT('Ctrl Pts',(72.1767504003716,-40.7864373462499,7.08802788061706));
#2915=CARTESIAN_POINT('Ctrl Pts',(72.314700611267,-40.5232640689064,7.29977891597792));
#2916=CARTESIAN_POINT('Ctrl Pts',(72.3713729646211,-40.4109146815908,7.42519959967465));
#2917=CARTESIAN_POINT('Ctrl Pts',(72.4636723615669,-40.2181582204869,7.72279512124476));
#2918=CARTESIAN_POINT('Ctrl Pts',(72.496641531805,-40.1423625085057,7.89546397702428));
#2919=CARTESIAN_POINT('Ctrl Pts',(72.5310943693128,-40.0428712262473,8.27400997596574));
#2920=CARTESIAN_POINT('Ctrl Pts',(72.529951309177,-40.0240100199941,8.47796408378197));
#2921=CARTESIAN_POINT('Ctrl Pts',(72.4890408750296,-40.0540415279021,8.88966785714405));
#2922=CARTESIAN_POINT('Ctrl Pts',(72.4479915136004,-40.1056260073906,9.0931663685736));
#2923=CARTESIAN_POINT('Ctrl Pts',(72.3316692385463,-40.2729789137392,9.45807176489954));
#2924=CARTESIAN_POINT('Ctrl Pts',(72.2584249208053,-40.3854202024444,9.61705581444034));
#2925=CARTESIAN_POINT('Ctrl Pts',(72.0877691698268,-40.6578797946448,9.87572650719941));
#2926=CARTESIAN_POINT('Ctrl Pts',(71.9919166825161,-40.8154137499795,9.9728676978827));
#2927=CARTESIAN_POINT('Ctrl Pts',(71.8483519744323,-41.0567035721667,10.0572408555408));
#2928=CARTESIAN_POINT('Ctrl Pts',(71.8052204289557,-41.1298248710615,10.0754006720175));
#2929=CARTESIAN_POINT('Ctrl Pts',(71.7439510024953,-41.2345573813934,10.0912059991165));
#2930=CARTESIAN_POINT('Ctrl Pts',(71.7260550361457,-41.2652512894888,10.0946298967162));
#2931=CARTESIAN_POINT('Ctrl Pts',(71.7081638878167,-41.2960393488465,10.0968629998998));
#2932=CARTESIAN_POINT('',(-2.17250488547617,-46.0972055368373,88.2990475013209));
#2933=CARTESIAN_POINT('Ctrl Pts',(-0.749220084400096,-45.2639160544725,
89.5984014479748));
#2934=CARTESIAN_POINT('Ctrl Pts',(-1.31342551999831,-45.5230430012234,89.2018001399127));
#2935=CARTESIAN_POINT('Ctrl Pts',(-1.79667574689964,-45.8025518191358,88.7612961077476));
#2936=CARTESIAN_POINT('Ctrl Pts',(-2.17250488547617,-46.0972055368373,88.2990475013209));
#2937=CARTESIAN_POINT('',(-0.139990095224034,-49.4041472186756,83.450101981789));
#2938=CARTESIAN_POINT('Ctrl Pts',(-0.13999009522404,-49.4041472186756,83.450101981789));
#2939=CARTESIAN_POINT('Ctrl Pts',(-0.825421066054407,-48.329252742781,85.0566934180251));
#2940=CARTESIAN_POINT('Ctrl Pts',(-1.50451510994893,-47.2254556223815,86.6760168470507));
#2941=CARTESIAN_POINT('Ctrl Pts',(-2.17250488547617,-46.0972055368373,88.2990475013209));
#2942=CARTESIAN_POINT('Ctrl Pts',(-0.139990095224033,-49.4041472186756,
83.450101981789));
#2943=CARTESIAN_POINT('Ctrl Pts',(-0.0598250841360864,-49.4191089739675,
83.4280390377828));
#2944=CARTESIAN_POINT('Ctrl Pts',(0.0215301244669013,-49.4331806469624,
83.4070196770166));
#2945=CARTESIAN_POINT('Ctrl Pts',(0.918587065443704,-49.57627732961,83.1898950005209));
#2946=CARTESIAN_POINT('Ctrl Pts',(1.82926370466637,-49.6145945072061,83.0980965655904));
#2947=CARTESIAN_POINT('Ctrl Pts',(3.79144908885484,-49.4790850724642,83.1366668303358));
#2948=CARTESIAN_POINT('Ctrl Pts',(4.80981509915102,-49.2894781155884,83.2856678797096));
#2949=CARTESIAN_POINT('Ctrl Pts',(6.65152597695393,-48.7197039916108,83.8116224161204));
#2950=CARTESIAN_POINT('Ctrl Pts',(7.4948197897746,-48.3424133751257,84.1841345974077));
#2951=CARTESIAN_POINT('Ctrl Pts',(8.73454189322886,-47.5417573695147,85.0501616390471));
#2952=CARTESIAN_POINT('Ctrl Pts',(9.18983606204695,-47.149947338598,85.4952101789791));
#2953=CARTESIAN_POINT('Ctrl Pts',(9.76459508971631,-46.4083867429508,86.4063751767282));
#2954=CARTESIAN_POINT('Ctrl Pts',(9.93224661680219,-46.0712092432955,86.8435166355146));
#2955=CARTESIAN_POINT('Ctrl Pts',(10.0356651380859,-45.4568178776736,87.7018840493062));
#2956=CARTESIAN_POINT('Ctrl Pts',(9.99885575346488,-45.1846137962496,88.1076485771198));
#2957=CARTESIAN_POINT('Ctrl Pts',(9.7607535675129,-44.7280503092717,88.8436393801854));
#2958=CARTESIAN_POINT('Ctrl Pts',(9.58929239233207,-44.5430667880878,89.1653044000552));
#2959=CARTESIAN_POINT('Ctrl Pts',(9.36164084863215,-44.3850422195155,89.463256485537));
#2960=CARTESIAN_POINT('',(-11.1154663413283,-38.8131719505234,96.7807698128815));
#2961=CARTESIAN_POINT('Ctrl Pts',(-7.60839269863304,-38.2819507858248,98.7319921207291));
#2962=CARTESIAN_POINT('Ctrl Pts',(-8.43805822052807,-38.434851639422,98.2799781961887));
#2963=CARTESIAN_POINT('Ctrl Pts',(-9.26748976137914,-38.5680392820117,97.8211678304754));
#2964=CARTESIAN_POINT('Ctrl Pts',(-10.0956351512813,-38.682153686666,97.3564277887675));
#2965=CARTESIAN_POINT('Ctrl Pts',(-10.4347606729842,-38.7288834338667,97.1661167153851));
#2966=CARTESIAN_POINT('Ctrl Pts',(-10.7747164201619,-38.7725594179433,96.9742245335052));
#2967=CARTESIAN_POINT('Ctrl Pts',(-11.1154663413283,-38.8131719505234,96.7807698128815));
#2968=CARTESIAN_POINT('Ctrl Pts',(-11.1154663413283,-38.8131719505234,96.7807698128815));
#2969=CARTESIAN_POINT('Ctrl Pts',(-10.9816667228854,-39.129625430577,96.3914249297541));
#2970=CARTESIAN_POINT('Ctrl Pts',(-10.8465242523476,-39.4449179427172,96.0012526940375));
#2971=CARTESIAN_POINT('Ctrl Pts',(-10.710121114346,-39.7589755880984,95.6104066890934));
#2972=CARTESIAN_POINT('Ctrl Pts',(-10.6429045587193,-39.9137364890061,95.4178061218047));
#2973=CARTESIAN_POINT('Ctrl Pts',(-10.5753868866841,-40.0681860725312,95.2250562433319));
#2974=CARTESIAN_POINT('Ctrl Pts',(-10.5075731692286,-40.2223268602495,95.0321615008286));
#2975=CARTESIAN_POINT('Origin',(-5.03056205469538,-43.2690106477418,91.6028379247101));
#2976=CARTESIAN_POINT('',(-7.27483010251794,-41.9732818861977,100.234717668198));
#2977=CARTESIAN_POINT('',(-9.29303143981749,-40.8080728008291,98.5940924369225));
#2978=CARTESIAN_POINT('',(-3.01236071739587,-44.4342197331105,93.2434631559853));
#2979=CARTESIAN_POINT('Origin',(10.8819685601817,-5.86394775812642,98.5940924369219));
#2980=CARTESIAN_POINT('',(12.9001698974812,-7.02915684349509,100.234717668197));
#2981=CARTESIAN_POINT('',(8.65132497685067,-4.57608508482421,96.7807698128809));
#2982=CARTESIAN_POINT('Origin',(12.9137943619728,-7.03702293173695,89.7895153006686));
#2983=CARTESIAN_POINT('Origin',(12.9137943619728,-7.03702293173695,89.7895153006686));
#2984=CARTESIAN_POINT('Origin',(38.4093787825196,19.8736328916375,88.4828903181384));
#2985=CARTESIAN_POINT('',(39.7886029604035,20.7443376378589,87.4046434610573));
#2986=CARTESIAN_POINT('',(39.0888363155324,21.1483480986451,88.552392869071));
#2987=CARTESIAN_POINT('Origin',(40.0153354918248,21.9450708235818,87.9785181650642));
#2988=CARTESIAN_POINT('',(39.8400316598573,20.7146452643852,87.3202906846202));
#2989=CARTESIAN_POINT('',(32.1791127976621,25.1376788317131,99.885643939698));
#2990=CARTESIAN_POINT('',(38.396367141492,18.2141449694919,87.3202906846202));
#2991=CARTESIAN_POINT('',(39.8400316598573,20.7146452643852,87.3202906846202));
#2992=CARTESIAN_POINT('',(38.4223904235472,21.5331208137831,89.6454899516566));
#2993=CARTESIAN_POINT('Origin',(32.2181392642751,16.3431544399291,93.5915660521564));
#2994=CARTESIAN_POINT('',(32.1791127976621,25.1376788317131,99.885643939698));
#2995=CARTESIAN_POINT('Origin',(38.4237500196471,21.5323358506088,86.1689747328482));
#2996=CARTESIAN_POINT('',(37.7634426486729,21.9135644889886,87.4749610751415));
#2997=CARTESIAN_POINT('',(38.5638893301227,21.4514263819817,88.125655827579));
#2998=CARTESIAN_POINT('',(37.096996748375,22.2983372089259,88.5680581490546));
#2999=CARTESIAN_POINT('',(37.006108783337,22.3508114000067,88.4941739998845));
#3000=CARTESIAN_POINT('',(38.8934071348447,21.2611791887227,85.6216060272556));
#3001=CARTESIAN_POINT('Origin',(-0.34009687750775,-42.6430339925548,88.2751983741083));
#3002=CARTESIAN_POINT('',(0.313341888436296,-43.0202970399715,87.426393855443));
#3003=CARTESIAN_POINT('',(1.63873519685775,-43.7855132233707,88.5038254087792));
#3004=CARTESIAN_POINT('',(0.982480387577706,-43.4066243325759,87.9703463018195));
#3005=CARTESIAN_POINT('',(-0.249208573317004,-42.6955083794455,88.3490827989807));
#3006=CARTESIAN_POINT('',(0.771628007333257,-43.2848886540825,86.6747181149856));
#3007=CARTESIAN_POINT('',(1.07618476270245,-43.4607245787784,89.4265143258803));
#3008=CARTESIAN_POINT('',(-0.340096877507892,-42.6430339925547,88.2751983741082));
#3009=CARTESIAN_POINT('',(-5.23861251622407,-39.8148746699125,99.7839740472564));
#3010=CARTESIAN_POINT('Origin',(-0.34009687750775,-42.6430339925548,88.2751983741083));
#3011=CARTESIAN_POINT('',(2.27928004906021,-44.1553319662178,87.4532109213495));
#3012=CARTESIAN_POINT('',(0.953886727460103,-43.3901157752099,86.3757794110687));
#3013=CARTESIAN_POINT('',(1.62302523766733,-43.7764430742031,86.9197318392952));
#3014=CARTESIAN_POINT('',(2.36113167343104,-44.2025890235819,87.31895880444));
#3015=CARTESIAN_POINT('',(-5.23861251622407,-39.8148746699125,99.7839740472564));
#3016=CARTESIAN_POINT('',(1.03573835494404,-43.4373728343713,86.2415272917928));
#3017=CARTESIAN_POINT('',(0.944850033220845,-43.3848984373582,86.167642852668));
#3018=CARTESIAN_POINT('',(0.771628007333257,-43.2848886540825,86.6747181149856));
#3019=CARTESIAN_POINT('Origin',(0.944850033220845,-43.3848984373582,86.167642852668));
#3020=CARTESIAN_POINT('',(2.29719855690046,-41.2524596466366,86.2415272825633));
#3021=CARTESIAN_POINT('',(0.685737331433478,-44.0435923970677,86.2415272943536));
#3022=CARTESIAN_POINT('',(3.62259188674104,-42.0176758424021,87.31895880444));
#3023=CARTESIAN_POINT('',(2.36113167343105,-44.2025890235819,87.31895880444));
#3024=CARTESIAN_POINT('',(2.20631024653074,-41.1999852561784,86.1676428526679));
#3025=CARTESIAN_POINT('Origin',(17.1626392826033,-9.49009469040787,93.2434631559848));
#3026=CARTESIAN_POINT('',(37.3376392826025,25.4540303522948,93.2434631559842));
#3027=CARTESIAN_POINT('Origin',(15.9587998884246,-8.79505769211779,92.2648445969785));
#3028=CARTESIAN_POINT('',(36.1337998884239,26.1490673505849,92.264844596978));
#3029=CARTESIAN_POINT('Origin',(2.34938832472174,-42.7392002105902,88.3727365651602));
#3030=CARTESIAN_POINT('',(2.04033548881417,-43.8295585921082,87.978518170003));
#3031=CARTESIAN_POINT('Origin',(1.36533549182523,-44.9986928889556,87.9785181650643));
#3032=CARTESIAN_POINT('Origin',(2.42508152863498,-35.5069078514963,93.4161605487506));
#3033=CARTESIAN_POINT('Origin',(1.36533549182523,-44.9986928889556,87.9785181650643));
#3034=CARTESIAN_POINT('Origin',(17.1626392826033,-9.49009469040787,93.2434631559848));
#3035=CARTESIAN_POINT('Origin',(38.4237500196471,21.5323358506088,86.1689747328482));
#3036=CARTESIAN_POINT('',(38.4632093225791,21.509554011439,86.3272116429269));
#3037=CARTESIAN_POINT('',(39.2636559922599,21.0474159112268,86.9779064146675));
#3038=CARTESIAN_POINT('',(38.514638004028,21.4798616483604,86.2428588977425));
#3039=CARTESIAN_POINT('',(38.8934071348447,21.2611791887227,85.6216060272556));
#3040=CARTESIAN_POINT('',(38.4237500196471,21.5323358506088,86.1689747328482));
#3041=CARTESIAN_POINT('Origin',(36.9800855012818,19.0318355557155,86.1689747328482));
#3042=CARTESIAN_POINT('',(37.0709734986562,18.9793613459654,86.2428589083051));
#3043=CARTESIAN_POINT('',(37.9529487157351,20.506987251295,86.2428589018521));
#3044=CARTESIAN_POINT('',(36.9800855012818,19.0318355557156,86.1689747328481));
#3045=CARTESIAN_POINT('Origin',(30.801857624065,17.1608450261528,92.4402501003844));
#3046=CARTESIAN_POINT('',(36.7991907367609,17.8316178061553,85.762036831972));
#3047=CARTESIAN_POINT('Origin',(30.8927455904629,17.1083708342868,92.5141342506602));
#3048=CARTESIAN_POINT('',(42.4643173086273,14.5608554997413,90.3673006528268));
#3049=CARTESIAN_POINT('',(36.7083027301251,17.8840920205331,85.6881526489092));
#3050=CARTESIAN_POINT('',(42.6893997285761,19.3257114699777,93.4745255985759));
#3051=CARTESIAN_POINT('Origin',(36.5578721513036,13.8376084893921,97.1193980577484));
#3052=CARTESIAN_POINT('',(37.0242731840004,22.596473755324,88.8692617291868));
#3053=CARTESIAN_POINT('',(36.9333852227274,22.6489479434263,88.7953775818655));
#3054=CARTESIAN_POINT('Origin',(30.8927455904629,17.1083708342868,92.5141342506602));
#3055=CARTESIAN_POINT('Origin',(1.0087998884247,-34.6892172652725,92.2648445969785));
#3056=CARTESIAN_POINT('',(-0.671333077403319,-42.817143970536,88.7819673606161));
#3057=CARTESIAN_POINT('Origin',(1.09968812539294,-34.7416916133523,92.3387289672048));
#3058=CARTESIAN_POINT('',(4.99379340447406,-46.0879063348282,93.3872312510638));
#3059=CARTESIAN_POINT('',(-0.762221378150134,-42.764669584591,88.7080829361761));
#3060=CARTESIAN_POINT('',(8.52598562568703,-44.0399125035546,90.4966661650212));
#3061=CARTESIAN_POINT('Origin',(6.76481468623363,-38.012453958247,96.943992774293));
#3062=CARTESIAN_POINT('',(2.86085900349383,-40.7691502147243,85.8914023935871));
#3063=CARTESIAN_POINT('',(2.76997069237904,-40.7166758253037,85.8175179644582));
#3064=CARTESIAN_POINT('Origin',(1.09968812539294,-34.7416916133523,92.3387289672048));
#3065=CARTESIAN_POINT('Origin',(38.689941828346,22.7102871982393,86.9010863548154));
#3066=CARTESIAN_POINT('',(39.3649418192597,23.8794214985942,86.9010863548154));
#3067=CARTESIAN_POINT('Origin',(38.689941828346,22.7102871982393,86.9010863548154));
#3068=CARTESIAN_POINT('',(42.4099473387828,22.1213867737673,89.3764156848999));
#3069=CARTESIAN_POINT('',(39.3649418192597,23.8794214985942,86.9010863548154));
#3070=CARTESIAN_POINT('Origin',(41.7349473478691,20.9522524734123,89.3764156848999));
#3071=CARTESIAN_POINT('Origin',(38.689941828346,22.7102871982393,86.9010863548154));
#3072=CARTESIAN_POINT('Origin',(36.7598989206794,23.2326293756619,82.6977212184548));
#3073=CARTESIAN_POINT('Origin',(45.2575887426042,18.3264859575402,89.6056170233419));
#3074=CARTESIAN_POINT('Origin',(39.5924621946543,21.597248236288,85.0003531534172));
#3075=CARTESIAN_POINT('Origin',(1.09246254116921,-45.0867080551734,85.0003534351038));
#3076=CARTESIAN_POINT('Origin',(1.0924625411692,-45.0867080551734,85.0003534351038));
#3077=CARTESIAN_POINT('Origin',(1.0924625411692,-45.0867080551734,85.0003534351038));
#3078=CARTESIAN_POINT('Origin',(0.039942176210615,-44.2334767151377,86.9010866375994));
#3079=CARTESIAN_POINT('Origin',(-1.74010073280574,-43.4513269157995,82.6977215001415));
#3080=CARTESIAN_POINT('Origin',(6.75758908911912,-48.3574703339212,89.6056173050286));
#3081=CARTESIAN_POINT('Origin',(35.319437945303,26.6192394376634,91.602837924709));
#3082=CARTESIAN_POINT('Origin',(41.7349473478691,20.9522524734123,89.3764156848999));
#3083=CARTESIAN_POINT('Origin',(0.0399421762106034,-44.2334767151377,86.9010866375994));
#3084=CARTESIAN_POINT('',(3.75994768664738,-44.8223771396096,89.3764159676839));
#3085=CARTESIAN_POINT('',(0.714942167124317,-43.0643424147827,86.9010866375994));
#3086=CARTESIAN_POINT('Origin',(3.08494769573367,-45.9915114399646,89.3764159676839));
#3087=CARTESIAN_POINT('Origin',(3.08494769573367,-45.9915114399646,89.3764159676839));
#3088=CARTESIAN_POINT('Origin',(39.5924621946544,21.597248236288,85.0003531534171));
#3089=CARTESIAN_POINT('Origin',(39.5924621946543,21.597248236288,85.0003531534172));
#3090=CARTESIAN_POINT('Origin',(6.7575890891191,-48.3574703339212,89.6056173050286));
#3091=CARTESIAN_POINT('Origin',(6.75758908911912,-48.3574703339212,89.6056173050286));
#3092=CARTESIAN_POINT('Origin',(45.2575887426042,18.3264859575402,89.6056170233419));
#3093=CARTESIAN_POINT('Origin',(45.2575887426042,18.3264859575402,89.6056170233419));
#3094=CARTESIAN_POINT('Origin',(38.8273726246811,-23.5472178336017,75.));
#3095=CARTESIAN_POINT('',(31.3229972319243,-26.9089395495861,75.));
#3096=CARTESIAN_POINT('',(38.3937229273215,-27.1791237375136,75.));
#3097=CARTESIAN_POINT('Origin',(34.9296213121835,-25.1791237375141,75.));
#3098=CARTESIAN_POINT('',(42.7316834161785,-19.6655557695846,75.));
#3099=CARTESIAN_POINT('',(42.7316834161785,-19.6655557695846,75.));
#3100=CARTESIAN_POINT('',(38.946530773709,-13.6784608073539,75.));
#3101=CARTESIAN_POINT('Origin',(39.2675818010405,-17.6655557695851,75.));
#3102=CARTESIAN_POINT('Ctrl Pts',(38.946530773709,-13.6784608073539,75.));
#3103=CARTESIAN_POINT('Ctrl Pts',(38.7645443814004,-13.6931148145357,75.));
#3104=CARTESIAN_POINT('Ctrl Pts',(38.5864507041716,-13.7128533049168,75.));
#3105=CARTESIAN_POINT('Ctrl Pts',(36.7711683452005,-13.9685533330835,75.));
#3106=CARTESIAN_POINT('Ctrl Pts',(35.3910038824925,-14.6067699984804,75.));
#3107=CARTESIAN_POINT('Ctrl Pts',(32.8933442861208,-16.7710547672056,75.));
#3108=CARTESIAN_POINT('Ctrl Pts',(31.8161759465185,-18.3026747877871,75.));
#3109=CARTESIAN_POINT('Ctrl Pts',(30.6302797120806,-21.3260776155779,75.));
#3110=CARTESIAN_POINT('Ctrl Pts',(30.4218223254623,-22.7365180153916,75.));
#3111=CARTESIAN_POINT('Ctrl Pts',(30.620587222874,-25.0113960380524,75.));
#3112=CARTESIAN_POINT('Ctrl Pts',(30.8641978618504,-25.9523539729112,75.));
#3113=CARTESIAN_POINT('Ctrl Pts',(31.3229972319095,-26.9089395495553,75.));
#3114=CARTESIAN_POINT('Origin',(42.7316834161785,-19.6655557695846,80.));
#3115=CARTESIAN_POINT('',(38.3937229273215,-27.1791237375136,80.));
#3116=CARTESIAN_POINT('',(42.7316834161785,-19.6655557695846,80.));
#3117=CARTESIAN_POINT('Origin',(39.2675818010405,-17.6655557695851,80.));
#3118=CARTESIAN_POINT('',(38.946530773709,-13.6784608073539,80.));
#3119=CARTESIAN_POINT('Ctrl Pts',(31.3229972319095,-26.9089395495553,75.));
#3120=CARTESIAN_POINT('Ctrl Pts',(31.3229972319095,-26.9089395495553,87.));
#3121=CARTESIAN_POINT('Ctrl Pts',(30.8641978618504,-25.9523539729112,75.));
#3122=CARTESIAN_POINT('Ctrl Pts',(30.8641978618504,-25.9523539729112,87.));
#3123=CARTESIAN_POINT('Ctrl Pts',(30.620587222874,-25.0113960380524,75.));
#3124=CARTESIAN_POINT('Ctrl Pts',(30.620587222874,-25.0113960380524,87.));
#3125=CARTESIAN_POINT('Ctrl Pts',(30.5364292708482,-24.0482024460814,75.));
#3126=CARTESIAN_POINT('Ctrl Pts',(30.5364292708482,-24.0482024460814,87.));
#3127=CARTESIAN_POINT('Ctrl Pts',(30.4218223254623,-22.7365180153916,75.));
#3128=CARTESIAN_POINT('Ctrl Pts',(30.4218223254623,-22.7365180153916,87.));
#3129=CARTESIAN_POINT('Ctrl Pts',(30.6302797120806,-21.3260776155779,75.));
#3130=CARTESIAN_POINT('Ctrl Pts',(30.6302797120806,-21.3260776155779,87.));
#3131=CARTESIAN_POINT('Ctrl Pts',(31.1857858359973,-19.9098333126343,75.));
#3132=CARTESIAN_POINT('Ctrl Pts',(31.1857858359973,-19.9098333126343,87.));
#3133=CARTESIAN_POINT('Ctrl Pts',(31.8161759465185,-18.3026747877871,75.));
#3134=CARTESIAN_POINT('Ctrl Pts',(31.8161759465185,-18.3026747877871,87.));
#3135=CARTESIAN_POINT('Ctrl Pts',(32.8933442861208,-16.7710547672056,75.));
#3136=CARTESIAN_POINT('Ctrl Pts',(32.8933442861208,-16.7710547672056,87.));
#3137=CARTESIAN_POINT('Ctrl Pts',(34.1144518816895,-15.712934367651,75.));
#3138=CARTESIAN_POINT('Ctrl Pts',(34.1144518816895,-15.712934367651,87.));
#3139=CARTESIAN_POINT('Ctrl Pts',(35.3910038824925,-14.6067699984804,75.));
#3140=CARTESIAN_POINT('Ctrl Pts',(35.3910038824925,-14.6067699984804,87.));
#3141=CARTESIAN_POINT('Ctrl Pts',(36.7711683452005,-13.9685533330835,75.));
#3142=CARTESIAN_POINT('Ctrl Pts',(36.7711683452005,-13.9685533330835,87.));
#3143=CARTESIAN_POINT('Ctrl Pts',(38.412152545547,-13.7374048816175,75.));
#3144=CARTESIAN_POINT('Ctrl Pts',(38.412152545547,-13.7374048816175,87.));
#3145=CARTESIAN_POINT('Ctrl Pts',(38.5864507041716,-13.7128533049168,75.));
#3146=CARTESIAN_POINT('Ctrl Pts',(38.5864507041716,-13.7128533049168,87.));
#3147=CARTESIAN_POINT('Ctrl Pts',(38.7645443814004,-13.6931148145357,75.));
#3148=CARTESIAN_POINT('Ctrl Pts',(38.7645443814004,-13.6931148145357,87.));
#3149=CARTESIAN_POINT('Ctrl Pts',(38.946530773709,-13.6784608073539,75.));
#3150=CARTESIAN_POINT('Ctrl Pts',(38.946530773709,-13.6784608073539,87.));
#3151=CARTESIAN_POINT('',(31.3229972319243,-26.9089395495861,80.));
#3152=CARTESIAN_POINT('Origin',(34.9296213121835,-25.1791237375141,80.));
#3153=CARTESIAN_POINT('Ctrl Pts',(50.7565973511688,33.3442059769533,69.7941387067904));
#3154=CARTESIAN_POINT('Ctrl Pts',(52.0813320362677,32.2995798713221,68.9575777737154));
#3155=CARTESIAN_POINT('Ctrl Pts',(54.5931769873447,29.9222447502123,67.499170417542));
#3156=CARTESIAN_POINT('Ctrl Pts',(58.773273026476,24.2908606547739,65.5314006514742));
#3157=CARTESIAN_POINT('Ctrl Pts',(61.6788906517564,17.0626194016752,64.945763737804));
#3158=CARTESIAN_POINT('Ctrl Pts',(62.6595474663917,7.64800375820829,66.3412879245426));
#3159=CARTESIAN_POINT('Ctrl Pts',(61.3356371221713,0.725126741003938,69.0329809925069));
#3160=CARTESIAN_POINT('Ctrl Pts',(58.4654485987808,-5.31687935394237,73.0444977063803));
#3161=CARTESIAN_POINT('Ctrl Pts',(55.1629576217114,-9.67351682930818,77.2398930235932));
#3162=CARTESIAN_POINT('Ctrl Pts',(51.0946834987743,-12.5474543079953,82.2856086542935));
#3163=CARTESIAN_POINT('Ctrl Pts',(47.3038852487822,-14.0454514751431,87.1526828976841));
#3164=CARTESIAN_POINT('Ctrl Pts',(43.8684696867392,-14.7153154764015,91.710362157174));
#3165=CARTESIAN_POINT('Ctrl Pts',(40.348859816087,-14.4812725647811,96.6879301127062));
#3166=CARTESIAN_POINT('Ctrl Pts',(37.6560926858023,-13.7725193598813,100.71243835277));
#3167=CARTESIAN_POINT('Ctrl Pts',(36.2411207231228,-13.2659137227411,102.881692578861));
#3168=CARTESIAN_POINT('Ctrl Pts',(34.1605572958461,-12.4055876521865,106.114402319218));
#3169=CARTESIAN_POINT('Ctrl Pts',(31.3327235551973,-10.9208805179018,110.635423053767));
#3170=CARTESIAN_POINT('Ctrl Pts',(27.8733303881339,-8.41443602765094,116.366087371574));
#3171=CARTESIAN_POINT('Ctrl Pts',(25.3078136011125,-6.29246216637869,120.765866772788));
#3172=CARTESIAN_POINT('Ctrl Pts',(23.0771162850371,-4.2187158777806,124.715369641223));
#3173=CARTESIAN_POINT('Ctrl Pts',(20.1515330108684,-1.01310538814925,129.959238252143));
#3174=CARTESIAN_POINT('Ctrl Pts',(18.2239485881222,1.5401567961195,132.894270247923));
#3175=CARTESIAN_POINT('Ctrl Pts',(16.6012823438292,4.17204938402591,134.65879576593));
#3176=CARTESIAN_POINT('Ctrl Pts',(15.6154981064401,6.1329184701959,135.313105753443));
#3177=CARTESIAN_POINT('Ctrl Pts',(14.9918322946015,8.23562729823012,134.677605909223));
#3178=CARTESIAN_POINT('Ctrl Pts',(14.4387213703595,11.1901264362876,132.918406156266));
#3179=CARTESIAN_POINT('Ctrl Pts',(14.241245437683,13.926888157186,130.304207003758));
#3180=CARTESIAN_POINT('Ctrl Pts',(14.5315312456388,17.5659304757894,125.722373229778));
#3181=CARTESIAN_POINT('Ctrl Pts',(14.8082972281533,19.4066443056492,123.261428328568));
#3182=CARTESIAN_POINT('Ctrl Pts',(15.0069439938554,20.3914089595959,121.896576764475));
#3183=CARTESIAN_POINT('Ctrl Pts',(15.1925265977085,21.1527651528167,120.823751960316));
#3184=CARTESIAN_POINT('Ctrl Pts',(49.4766391312792,29.4944457893361,74.7849210590903));
#3185=CARTESIAN_POINT('Ctrl Pts',(50.5401692378933,28.6454064302002,74.0362231455959));
#3186=CARTESIAN_POINT('Ctrl Pts',(52.5622969373858,26.7218536117127,72.7187456705293));
#3187=CARTESIAN_POINT('Ctrl Pts',(55.9645477608702,22.1851509808309,70.879680976143));
#3188=CARTESIAN_POINT('Ctrl Pts',(58.4324582830984,16.3454436900851,70.1730235454448));
#3189=CARTESIAN_POINT('Ctrl Pts',(59.4899877431991,8.59692283241454,71.0738872314066));
#3190=CARTESIAN_POINT('Ctrl Pts',(58.665344490943,2.71905167330296,73.1455075526212));
#3191=CARTESIAN_POINT('Ctrl Pts',(56.5273580746176,-2.62960109473542,76.384296807421));
#3192=CARTESIAN_POINT('Ctrl Pts',(53.9372072436573,-6.65023333658099,79.8518609941821));
#3193=CARTESIAN_POINT('Ctrl Pts',(50.5507351154594,-9.55718343173772,84.1489612048233));
#3194=CARTESIAN_POINT('Ctrl Pts',(47.2549016787282,-11.2634533396319,88.3993278765493));
#3195=CARTESIAN_POINT('Ctrl Pts',(44.1783362422756,-12.2071039307947,92.452422681384));
#3196=CARTESIAN_POINT('Ctrl Pts',(40.8919246445305,-12.3065101793858,97.0132546254146));
#3197=CARTESIAN_POINT('Ctrl Pts',(38.3162123020203,-11.7942570084094,100.798495973511));
#3198=CARTESIAN_POINT('Ctrl Pts',(36.959491362466,-11.3516866596739,102.857623643451));
#3199=CARTESIAN_POINT('Ctrl Pts',(34.9693449156768,-10.5499581007337,105.933319946045));
#3200=CARTESIAN_POINT('Ctrl Pts',(32.3046500889006,-9.00132394353211,110.233116843528));
#3201=CARTESIAN_POINT('Ctrl Pts',(29.2386840447636,-6.28220595113002,115.416331997247));
#3202=CARTESIAN_POINT('Ctrl Pts',(27.0099254215102,-4.0461818688821,119.1416680336));
#3203=CARTESIAN_POINT('Ctrl Pts',(25.0583671881646,-1.87492714716374,122.396603689067));
#3204=CARTESIAN_POINT('Ctrl Pts',(22.4897702102577,1.41267333640997,126.535699876089));
#3205=CARTESIAN_POINT('Ctrl Pts',(20.7644635452425,3.71913577761323,128.546993528352));
#3206=CARTESIAN_POINT('Ctrl Pts',(19.4136130342632,5.86400903893611,129.660658075761));
#3207=CARTESIAN_POINT('Ctrl Pts',(18.6637869250524,7.36822537653999,129.989478257441));
#3208=CARTESIAN_POINT('Ctrl Pts',(18.360217740835,8.94909271234449,129.423284468162));
#3209=CARTESIAN_POINT('Ctrl Pts',(18.2400977239915,11.2536611429609,128.025716738605));
#3210=CARTESIAN_POINT('Ctrl Pts',(18.4151823367442,13.5123204987702,126.053723043441));
#3211=CARTESIAN_POINT('Ctrl Pts',(18.9485452971857,16.656607977874,122.473219807779));
#3212=CARTESIAN_POINT('Ctrl Pts',(19.3073143533535,18.2524610845749,120.527729159633));
#3213=CARTESIAN_POINT('Ctrl Pts',(19.53222390836,19.1083218400679,119.439409146967));
#3214=CARTESIAN_POINT('Ctrl Pts',(19.7286798567673,19.7678939567941,118.577575484732));
#3215=CARTESIAN_POINT('Ctrl Pts',(49.1899996574762,24.0450474229936,85.0006743306454));
#3216=CARTESIAN_POINT('Ctrl Pts',(49.8353224237259,23.4884460142577,84.40315955798));
#3217=CARTESIAN_POINT('Ctrl Pts',(51.0630326521605,22.2490555268728,83.3202518818796));
#3218=CARTESIAN_POINT('Ctrl Pts',(53.1657281648141,19.3688844238144,81.654213265163));
#3219=CARTESIAN_POINT('Ctrl Pts',(54.8138036607065,15.6501930885458,80.6386940986055));
#3220=CARTESIAN_POINT('Ctrl Pts',(55.7718513659955,10.4656674637497,80.5020367650295));
#3221=CARTESIAN_POINT('Ctrl Pts',(55.5350003833756,6.21527838395411,81.3195910978562));
#3222=CARTESIAN_POINT('Ctrl Pts',(54.3471753876752,1.95641315257001,83.0135680083646));
#3223=CARTESIAN_POINT('Ctrl Pts',(52.7130945874844,-1.53036139104638,85.0364898824959));
#3224=CARTESIAN_POINT('Ctrl Pts',(50.2631523696006,-4.49063346560534,87.8649095615059));
#3225=CARTESIAN_POINT('Ctrl Pts',(47.6496989855407,-6.53912059924585,90.9180528166753));
#3226=CARTESIAN_POINT('Ctrl Pts',(45.0683406114726,-7.93574993586939,94.0003862046734));
#3227=CARTESIAN_POINT('Ctrl Pts',(42.1005514211572,-8.59351752060396,97.7706715723306));
#3228=CARTESIAN_POINT('Ctrl Pts',(39.6922184512199,-8.4130985724108,101.111572515215));
#3229=CARTESIAN_POINT('Ctrl Pts',(38.4285290109964,-8.07937952002316,102.972097290103));
#3230=CARTESIAN_POINT('Ctrl Pts',(36.5930474432808,-7.37832360668438,105.771527432148));
#3231=CARTESIAN_POINT('Ctrl Pts',(34.2443086524752,-5.72626706913631,109.707058916622));
#3232=CARTESIAN_POINT('Ctrl Pts',(31.9883661607662,-2.66408713534641,114.023443000829));
#3233=CARTESIAN_POINT('Ctrl Pts',(30.5407980388633,-0.256752827849757,116.686775289591));
#3234=CARTESIAN_POINT('Ctrl Pts',(29.3193497841573,2.07487140844744,118.868791706683));
#3235=CARTESIAN_POINT('Ctrl Pts',(27.8201700262834,5.53549642329637,121.338236101535));
#3236=CARTESIAN_POINT('Ctrl Pts',(26.8913508453033,7.64118462364817,122.00370547389));
#3237=CARTESIAN_POINT('Ctrl Pts',(26.2901037594762,9.30319690818915,122.190417397189));
#3238=CARTESIAN_POINT('Ctrl Pts',(26.0589198094926,10.3277198249285,122.071482263571));
#3239=CARTESIAN_POINT('Ctrl Pts',(26.202491734926,11.2746878533042,121.641622769108));
#3240=CARTESIAN_POINT('Ctrl Pts',(26.5889163361505,12.7031898540885,120.833436018659));
#3241=CARTESIAN_POINT('Ctrl Pts',(27.0905359559621,14.1898489728335,119.866676342788));
#3242=CARTESIAN_POINT('Ctrl Pts',(27.7689240951985,16.3926948711263,117.90841225988));
#3243=CARTESIAN_POINT('Ctrl Pts',(28.1509319782654,17.5130309426457,116.810084328914));
#3244=CARTESIAN_POINT('Ctrl Pts',(28.3685661435652,18.1156130852061,116.182792506381));
#3245=CARTESIAN_POINT('Ctrl Pts',(28.5486268860648,18.5770249261287,115.675419430874));
#3246=CARTESIAN_POINT('Ctrl Pts',(52.3644281937121,21.9133966543108,95.7873132930089));
#3247=CARTESIAN_POINT('Ctrl Pts',(52.7400430143449,21.5074757156966,95.3050880226713));
#3248=CARTESIAN_POINT('Ctrl Pts',(53.4406986316914,20.6191414036358,94.3954676055853));
#3249=CARTESIAN_POINT('Ctrl Pts',(54.5953419500531,18.6021589838156,92.8348328206271));
#3250=CARTESIAN_POINT('Ctrl Pts',(55.4412362617378,16.0382582815982,91.5330310668211));
#3251=CARTESIAN_POINT('Ctrl Pts',(55.8214994877517,12.3879769550608,90.4725754294114));
#3252=CARTESIAN_POINT('Ctrl Pts',(55.502297527467,9.24966273357627,90.1336976366971));
#3253=CARTESIAN_POINT('Ctrl Pts',(54.507850982021,5.8498705242187,90.321921850953));
#3254=CARTESIAN_POINT('Ctrl Pts',(53.1874289258217,2.86744301923809,90.8848536511916));
#3255=CARTESIAN_POINT('Ctrl Pts',(51.1495337898641,-0.0202491599933291,
92.1583039116243));
#3256=CARTESIAN_POINT('Ctrl Pts',(48.865642332598,-2.2776396204034,93.9169570710682));
#3257=CARTESIAN_POINT('Ctrl Pts',(46.5354114205012,-4.00927370345408,95.9378693308061));
#3258=CARTESIAN_POINT('Ctrl Pts',(43.7307113833222,-5.13414592298891,98.839420777195));
#3259=CARTESIAN_POINT('Ctrl Pts',(41.4251316624107,-5.24533787981171,101.702337355491));
#3260=CARTESIAN_POINT('Ctrl Pts',(40.2381510685745,-5.00984940545251,103.35821513864));
#3261=CARTESIAN_POINT('Ctrl Pts',(38.5485416019967,-4.40328173839158,105.884322299221));
#3262=CARTESIAN_POINT('Ctrl Pts',(36.5581068146977,-2.6732895066623,109.503305423125));
#3263=CARTESIAN_POINT('Ctrl Pts',(35.2792672944569,0.632728432865036,113.14334873331));
#3264=CARTESIAN_POINT('Ctrl Pts',(34.8607437650196,3.09217243012803,115.030326343675));
#3265=CARTESIAN_POINT('Ctrl Pts',(34.6690071950588,5.47996038460589,116.511832735171));
#3266=CARTESIAN_POINT('Ctrl Pts',(34.7665500815333,9.00313995982813,118.041030892201));
#3267=CARTESIAN_POINT('Ctrl Pts',(35.0831926972904,11.1870496139101,118.245032838088));
#3268=CARTESIAN_POINT('Ctrl Pts',(35.4058299158091,12.9895891707854,118.21761183333));
#3269=CARTESIAN_POINT('Ctrl Pts',(35.6757321769599,14.124585855426,118.05988088867));
#3270=CARTESIAN_POINT('Ctrl Pts',(35.9675685456546,15.0407807869915,117.783069820376));
#3271=CARTESIAN_POINT('Ctrl Pts',(36.3738318962365,16.2239158412806,117.336186075891));
#3272=CARTESIAN_POINT('Ctrl Pts',(36.7091981506219,17.21448658655,116.870049151353));
#3273=CARTESIAN_POINT('Ctrl Pts',(37.1880082241862,18.4843826348048,115.971794397918));
#3274=CARTESIAN_POINT('Ctrl Pts',(37.4565346133962,19.1125589873826,115.470949722327));
#3275=CARTESIAN_POINT('Ctrl Pts',(37.6098388834404,19.4433929146391,115.185856706505));
#3276=CARTESIAN_POINT('Ctrl Pts',(37.7381660113314,19.6955701951036,114.953480854238));
#3277=CARTESIAN_POINT('Ctrl Pts',(54.2671215034315,21.6641176247981,100.212974157976));
#3278=CARTESIAN_POINT('Ctrl Pts',(54.5618698739606,21.2926051669105,99.7700375694937));
#3279=CARTESIAN_POINT('Ctrl Pts',(55.1001781744333,20.4843140944675,98.9197267185433));
#3280=CARTESIAN_POINT('Ctrl Pts',(55.9407056358079,18.6673685997673,97.3975815010288));
#3281=CARTESIAN_POINT('Ctrl Pts',(56.4694510787739,16.3912604524374,96.0049641843351));
#3282=CARTESIAN_POINT('Ctrl Pts',(56.5299018108128,13.1775424762465,94.6273293334483));
#3283=CARTESIAN_POINT('Ctrl Pts',(56.0546450542455,10.4081945046641,93.8665758612109));
#3284=CARTESIAN_POINT('Ctrl Pts',(55.0022052130788,7.33375829534208,93.4715648408192));
#3285=CARTESIAN_POINT('Ctrl Pts',(53.6955534156554,4.5692019853311,93.4483729027113));
#3286=CARTESIAN_POINT('Ctrl Pts',(51.7367249062374,1.7488576556981,94.069079896396));
#3287=CARTESIAN_POINT('Ctrl Pts',(49.5295805886074,-0.562490251676876,95.2721044305371));
#3288=CARTESIAN_POINT('Ctrl Pts',(47.2631319011443,-2.40739253020571,96.8314726668186));
#3289=CARTESIAN_POINT('Ctrl Pts',(44.5010745767469,-3.70983380382926,99.3510690419984));
#3290=CARTESIAN_POINT('Ctrl Pts',(42.2281875026565,-3.93620899206369,102.004748752127));
#3291=CARTESIAN_POINT('Ctrl Pts',(41.0710760402194,-3.74023225795671,103.572451898855));
#3292=CARTESIAN_POINT('Ctrl Pts',(39.4420416727233,-3.17264423363862,105.982715875562));
#3293=CARTESIAN_POINT('Ctrl Pts',(37.6112020330429,-1.41526165117602,109.475654566227));
#3294=CARTESIAN_POINT('Ctrl Pts',(36.7741275825713,1.97111917812785,112.863678929676));
#3295=CARTESIAN_POINT('Ctrl Pts',(36.8267895632322,4.42303166216987,114.477994187634));
#3296=CARTESIAN_POINT('Ctrl Pts',(37.1090261188636,6.80585282177248,115.738816712797));
#3297=CARTESIAN_POINT('Ctrl Pts',(37.9406809166779,10.3176275777555,117.02214237318));
#3298=CARTESIAN_POINT('Ctrl Pts',(38.8076967730887,12.5667429953579,117.217967970074));
#3299=CARTESIAN_POINT('Ctrl Pts',(39.5020562912501,14.5257908541811,117.248597569396));
#3300=CARTESIAN_POINT('Ctrl Pts',(39.949903385763,15.8047639533147,117.158576370558));
#3301=CARTESIAN_POINT('Ctrl Pts',(40.2436571572157,16.8174823695902,116.94732310405));
#3302=CARTESIAN_POINT('Ctrl Pts',(40.577338157668,18.0199717595961,116.601308395233));
#3303=CARTESIAN_POINT('Ctrl Pts',(40.7780837291095,18.8696636100015,116.236580890666));
#3304=CARTESIAN_POINT('Ctrl Pts',(41.1380943943874,19.7676100481826,115.66181791668));
#3305=CARTESIAN_POINT('Ctrl Pts',(41.3467636956523,20.1940274253297,115.35739900292));
#3306=CARTESIAN_POINT('Ctrl Pts',(41.4687569028364,20.4111748019135,115.190309824855));
#3307=CARTESIAN_POINT('Ctrl Pts',(41.5729470574705,20.5760008078425,115.055801012804));
#3308=CARTESIAN_POINT('',(17.2123141295314,3.18098401277663,133.994344189272));
#3309=CARTESIAN_POINT('',(50.7565973526856,33.3442059757572,69.7941387058327));
#3310=CARTESIAN_POINT('Ctrl Pts',(17.2133562817781,3.17929263801983,133.993212140082));
#3311=CARTESIAN_POINT('Ctrl Pts',(18.2239485881222,1.5401567961195,132.894270247923));
#3312=CARTESIAN_POINT('Ctrl Pts',(20.1515330108684,-1.01310538814925,129.959238252143));
#3313=CARTESIAN_POINT('Ctrl Pts',(23.0771162850371,-4.2187158777806,124.715369641223));
#3314=CARTESIAN_POINT('Ctrl Pts',(25.3078136011125,-6.29246216637869,120.765866772788));
#3315=CARTESIAN_POINT('Ctrl Pts',(27.8733303881339,-8.41443602765094,116.366087371574));
#3316=CARTESIAN_POINT('Ctrl Pts',(31.3327235551973,-10.9208805179018,110.635423053767));
#3317=CARTESIAN_POINT('Ctrl Pts',(34.1605572958461,-12.4055876521865,106.114402319218));
#3318=CARTESIAN_POINT('Ctrl Pts',(36.2411207231228,-13.2659137227411,102.881692578861));
#3319=CARTESIAN_POINT('Ctrl Pts',(37.6560926858023,-13.7725193598813,100.71243835277));
#3320=CARTESIAN_POINT('Ctrl Pts',(40.348859816087,-14.4812725647811,96.6879301127062));
#3321=CARTESIAN_POINT('Ctrl Pts',(43.8684696867392,-14.7153154764015,91.710362157174));
#3322=CARTESIAN_POINT('Ctrl Pts',(47.3038852487822,-14.0454514751431,87.1526828976841));
#3323=CARTESIAN_POINT('Ctrl Pts',(51.0946834987743,-12.5474543079953,82.2856086542935));
#3324=CARTESIAN_POINT('Ctrl Pts',(55.1629576217114,-9.67351682930818,77.2398930235932));
#3325=CARTESIAN_POINT('Ctrl Pts',(58.4654485987808,-5.31687935394237,73.0444977063803));
#3326=CARTESIAN_POINT('Ctrl Pts',(61.3356371221713,0.725126741003938,69.0329809925069));
#3327=CARTESIAN_POINT('Ctrl Pts',(62.6595474663917,7.64800375820829,66.3412879245426));
#3328=CARTESIAN_POINT('Ctrl Pts',(61.6788906517564,17.0626194016752,64.945763737804));
#3329=CARTESIAN_POINT('Ctrl Pts',(58.773273026476,24.2908606547739,65.5314006514742));
#3330=CARTESIAN_POINT('Ctrl Pts',(54.5931769877435,29.922244749675,67.4991704173543));
#3331=CARTESIAN_POINT('Ctrl Pts',(52.0813320372263,32.2995798704148,68.9575777731588));
#3332=CARTESIAN_POINT('Ctrl Pts',(50.7565973526856,33.3442059757573,69.7941387058326));
#3333=CARTESIAN_POINT('',(54.2671215041615,21.6641176241416,100.212974157773));
#3334=CARTESIAN_POINT('Origin',(78.94190551042,51.860355003071,91.3055456624187));
#3335=CARTESIAN_POINT('',(37.5137701683116,8.43767816761017,116.301563625506));
#3336=CARTESIAN_POINT('Ctrl Pts',(54.2671215038581,21.6641176242604,100.212974157335));
#3337=CARTESIAN_POINT('Ctrl Pts',(54.5618698742203,21.2926051665205,99.7700375690834));
#3338=CARTESIAN_POINT('Ctrl Pts',(55.1001781745347,20.4843140942483,98.9197267183597));
#3339=CARTESIAN_POINT('Ctrl Pts',(55.9407056358079,18.6673685997673,97.3975815010288));
#3340=CARTESIAN_POINT('Ctrl Pts',(56.4694510787739,16.3912604524374,96.0049641843351));
#3341=CARTESIAN_POINT('Ctrl Pts',(56.5299018108128,13.1775424762465,94.6273293334483));
#3342=CARTESIAN_POINT('Ctrl Pts',(56.0546450542455,10.4081945046641,93.8665758612109));
#3343=CARTESIAN_POINT('Ctrl Pts',(55.0022052130788,7.33375829534208,93.4715648408192));
#3344=CARTESIAN_POINT('Ctrl Pts',(53.6955534156554,4.5692019853311,93.4483729027113));
#3345=CARTESIAN_POINT('Ctrl Pts',(51.7367249062374,1.7488576556981,94.069079896396));
#3346=CARTESIAN_POINT('Ctrl Pts',(49.5295805886074,-0.562490251676876,95.2721044305371));
#3347=CARTESIAN_POINT('Ctrl Pts',(47.2631319011443,-2.40739253020571,96.8314726668186));
#3348=CARTESIAN_POINT('Ctrl Pts',(44.5010745767469,-3.70983380382926,99.3510690419984));
#3349=CARTESIAN_POINT('Ctrl Pts',(42.2281875026565,-3.93620899206369,102.004748752127));
#3350=CARTESIAN_POINT('Ctrl Pts',(41.0710760402194,-3.74023225795671,103.572451898855));
#3351=CARTESIAN_POINT('Ctrl Pts',(39.4420416727233,-3.17264423363862,105.982715875562));
#3352=CARTESIAN_POINT('Ctrl Pts',(37.6112020330429,-1.41526165117602,109.475654566227));
#3353=CARTESIAN_POINT('Ctrl Pts',(36.7741275825713,1.97111917812785,112.863678929676));
#3354=CARTESIAN_POINT('Ctrl Pts',(36.8267895632322,4.42303166216987,114.477994187634));
#3355=CARTESIAN_POINT('Ctrl Pts',(37.0764581889344,6.53089356858136,115.59332748104));
#3356=CARTESIAN_POINT('Ctrl Pts',(37.3156711396461,7.65306470833009,116.040107652906));
#3357=CARTESIAN_POINT('Ctrl Pts',(37.5137701683116,8.43767816761017,116.301563625506));
#3358=CARTESIAN_POINT('',(41.5729470574706,20.5760008078427,115.055801012804));
#3359=CARTESIAN_POINT('Ctrl Pts',(37.5137701683116,8.43767816761017,116.301563625506));
#3360=CARTESIAN_POINT('Ctrl Pts',(37.5732050334246,8.67308262886545,116.380007222979));
#3361=CARTESIAN_POINT('Ctrl Pts',(38.1629882234594,10.8943122916865,117.07235305932));
#3362=CARTESIAN_POINT('Ctrl Pts',(38.8076967730887,12.5667429953579,117.217967970074));
#3363=CARTESIAN_POINT('Ctrl Pts',(39.5020562912501,14.5257908541811,117.248597569396));
#3364=CARTESIAN_POINT('Ctrl Pts',(39.949903385763,15.8047639533147,117.158576370558));
#3365=CARTESIAN_POINT('Ctrl Pts',(40.2436571572157,16.8174823695902,116.94732310405));
#3366=CARTESIAN_POINT('Ctrl Pts',(40.577338157668,18.0199717595961,116.601308395233));
#3367=CARTESIAN_POINT('Ctrl Pts',(40.7780837291095,18.8696636100015,116.236580890666));
#3368=CARTESIAN_POINT('Ctrl Pts',(41.1380943943874,19.7676100481826,115.66181791668));
#3369=CARTESIAN_POINT('Ctrl Pts',(41.3467636956042,20.1940274252314,115.35739900299));
#3370=CARTESIAN_POINT('Ctrl Pts',(41.4687569027239,20.4111748017133,115.190309825009));
#3371=CARTESIAN_POINT('Ctrl Pts',(41.5729470572783,20.5760008075385,115.055801013052));
#3372=CARTESIAN_POINT('',(15.1925265975943,21.1527651523486,120.823751960976));
#3373=CARTESIAN_POINT('Origin',(34.5122949468754,48.0519461460817,143.255439654872));
#3374=CARTESIAN_POINT('',(14.7774336253523,9.38086365228173,133.995695059004));
#3375=CARTESIAN_POINT('Ctrl Pts',(15.1925265973661,21.1527651514121,120.823751962295));
#3376=CARTESIAN_POINT('Ctrl Pts',(15.0069439936722,20.3914089586876,121.896576765734));
#3377=CARTESIAN_POINT('Ctrl Pts',(14.8082972280894,19.4066443052247,123.261428329135));
#3378=CARTESIAN_POINT('Ctrl Pts',(14.5315312456388,17.5659304757894,125.722373229778));
#3379=CARTESIAN_POINT('Ctrl Pts',(14.241245437683,13.926888157186,130.304207003758));
#3380=CARTESIAN_POINT('Ctrl Pts',(14.4387213703595,11.1901264362876,132.918406156266));
#3381=CARTESIAN_POINT('Ctrl Pts',(14.7769719646527,9.38332594566973,133.994230798011));
#3382=CARTESIAN_POINT('Ctrl Pts',(14.7787909309135,9.37362438649358,134.000000059605));
#3383=CARTESIAN_POINT('Ctrl Pts',(14.9687748602623,9.07313510292694,134.000000059605));
#3384=CARTESIAN_POINT('Ctrl Pts',(15.152176713629,8.76801513813461,134.000000059605));
#3385=CARTESIAN_POINT('Ctrl Pts',(15.5448093761187,8.07105836018866,134.000000059605));
#3386=CARTESIAN_POINT('Ctrl Pts',(15.7479164674701,7.67870275253967,134.000000059604));
#3387=CARTESIAN_POINT('Ctrl Pts',(16.0657222657921,6.99524862238546,134.000000059604));
#3388=CARTESIAN_POINT('Ctrl Pts',(16.1871602491259,6.7126419015256,134.000000059606));
#3389=CARTESIAN_POINT('Ctrl Pts',(16.4096889652886,6.14821561643044,134.000000059606));
#3390=CARTESIAN_POINT('Ctrl Pts',(16.5103146647768,5.8694347973598,134.000000059605));
#3391=CARTESIAN_POINT('Ctrl Pts',(16.7256506547602,5.21528174807003,134.000000059605));
#3392=CARTESIAN_POINT('Ctrl Pts',(16.8334463992476,4.84137285417161,134.000000059605));
#3393=CARTESIAN_POINT('Ctrl Pts',(17.0361884997283,4.04133727362363,134.000000059605));
#3394=CARTESIAN_POINT('Ctrl Pts',(17.1277667682276,3.61621084204614,134.000000059605));
#3395=CARTESIAN_POINT('Ctrl Pts',(17.2071073964417,3.18943434903121,134.000000059605));
#3396=CARTESIAN_POINT('Ctrl Pts',(-85.0002130797613,0.,3.99000227040698));
#3397=CARTESIAN_POINT('Ctrl Pts',(-85.0002130797613,85.0002130797613,3.99000227040698));
#3398=CARTESIAN_POINT('Ctrl Pts',(-2.84382152764908E-35,85.0002130797613,
3.99000227040698));
#3399=CARTESIAN_POINT('Ctrl Pts',(85.0002130797613,85.0002130797613,3.99000227040699));
#3400=CARTESIAN_POINT('Ctrl Pts',(85.0002130797613,0.,3.99000227040699));
#3401=CARTESIAN_POINT('Ctrl Pts',(85.0002130797613,-85.0002130797613,3.99000227040699));
#3402=CARTESIAN_POINT('Ctrl Pts',(-2.84382152764908E-35,-85.0002130797613,
3.99000227040698));
#3403=CARTESIAN_POINT('Ctrl Pts',(-85.0002130797613,-85.0002130797613,3.99000227040698));
#3404=CARTESIAN_POINT('Ctrl Pts',(-85.0002130797613,0.,3.99000227040698));
#3405=CARTESIAN_POINT('Ctrl Pts',(-85.0001704638091,0.,3.99200181632558));
#3406=CARTESIAN_POINT('Ctrl Pts',(-85.000170463809,85.000170463809,3.99200181632558));
#3407=CARTESIAN_POINT('Ctrl Pts',(-2.27506061296815E-35,85.0001704638091,
3.99200181632558));
#3408=CARTESIAN_POINT('Ctrl Pts',(85.000170463809,85.000170463809,3.99200181632558));
#3409=CARTESIAN_POINT('Ctrl Pts',(85.0001704638091,0.,3.99200181632558));
#3410=CARTESIAN_POINT('Ctrl Pts',(85.000170463809,-85.000170463809,3.99200181632558));
#3411=CARTESIAN_POINT('Ctrl Pts',(-2.27506061296815E-35,-85.0001704638091,
3.99200181632558));
#3412=CARTESIAN_POINT('Ctrl Pts',(-85.000170463809,-85.000170463809,3.99200181632558));
#3413=CARTESIAN_POINT('Ctrl Pts',(-85.0001704638091,0.,3.99200181632558));
#3414=CARTESIAN_POINT('Ctrl Pts',(-85.0001278478568,0.,3.99400136224419));
#3415=CARTESIAN_POINT('Ctrl Pts',(-85.0001278478568,85.0001278478568,3.99400136224419));
#3416=CARTESIAN_POINT('Ctrl Pts',(-1.7062996982927E-35,85.0001278478568,
3.99400136224418));
#3417=CARTESIAN_POINT('Ctrl Pts',(85.0001278478568,85.0001278478568,3.99400136224418));
#3418=CARTESIAN_POINT('Ctrl Pts',(85.0001278478568,0.,3.99400136224418));
#3419=CARTESIAN_POINT('Ctrl Pts',(85.0001278478568,-85.0001278478568,3.99400136224418));
#3420=CARTESIAN_POINT('Ctrl Pts',(-1.7062996982927E-35,-85.0001278478568,
3.99400136224418));
#3421=CARTESIAN_POINT('Ctrl Pts',(-85.0001278478568,-85.0001278478568,3.99400136224419));
#3422=CARTESIAN_POINT('Ctrl Pts',(-85.0001278478568,0.,3.99400136224419));
#3423=CARTESIAN_POINT('Ctrl Pts',(-85.0000852319045,0.,3.99600090816279));
#3424=CARTESIAN_POINT('Ctrl Pts',(-85.0000852319045,85.0000852319045,3.99600090816279));
#3425=CARTESIAN_POINT('Ctrl Pts',(-1.13753878361177E-35,85.0000852319045,
3.99600090816278));
#3426=CARTESIAN_POINT('Ctrl Pts',(85.0000852319045,85.0000852319045,3.99600090816278));
#3427=CARTESIAN_POINT('Ctrl Pts',(85.0000852319045,0.,3.99600090816278));
#3428=CARTESIAN_POINT('Ctrl Pts',(85.0000852319045,-85.0000852319045,3.99600090816278));
#3429=CARTESIAN_POINT('Ctrl Pts',(-1.13753878361177E-35,-85.0000852319045,
3.99600090816278));
#3430=CARTESIAN_POINT('Ctrl Pts',(-85.0000852319045,-85.0000852319045,3.99600090816279));
#3431=CARTESIAN_POINT('Ctrl Pts',(-85.0000852319045,0.,3.99600090816279));
#3432=CARTESIAN_POINT('Ctrl Pts',(-85.0000426159523,0.,3.9980004540814));
#3433=CARTESIAN_POINT('Ctrl Pts',(-85.0000426159522,85.0000426159522,3.9980004540814));
#3434=CARTESIAN_POINT('Ctrl Pts',(-5.68777868925363E-36,85.0000426159523,
3.9980004540814));
#3435=CARTESIAN_POINT('Ctrl Pts',(85.0000426159522,85.0000426159522,3.99800045408141));
#3436=CARTESIAN_POINT('Ctrl Pts',(85.0000426159523,0.,3.99800045408141));
#3437=CARTESIAN_POINT('Ctrl Pts',(85.0000426159522,-85.0000426159522,3.99800045408141));
#3438=CARTESIAN_POINT('Ctrl Pts',(-5.68777868925363E-36,-85.0000426159523,
3.9980004540814));
#3439=CARTESIAN_POINT('Ctrl Pts',(-85.0000426159522,-85.0000426159522,3.9980004540814));
#3440=CARTESIAN_POINT('Ctrl Pts',(-85.0000426159523,0.,3.9980004540814));
#3441=CARTESIAN_POINT('Ctrl Pts',(-85.,0.,4.));
#3442=CARTESIAN_POINT('Ctrl Pts',(-85.,85.,4.));
#3443=CARTESIAN_POINT('Ctrl Pts',(-1.69542444340004E-40,85.,4.));
#3444=CARTESIAN_POINT('Ctrl Pts',(85.,85.,4.00000000000001));
#3445=CARTESIAN_POINT('Ctrl Pts',(85.,0.,4.00000000000001));
#3446=CARTESIAN_POINT('Ctrl Pts',(85.,-85.,4.00000000000001));
#3447=CARTESIAN_POINT('Ctrl Pts',(-1.69542444340004E-40,-85.,4.));
#3448=CARTESIAN_POINT('Ctrl Pts',(-85.,-85.,4.));
#3449=CARTESIAN_POINT('Ctrl Pts',(-85.,0.,4.));
#3450=CARTESIAN_POINT('Ctrl Pts',(-84.9382392129751,0.,6.89782400881736));
#3451=CARTESIAN_POINT('Ctrl Pts',(-84.938239212975,84.938239212975,6.89782400881736));
#3452=CARTESIAN_POINT('Ctrl Pts',(8.24271643178027E-33,84.9382392129751,
6.89782400881736));
#3453=CARTESIAN_POINT('Ctrl Pts',(84.938239212975,84.938239212975,6.89782400881736));
#3454=CARTESIAN_POINT('Ctrl Pts',(84.9382392129751,0.,6.89782400881736));
#3455=CARTESIAN_POINT('Ctrl Pts',(84.938239212975,-84.938239212975,6.89782400881736));
#3456=CARTESIAN_POINT('Ctrl Pts',(8.24271643178027E-33,-84.9382392129751,
6.89782400881736));
#3457=CARTESIAN_POINT('Ctrl Pts',(-84.938239212975,-84.938239212975,6.89782400881736));
#3458=CARTESIAN_POINT('Ctrl Pts',(-84.9382392129751,0.,6.89782400881736));
#3459=CARTESIAN_POINT('Ctrl Pts',(-84.695715356861,0.,12.4814571346993));
#3460=CARTESIAN_POINT('Ctrl Pts',(-84.695715356861,84.695715356861,12.4814571346993));
#3461=CARTESIAN_POINT('Ctrl Pts',(2.41250837951407E-32,84.695715356861,
12.4814571346993));
#3462=CARTESIAN_POINT('Ctrl Pts',(84.695715356861,84.695715356861,12.4814571346994));
#3463=CARTESIAN_POINT('Ctrl Pts',(84.695715356861,0.,12.4814571346994));
#3464=CARTESIAN_POINT('Ctrl Pts',(84.695715356861,-84.695715356861,12.4814571346994));
#3465=CARTESIAN_POINT('Ctrl Pts',(2.41250837951407E-32,-84.695715356861,
12.4814571346993));
#3466=CARTESIAN_POINT('Ctrl Pts',(-84.695715356861,-84.695715356861,12.4814571346993));
#3467=CARTESIAN_POINT('Ctrl Pts',(-84.695715356861,0.,12.4814571346993));
#3468=CARTESIAN_POINT('Ctrl Pts',(-83.9757066503512,0.,20.2197606612777));
#3469=CARTESIAN_POINT('Ctrl Pts',(-83.9757066503512,83.9757066503512,20.2197606612777));
#3470=CARTESIAN_POINT('Ctrl Pts',(4.61363041972496E-32,83.9757066503512,
20.2197606612777));
#3471=CARTESIAN_POINT('Ctrl Pts',(83.9757066503512,83.9757066503512,20.2197606612777));
#3472=CARTESIAN_POINT('Ctrl Pts',(83.9757066503512,0.,20.2197606612777));
#3473=CARTESIAN_POINT('Ctrl Pts',(83.9757066503512,-83.9757066503512,20.2197606612777));
#3474=CARTESIAN_POINT('Ctrl Pts',(4.61363041972496E-32,-83.9757066503512,
20.2197606612777));
#3475=CARTESIAN_POINT('Ctrl Pts',(-83.9757066503512,-83.9757066503512,20.2197606612777));
#3476=CARTESIAN_POINT('Ctrl Pts',(-83.9757066503512,0.,20.2197606612777));
#3477=CARTESIAN_POINT('Ctrl Pts',(-82.0619809384071,0.,29.7255506138));
#3478=CARTESIAN_POINT('Ctrl Pts',(-82.0619809384071,82.0619809384071,29.7255506138));
#3479=CARTESIAN_POINT('Ctrl Pts',(7.31750520342241E-32,82.0619809384071,
29.7255506138));
#3480=CARTESIAN_POINT('Ctrl Pts',(82.0619809384071,82.0619809384071,29.7255506138));
#3481=CARTESIAN_POINT('Ctrl Pts',(82.0619809384071,0.,29.7255506138));
#3482=CARTESIAN_POINT('Ctrl Pts',(82.0619809384071,-82.0619809384071,29.7255506138));
#3483=CARTESIAN_POINT('Ctrl Pts',(7.31750520342241E-32,-82.0619809384071,
29.7255506138));
#3484=CARTESIAN_POINT('Ctrl Pts',(-82.0619809384071,-82.0619809384071,29.7255506138));
#3485=CARTESIAN_POINT('Ctrl Pts',(-82.0619809384071,0.,29.7255506138));
#3486=CARTESIAN_POINT('Ctrl Pts',(-77.0501730353695,0.,42.3454326687081));
#3487=CARTESIAN_POINT('Ctrl Pts',(-77.0501730353695,77.0501730353695,42.3454326687081));
#3488=CARTESIAN_POINT('Ctrl Pts',(1.09071680333324E-31,77.0501730353695,
42.3454326687081));
#3489=CARTESIAN_POINT('Ctrl Pts',(77.0501730353695,77.0501730353695,42.3454326687081));
#3490=CARTESIAN_POINT('Ctrl Pts',(77.0501730353695,0.,42.3454326687081));
#3491=CARTESIAN_POINT('Ctrl Pts',(77.0501730353695,-77.0501730353695,42.3454326687081));
#3492=CARTESIAN_POINT('Ctrl Pts',(1.09071680333324E-31,-77.0501730353695,
42.3454326687081));
#3493=CARTESIAN_POINT('Ctrl Pts',(-77.0501730353695,-77.0501730353695,42.3454326687081));
#3494=CARTESIAN_POINT('Ctrl Pts',(-77.0501730353695,0.,42.3454326687081));
#3495=CARTESIAN_POINT('Ctrl Pts',(-68.5341697531054,0.,57.7205336004459));
#3496=CARTESIAN_POINT('Ctrl Pts',(-68.5341697531054,68.5341697531054,57.7205336004459));
#3497=CARTESIAN_POINT('Ctrl Pts',(1.52805392011961E-31,68.5341697531054,
57.7205336004459));
#3498=CARTESIAN_POINT('Ctrl Pts',(68.5341697531054,68.5341697531054,57.7205336004459));
#3499=CARTESIAN_POINT('Ctrl Pts',(68.5341697531054,0.,57.7205336004459));
#3500=CARTESIAN_POINT('Ctrl Pts',(68.5341697531054,-68.5341697531054,57.7205336004459));
#3501=CARTESIAN_POINT('Ctrl Pts',(1.52805392011961E-31,-68.5341697531054,
57.7205336004459));
#3502=CARTESIAN_POINT('Ctrl Pts',(-68.5341697531054,-68.5341697531054,57.7205336004459));
#3503=CARTESIAN_POINT('Ctrl Pts',(-68.5341697531054,0.,57.7205336004459));
#3504=CARTESIAN_POINT('Ctrl Pts',(-56.7754804337883,0.,76.1949483483275));
#3505=CARTESIAN_POINT('Ctrl Pts',(-56.7754804337883,56.7754804337883,76.1949483483275));
#3506=CARTESIAN_POINT('Ctrl Pts',(2.05354948050815E-31,56.7754804337883,
76.1949483483275));
#3507=CARTESIAN_POINT('Ctrl Pts',(56.7754804337883,56.7754804337883,76.1949483483275));
#3508=CARTESIAN_POINT('Ctrl Pts',(56.7754804337883,0.,76.1949483483275));
#3509=CARTESIAN_POINT('Ctrl Pts',(56.7754804337883,-56.7754804337883,76.1949483483275));
#3510=CARTESIAN_POINT('Ctrl Pts',(2.05354948050815E-31,-56.7754804337883,
76.1949483483275));
#3511=CARTESIAN_POINT('Ctrl Pts',(-56.7754804337883,-56.7754804337883,76.1949483483275));
#3512=CARTESIAN_POINT('Ctrl Pts',(-56.7754804337883,0.,76.1949483483275));
#3513=CARTESIAN_POINT('Ctrl Pts',(-43.4120086530716,0.,96.0219664035928));
#3514=CARTESIAN_POINT('Ctrl Pts',(-43.4120086530716,43.4120086530716,96.0219664035928));
#3515=CARTESIAN_POINT('Ctrl Pts',(2.61751917080538E-31,43.4120086530716,
96.0219664035928));
#3516=CARTESIAN_POINT('Ctrl Pts',(43.4120086530716,43.4120086530716,96.0219664035928));
#3517=CARTESIAN_POINT('Ctrl Pts',(43.4120086530716,0.,96.0219664035928));
#3518=CARTESIAN_POINT('Ctrl Pts',(43.4120086530716,-43.4120086530716,96.0219664035928));
#3519=CARTESIAN_POINT('Ctrl Pts',(2.61751917080538E-31,-43.4120086530716,
96.0219664035928));
#3520=CARTESIAN_POINT('Ctrl Pts',(-43.4120086530716,-43.4120086530716,96.0219664035928));
#3521=CARTESIAN_POINT('Ctrl Pts',(-43.4120086530716,0.,96.0219664035928));
#3522=CARTESIAN_POINT('Ctrl Pts',(-34.0278441047364,0.,109.473603302477));
#3523=CARTESIAN_POINT('Ctrl Pts',(-34.0278441047364,34.0278441047364,109.473603302477));
#3524=CARTESIAN_POINT('Ctrl Pts',(3.00014430761156E-31,34.0278441047364,
109.473603302477));
#3525=CARTESIAN_POINT('Ctrl Pts',(34.0278441047364,34.0278441047364,109.473603302477));
#3526=CARTESIAN_POINT('Ctrl Pts',(34.0278441047364,0.,109.473603302477));
#3527=CARTESIAN_POINT('Ctrl Pts',(34.0278441047364,-34.0278441047364,109.473603302477));
#3528=CARTESIAN_POINT('Ctrl Pts',(3.00014430761156E-31,-34.0278441047364,
109.473603302477));
#3529=CARTESIAN_POINT('Ctrl Pts',(-34.0278441047364,-34.0278441047364,109.473603302477));
#3530=CARTESIAN_POINT('Ctrl Pts',(-34.0278441047364,0.,109.473603302477));
#3531=CARTESIAN_POINT('Ctrl Pts',(-28.6287928861357,0.,117.002495239391));
#3532=CARTESIAN_POINT('Ctrl Pts',(-28.6287928861357,28.6287928861357,117.002495239391));
#3533=CARTESIAN_POINT('Ctrl Pts',(3.21429990287593E-31,28.6287928861357,
117.002495239391));
#3534=CARTESIAN_POINT('Ctrl Pts',(28.6287928861357,28.6287928861357,117.002495239391));
#3535=CARTESIAN_POINT('Ctrl Pts',(28.6287928861357,0.,117.002495239391));
#3536=CARTESIAN_POINT('Ctrl Pts',(28.6287928861357,-28.6287928861357,117.002495239391));
#3537=CARTESIAN_POINT('Ctrl Pts',(3.21429990287593E-31,-28.6287928861357,
117.002495239391));
#3538=CARTESIAN_POINT('Ctrl Pts',(-28.6287928861357,-28.6287928861357,117.002495239391));
#3539=CARTESIAN_POINT('Ctrl Pts',(-28.6287928861357,0.,117.002495239391));
#3540=CARTESIAN_POINT('Ctrl Pts',(-25.3606397176094,0.,121.744421916003));
#3541=CARTESIAN_POINT('Ctrl Pts',(-25.3606397176094,25.3606397176094,121.744421916003));
#3542=CARTESIAN_POINT('Ctrl Pts',(3.34918165421983E-31,25.3606397176094,
121.744421916003));
#3543=CARTESIAN_POINT('Ctrl Pts',(25.3606397176094,25.3606397176094,121.744421916003));
#3544=CARTESIAN_POINT('Ctrl Pts',(25.3606397176094,0.,121.744421916003));
#3545=CARTESIAN_POINT('Ctrl Pts',(25.3606397176094,-25.3606397176094,121.744421916003));
#3546=CARTESIAN_POINT('Ctrl Pts',(3.34918165421983E-31,-25.3606397176094,
121.744421916003));
#3547=CARTESIAN_POINT('Ctrl Pts',(-25.3606397176094,-25.3606397176094,121.744421916003));
#3548=CARTESIAN_POINT('Ctrl Pts',(-25.3606397176094,0.,121.744421916003));
#3549=CARTESIAN_POINT('Ctrl Pts',(-21.9985178035094,0.,126.915947319215));
#3550=CARTESIAN_POINT('Ctrl Pts',(-21.9985178035094,21.9985178035094,126.915947319215));
#3551=CARTESIAN_POINT('Ctrl Pts',(3.49628312817239E-31,21.9985178035094,
126.915947319215));
#3552=CARTESIAN_POINT('Ctrl Pts',(21.9985178035094,21.9985178035094,126.915947319215));
#3553=CARTESIAN_POINT('Ctrl Pts',(21.9985178035094,0.,126.915947319215));
#3554=CARTESIAN_POINT('Ctrl Pts',(21.9985178035094,-21.9985178035094,126.915947319215));
#3555=CARTESIAN_POINT('Ctrl Pts',(3.49628312817239E-31,-21.9985178035094,
126.915947319215));
#3556=CARTESIAN_POINT('Ctrl Pts',(-21.9985178035094,-21.9985178035094,126.915947319215));
#3557=CARTESIAN_POINT('Ctrl Pts',(-21.9985178035094,0.,126.915947319215));
#3558=CARTESIAN_POINT('Ctrl Pts',(-19.1077944212887,0.,131.456413218095));
#3559=CARTESIAN_POINT('Ctrl Pts',(-19.1077944212887,19.1077944212887,131.456413218095));
#3560=CARTESIAN_POINT('Ctrl Pts',(3.62543442765975E-31,19.1077944212887,
131.456413218095));
#3561=CARTESIAN_POINT('Ctrl Pts',(19.1077944212887,19.1077944212887,131.456413218095));
#3562=CARTESIAN_POINT('Ctrl Pts',(19.1077944212887,0.,131.456413218095));
#3563=CARTESIAN_POINT('Ctrl Pts',(19.1077944212887,-19.1077944212887,131.456413218095));
#3564=CARTESIAN_POINT('Ctrl Pts',(3.62543442765975E-31,-19.1077944212887,
131.456413218095));
#3565=CARTESIAN_POINT('Ctrl Pts',(-19.1077944212887,-19.1077944212887,131.456413218095));
#3566=CARTESIAN_POINT('Ctrl Pts',(-19.1077944212887,0.,131.456413218095));
#3567=CARTESIAN_POINT('Ctrl Pts',(-17.5,0.,134.000000059605));
#3568=CARTESIAN_POINT('Ctrl Pts',(-17.5,17.5,134.000000059605));
#3569=CARTESIAN_POINT('Ctrl Pts',(3.69778549322349E-31,17.5,134.000000059605));
#3570=CARTESIAN_POINT('Ctrl Pts',(17.5,17.5,134.000000059605));
#3571=CARTESIAN_POINT('Ctrl Pts',(17.5,0.,134.000000059605));
#3572=CARTESIAN_POINT('Ctrl Pts',(17.5,-17.5,134.000000059605));
#3573=CARTESIAN_POINT('Ctrl Pts',(3.69778549322349E-31,-17.5,134.000000059605));
#3574=CARTESIAN_POINT('Ctrl Pts',(-17.5,-17.5,134.000000059605));
#3575=CARTESIAN_POINT('Ctrl Pts',(-17.5,0.,134.000000059605));
#3576=CARTESIAN_POINT('Ctrl Pts',(-14.,0.,139.537122111656));
#3577=CARTESIAN_POINT('Ctrl Pts',(-14.,14.,139.537122111656));
#3578=CARTESIAN_POINT('Ctrl Pts',(3.85528618244104E-31,14.,139.537122111656));
#3579=CARTESIAN_POINT('Ctrl Pts',(14.,14.,139.537122111656));
#3580=CARTESIAN_POINT('Ctrl Pts',(14.,0.,139.537122111656));
#3581=CARTESIAN_POINT('Ctrl Pts',(14.,-14.,139.537122111656));
#3582=CARTESIAN_POINT('Ctrl Pts',(3.85528618244104E-31,-14.,139.537122111656));
#3583=CARTESIAN_POINT('Ctrl Pts',(-14.,-14.,139.537122111656));
#3584=CARTESIAN_POINT('Ctrl Pts',(-14.,0.,139.537122111656));
#3585=CARTESIAN_POINT('Ctrl Pts',(-10.5,0.,145.074244163706));
#3586=CARTESIAN_POINT('Ctrl Pts',(-10.5,10.5,145.074244163706));
#3587=CARTESIAN_POINT('Ctrl Pts',(4.0127868716586E-31,10.5,145.074244163706));
#3588=CARTESIAN_POINT('Ctrl Pts',(10.5,10.5,145.074244163706));
#3589=CARTESIAN_POINT('Ctrl Pts',(10.5,0.,145.074244163706));
#3590=CARTESIAN_POINT('Ctrl Pts',(10.5,-10.5,145.074244163706));
#3591=CARTESIAN_POINT('Ctrl Pts',(4.0127868716586E-31,-10.5,145.074244163706));
#3592=CARTESIAN_POINT('Ctrl Pts',(-10.5,-10.5,145.074244163706));
#3593=CARTESIAN_POINT('Ctrl Pts',(-10.5,0.,145.074244163706));
#3594=CARTESIAN_POINT('Ctrl Pts',(-7.,0.,150.611366215757));
#3595=CARTESIAN_POINT('Ctrl Pts',(-7.,7.,150.611366215757));
#3596=CARTESIAN_POINT('Ctrl Pts',(4.17028756087615E-31,7.,150.611366215757));
#3597=CARTESIAN_POINT('Ctrl Pts',(7.,7.,150.611366215757));
#3598=CARTESIAN_POINT('Ctrl Pts',(7.,0.,150.611366215757));
#3599=CARTESIAN_POINT('Ctrl Pts',(7.,-7.,150.611366215757));
#3600=CARTESIAN_POINT('Ctrl Pts',(4.17028756087615E-31,-7.,150.611366215757));
#3601=CARTESIAN_POINT('Ctrl Pts',(-7.,-7.,150.611366215757));
#3602=CARTESIAN_POINT('Ctrl Pts',(-7.,0.,150.611366215757));
#3603=CARTESIAN_POINT('Ctrl Pts',(-3.5,0.,156.148488267808));
#3604=CARTESIAN_POINT('Ctrl Pts',(-3.5,3.5,156.148488267808));
#3605=CARTESIAN_POINT('Ctrl Pts',(4.3277882500937E-31,3.5,156.148488267808));
#3606=CARTESIAN_POINT('Ctrl Pts',(3.5,3.5,156.148488267808));
#3607=CARTESIAN_POINT('Ctrl Pts',(3.5,0.,156.148488267808));
#3608=CARTESIAN_POINT('Ctrl Pts',(3.5,-3.5,156.148488267808));
#3609=CARTESIAN_POINT('Ctrl Pts',(4.3277882500937E-31,-3.5,156.148488267808));
#3610=CARTESIAN_POINT('Ctrl Pts',(-3.5,-3.5,156.148488267808));
#3611=CARTESIAN_POINT('Ctrl Pts',(-3.5,0.,156.148488267808));
#3612=CARTESIAN_POINT('Ctrl Pts',(-1.54197642309048E-17,-6.84775091337684E-33,
161.685610319859));
#3613=CARTESIAN_POINT('Ctrl Pts',(-1.54197642309048E-17,-6.84775091337684E-33,
161.685610319859));
#3614=CARTESIAN_POINT('Ctrl Pts',(-1.54197642309048E-17,-6.84775091337684E-33,
161.685610319859));
#3615=CARTESIAN_POINT('Ctrl Pts',(-1.54197642309048E-17,-6.84775091337684E-33,
161.685610319859));
#3616=CARTESIAN_POINT('Ctrl Pts',(-1.54197642309048E-17,-6.84775091337684E-33,
161.685610319859));
#3617=CARTESIAN_POINT('Ctrl Pts',(-1.54197642309048E-17,-6.84775091337684E-33,
161.685610319859));
#3618=CARTESIAN_POINT('Ctrl Pts',(-1.54197642309048E-17,-6.84775091337684E-33,
161.685610319859));
#3619=CARTESIAN_POINT('Ctrl Pts',(-1.54197642309048E-17,-6.84775091337684E-33,
161.685610319859));
#3620=CARTESIAN_POINT('Ctrl Pts',(-1.54197642309048E-17,-6.84775091337684E-33,
161.685610319859));
#3621=CARTESIAN_POINT('',(39.5810887084765,-40.0895355490066,76.5909123506937));
#3622=CARTESIAN_POINT('',(36.2354829184077,-38.2602368129502,82.11512190611));
#3623=CARTESIAN_POINT('Ctrl Pts',(36.2344873166204,-38.2609895331682,82.115264037167));
#3624=CARTESIAN_POINT('Ctrl Pts',(36.3958220412925,-38.3547384434204,81.8456579002578));
#3625=CARTESIAN_POINT('Ctrl Pts',(36.551763353956,-38.4437253058981,81.5864539396362));
#3626=CARTESIAN_POINT('Ctrl Pts',(36.7015152942948,-38.527993792925,81.3385037139315));
#3627=CARTESIAN_POINT('Ctrl Pts',(36.8591952022069,-38.6167235098438,81.0774268379494));
#3628=CARTESIAN_POINT('Ctrl Pts',(37.0100128610785,-38.7002222764159,80.8288268598217));
#3629=CARTESIAN_POINT('Ctrl Pts',(37.1530516339476,-38.778581281569,80.593654835477));
#3630=CARTESIAN_POINT('Ctrl Pts',(37.2832514004935,-38.8499068667447,80.3795915989599));
#3631=CARTESIAN_POINT('Ctrl Pts',(37.4070061890925,-38.9169748534363,80.1766531899218));
#3632=CARTESIAN_POINT('Ctrl Pts',(37.5236346794222,-38.9798767821925,79.9855288602573));
#3633=CARTESIAN_POINT('Ctrl Pts',(37.775013194107,-39.1154542330952,79.5735836316486));
#3634=CARTESIAN_POINT('Ctrl Pts',(38.0234868581386,-39.249461379495,79.1654010948944));
#3635=CARTESIAN_POINT('Ctrl Pts',(38.2690742685549,-39.3819138440315,78.7609863712858));
#3636=CARTESIAN_POINT('Ctrl Pts',(38.5225046658974,-39.5185962605265,78.3436564115719));
#3637=CARTESIAN_POINT('Ctrl Pts',(38.7728615252404,-39.6536232341841,77.9303386774257));
#3638=CARTESIAN_POINT('Ctrl Pts',(39.0201954787696,-39.7870215107084,77.5209921049255));
#3639=CARTESIAN_POINT('Ctrl Pts',(39.2089078337134,-39.8888025340946,77.2086663826283));
#3640=CARTESIAN_POINT('Ctrl Pts',(39.3958610528255,-39.9896356294716,76.8986514651236));
#3641=CARTESIAN_POINT('Ctrl Pts',(39.5810887084765,-40.0895355490066,76.5909123506937));
#3642=CARTESIAN_POINT('',(-3.49862828349867,-60.6286114587993,69.7941299249242));
#3643=CARTESIAN_POINT('Ctrl Pts',(-3.49862828400584,-60.628611458597,69.794129925195));
#3644=CARTESIAN_POINT('Ctrl Pts',(-0.363968201286567,-61.8787236206538,
68.1206994058099));
#3645=CARTESIAN_POINT('Ctrl Pts',(6.52175911456354,-63.292227624275,65.6760096053128));
#3646=CARTESIAN_POINT('Ctrl Pts',(18.3999128346024,-61.6341580826656,64.7616555556687));
#3647=CARTESIAN_POINT('Ctrl Pts',(27.7417271486319,-56.1393979477678,67.2756794692029));
#3648=CARTESIAN_POINT('Ctrl Pts',(32.6944363369065,-49.8878455731281,71.5795908305122));
#3649=CARTESIAN_POINT('Ctrl Pts',(34.6683857414913,-46.0055927537703,74.6838806072485));
#3650=CARTESIAN_POINT('Ctrl Pts',(35.8812600229664,-42.4082262981959,77.8464323822505));
#3651=CARTESIAN_POINT('Ctrl Pts',(36.2273297701457,-39.8084867363791,80.4304540315977));
#3652=CARTESIAN_POINT('Ctrl Pts',(36.2354829184077,-38.2602368129501,82.11512190611));
#3653=CARTESIAN_POINT('',(-10.7225683664196,-23.7334927809224,120.82375723473));
#3654=CARTESIAN_POINT('Ctrl Pts',(-10.7225683664196,-23.7334927809224,120.82375723473));
#3655=CARTESIAN_POINT('Ctrl Pts',(-11.176749148375,-24.1674999231216,119.963735066755));
#3656=CARTESIAN_POINT('Ctrl Pts',(-12.1011507482553,-25.0533651126948,118.223356003376));
#3657=CARTESIAN_POINT('Ctrl Pts',(-13.9228855993213,-26.7385140509792,114.911255170316));
#3658=CARTESIAN_POINT('Ctrl Pts',(-16.9352637333309,-29.4517726811658,109.522753276148));
#3659=CARTESIAN_POINT('Ctrl Pts',(-19.90154016746,-32.4529991777764,103.651597020724));
#3660=CARTESIAN_POINT('Ctrl Pts',(-22.1730144966238,-36.4191136192134,97.0239555752902));
#3661=CARTESIAN_POINT('Ctrl Pts',(-22.8661551806092,-39.4182922959985,92.7415091624376));
#3662=CARTESIAN_POINT('Ctrl Pts',(-22.4364069674263,-43.2564498876394,88.0803861088838));
#3663=CARTESIAN_POINT('Ctrl Pts',(-20.6352540430904,-47.6646582961016,83.3788116220887));
#3664=CARTESIAN_POINT('Ctrl Pts',(-16.4637447522776,-52.7490414779175,78.4571025970924));
#3665=CARTESIAN_POINT('Ctrl Pts',(-10.4815799616736,-57.3582638938182,73.7925522802658));
#3666=CARTESIAN_POINT('Ctrl Pts',(-5.89415644243511,-59.6732674000333,71.0729766980701));
#3667=CARTESIAN_POINT('Ctrl Pts',(-3.49862828349865,-60.6286114587993,69.7941299249242));
#3668=CARTESIAN_POINT('',(-0.736635902377511,-17.4861965260557,133.996670157047));
#3669=CARTESIAN_POINT('Ctrl Pts',(-0.73949011742951,-17.4871949363811,133.994904231314));
#3670=CARTESIAN_POINT('Ctrl Pts',(-1.31803673622526,-17.6897197959396,133.636514963985));
#3671=CARTESIAN_POINT('Ctrl Pts',(-3.08483963944818,-18.4088445403345,132.253815857626));
#3672=CARTESIAN_POINT('Ctrl Pts',(-5.64536965080606,-19.7771414380709,129.236069547269));
#3673=CARTESIAN_POINT('Ctrl Pts',(-8.46759959983622,-21.7279125895788,124.927049133009));
#3674=CARTESIAN_POINT('Ctrl Pts',(-9.96780158327461,-23.0122509591762,122.252959417969));
#3675=CARTESIAN_POINT('Ctrl Pts',(-10.7225683664194,-23.7334927809222,120.823757234731));
#3676=CARTESIAN_POINT('',(-17.5,0.,134.000000059605));
#3677=CARTESIAN_POINT('Origin',(3.69778549322349E-31,0.,134.000000059605));
#3678=CARTESIAN_POINT('',(-85.,0.,4.));
#3679=CARTESIAN_POINT('Ctrl Pts',(-17.5,0.,134.000000059605));
#3680=CARTESIAN_POINT('Ctrl Pts',(-17.7241510174696,0.,133.64538533337));
#3681=CARTESIAN_POINT('Ctrl Pts',(-17.944511030505,0.,133.297150031246));
#3682=CARTESIAN_POINT('Ctrl Pts',(-18.1610953436386,0.,132.955270686205));
#3683=CARTESIAN_POINT('Ctrl Pts',(-18.3804960339869,0.,132.60894567664));
#3684=CARTESIAN_POINT('Ctrl Pts',(-18.5960222294049,0.,132.269142943424));
#3685=CARTESIAN_POINT('Ctrl Pts',(-18.8077194922685,0.,131.935792547419));
#3686=CARTESIAN_POINT('Ctrl Pts',(-19.0223597344881,0.,131.597807970884));
#3687=CARTESIAN_POINT('Ctrl Pts',(-19.2330638874644,0.,131.26645631701));
#3688=CARTESIAN_POINT('Ctrl Pts',(-19.4399091208283,0.,130.941619046698));
#3689=CARTESIAN_POINT('Ctrl Pts',(-19.649843152044,0.,130.611931016007));
#3690=CARTESIAN_POINT('Ctrl Pts',(-19.8558021983124,0.,130.288953314109));
#3691=CARTESIAN_POINT('Ctrl Pts',(-20.0578966497822,0.,129.972516258823));
#3692=CARTESIAN_POINT('Ctrl Pts',(-20.2632505907595,0.,129.650975534169));
#3693=CARTESIAN_POINT('Ctrl Pts',(-20.4646143196444,0.,129.336188069948));
#3694=CARTESIAN_POINT('Ctrl Pts',(-20.6621334013297,0.,129.027929961244));
#3695=CARTESIAN_POINT('Ctrl Pts',(-20.8631152899534,0.,128.7142676237));
#3696=CARTESIAN_POINT('Ctrl Pts',(-21.0601165978154,0.,128.407365511402));
#3697=CARTESIAN_POINT('Ctrl Pts',(-21.2533204681425,0.,128.106941710093));
#3698=CARTESIAN_POINT('Ctrl Pts',(-21.4502339784664,0.,127.80074957636));
#3699=CARTESIAN_POINT('Ctrl Pts',(-21.6432028830579,0.,127.50128683423));
#3700=CARTESIAN_POINT('Ctrl Pts',(-21.8324509130394,0.,127.208208820359));
#3701=CARTESIAN_POINT('Ctrl Pts',(-22.0257146781649,0.,126.908911858368));
#3702=CARTESIAN_POINT('Ctrl Pts',(-22.2150980484542,0.,126.61627336785));
#3703=CARTESIAN_POINT('Ctrl Pts',(-22.4008691921146,0.,126.329879876258));
#3704=CARTESIAN_POINT('Ctrl Pts',(-22.5910449989559,0.,126.036695949711));
#3705=CARTESIAN_POINT('Ctrl Pts',(-22.7774353284831,0.,125.750056569463));
#3706=CARTESIAN_POINT('Ctrl Pts',(-22.9603578370742,0.,125.469471503973));
#3707=CARTESIAN_POINT('Ctrl Pts',(-23.1481935686327,0.,125.181350039608));
#3708=CARTESIAN_POINT('Ctrl Pts',(-23.3323727723284,0.,124.899612373329));
#3709=CARTESIAN_POINT('Ctrl Pts',(-23.5132694342468,0.,124.623680750387));
#3710=CARTESIAN_POINT('Ctrl Pts',(-23.6997696244649,0.,124.339201757684));
#3711=CARTESIAN_POINT('Ctrl Pts',(-23.8827808577066,0.,124.060893944418));
#3712=CARTESIAN_POINT('Ctrl Pts',(-24.0627431064529,0.,123.788076844486));
#3713=CARTESIAN_POINT('Ctrl Pts',(-24.2493212330173,0.,123.505230282194));
#3714=CARTESIAN_POINT('Ctrl Pts',(-24.4326221948649,0.,123.228285398132));
#3715=CARTESIAN_POINT('Ctrl Pts',(-24.6131665877183,0.,122.956436002355));
#3716=CARTESIAN_POINT('Ctrl Pts',(-24.8018353949086,0.,122.672353509257));
#3717=CARTESIAN_POINT('Ctrl Pts',(-24.9874941109739,0.,122.393835211947));
#3718=CARTESIAN_POINT('Ctrl Pts',(-25.1707672947339,0.,122.119912480381));
#3719=CARTESIAN_POINT('Ctrl Pts',(-25.3646237579857,0.,121.830171827351));
#3720=CARTESIAN_POINT('Ctrl Pts',(-25.5558114226219,0.,121.545572553598));
#3721=CARTESIAN_POINT('Ctrl Pts',(-25.7451001436393,0.,121.264918578068));
#3722=CARTESIAN_POINT('Ctrl Pts',(-25.9496160979564,0.,120.961687538574));
#3723=CARTESIAN_POINT('Ctrl Pts',(-26.1519155961837,0.,120.663061706165));
#3724=CARTESIAN_POINT('Ctrl Pts',(-26.353000789464,0.,120.367480757367));
#3725=CARTESIAN_POINT('Ctrl Pts',(-26.5844431236127,0.,120.0272769681));
#3726=CARTESIAN_POINT('Ctrl Pts',(-26.8142773581905,0.,119.691106225104));
#3727=CARTESIAN_POINT('Ctrl Pts',(-27.0440653280312,0.,119.356530094204));
#3728=CARTESIAN_POINT('Ctrl Pts',(-27.4230196325143,0.,118.804764633768));
#3729=CARTESIAN_POINT('Ctrl Pts',(-27.8018541754386,0.,118.25733062317));
#3730=CARTESIAN_POINT('Ctrl Pts',(-28.1876303036269,0.,117.703151259824));
#3731=CARTESIAN_POINT('Ctrl Pts',(-28.4032289810586,0.,117.39343707829));
#3732=CARTESIAN_POINT('Ctrl Pts',(-28.6209960119916,0.,117.081614464251));
#3733=CARTESIAN_POINT('Ctrl Pts',(-28.8421447196257,0.,116.765769244524));
#3734=CARTESIAN_POINT('Ctrl Pts',(-29.0496633759037,0.,116.46939050331));
#3735=CARTESIAN_POINT('Ctrl Pts',(-29.2601602299935,0.,116.169468888516));
#3736=CARTESIAN_POINT('Ctrl Pts',(-29.4746117851643,0.,115.864456250764));
#3737=CARTESIAN_POINT('Ctrl Pts',(-29.6741421114435,0.,115.580665950986));
#3738=CARTESIAN_POINT('Ctrl Pts',(-29.8770961507699,0.,115.292468097968));
#3739=CARTESIAN_POINT('Ctrl Pts',(-30.0842326186928,0.,114.99865319809));
#3740=CARTESIAN_POINT('Ctrl Pts',(-30.2802511166388,0.,114.720608699573));
#3741=CARTESIAN_POINT('Ctrl Pts',(-30.4800152440782,0.,114.437533730118));
#3742=CARTESIAN_POINT('Ctrl Pts',(-30.6841398785344,0.,114.148442021738));
#3743=CARTESIAN_POINT('Ctrl Pts',(-30.8796831367086,0.,113.871503695707));
#3744=CARTESIAN_POINT('Ctrl Pts',(-31.0792280861289,0.,113.589043702135));
#3745=CARTESIAN_POINT('Ctrl Pts',(-31.2832870069305,0.,113.300234496609));
#3746=CARTESIAN_POINT('Ctrl Pts',(-31.4802863712912,0.,113.02141684097));
#3747=CARTESIAN_POINT('Ctrl Pts',(-31.6814928732626,0.,112.736681534534));
#3748=CARTESIAN_POINT('Ctrl Pts',(-31.8873390656912,0.,112.445324007387));
#3749=CARTESIAN_POINT('Ctrl Pts',(-32.0871310883211,0.,112.162535635301));
#3750=CARTESIAN_POINT('Ctrl Pts',(-32.2912939768494,0.,111.873508719731));
#3751=CARTESIAN_POINT('Ctrl Pts',(-32.5001947657901,0.,111.57763946657));
#3752=CARTESIAN_POINT('Ctrl Pts',(-32.7037501711283,0.,111.289340958652));
#3753=CARTESIAN_POINT('Ctrl Pts',(-32.9118041806339,0.,110.994545686357));
#3754=CARTESIAN_POINT('Ctrl Pts',(-33.124667835503,0.,110.692735757877));
#3755=CARTESIAN_POINT('Ctrl Pts',(-33.3327100402769,0.,110.397761949492));
#3756=CARTESIAN_POINT('Ctrl Pts',(-33.5453465393915,0.,110.096087556303));
#3757=CARTESIAN_POINT('Ctrl Pts',(-33.7628391246485,0.,109.787270063063));
#3758=CARTESIAN_POINT('Ctrl Pts',(-33.9759119900056,0.,109.484728125464));
#3759=CARTESIAN_POINT('Ctrl Pts',(-34.1936456397849,0.,109.175330361936));
#3760=CARTESIAN_POINT('Ctrl Pts',(-34.4162575926527,0.,108.858701870533));
#3761=CARTESIAN_POINT('Ctrl Pts',(-34.6347274817461,0.,108.547964776187));
#3762=CARTESIAN_POINT('Ctrl Pts',(-34.8578958755577,0.,108.230263450012));
#3763=CARTESIAN_POINT('Ctrl Pts',(-35.0859397186884,0.,107.905284855658));
#3764=CARTESIAN_POINT('Ctrl Pts',(-35.3090115203585,0.,107.587391771804));
#3765=CARTESIAN_POINT('Ctrl Pts',(-35.5367485479234,0.,107.262535202513));
#3766=CARTESIAN_POINT('Ctrl Pts',(-35.7692880583393,0.,106.930463148569));
#3767=CARTESIAN_POINT('Ctrl Pts',(-35.9968368822013,0.,106.60551791592));
#3768=CARTESIAN_POINT('Ctrl Pts',(-36.2289843228898,0.,106.273663494009));
#3769=CARTESIAN_POINT('Ctrl Pts',(-36.4658305959394,0.,105.934704906446));
#3770=CARTESIAN_POINT('Ctrl Pts',(-36.6980914716625,0.,105.602308633675));
#3771=CARTESIAN_POINT('Ctrl Pts',(-36.9348710549566,0.,105.263080524162));
#3772=CARTESIAN_POINT('Ctrl Pts',(-37.1762353946626,0.,104.916878029603));
#3773=CARTESIAN_POINT('Ctrl Pts',(-37.4133431597274,0.,104.576780980283));
#3774=CARTESIAN_POINT('Ctrl Pts',(-37.6548754486312,0.,104.229953292622));
#3775=CARTESIAN_POINT('Ctrl Pts',(-37.9008663631971,0.,103.876301300075));
#3776=CARTESIAN_POINT('Ctrl Pts',(-38.1428736595625,0.,103.528376407313));
#3777=CARTESIAN_POINT('Ctrl Pts',(-38.3891963896875,0.,103.173846376745));
#3778=CARTESIAN_POINT('Ctrl Pts',(-38.639838463339,0.,102.812663620828));
#3779=CARTESIAN_POINT('Ctrl Pts',(-38.8867280357601,0.,102.456888331888));
#3780=CARTESIAN_POINT('Ctrl Pts',(-39.1378086282232,0.,102.094657963873));
#3781=CARTESIAN_POINT('Ctrl Pts',(-39.3930553735415,0.,101.725968749123));
#3782=CARTESIAN_POINT('Ctrl Pts',(-39.6447487665907,0.,101.36241214696));
#3783=CARTESIAN_POINT('Ctrl Pts',(-39.9004931638342,0.,100.992575215474));
#3784=CARTESIAN_POINT('Ctrl Pts',(-40.160236081291,0.,100.616496155452));
#3785=CARTESIAN_POINT('Ctrl Pts',(-40.4165999696168,0.,100.245309556452));
#3786=CARTESIAN_POINT('Ctrl Pts',(-40.6768590577765,0.,99.8680421245905));
#3787=CARTESIAN_POINT('Ctrl Pts',(-40.9409342097492,0.,99.4847724900761));
#3788=CARTESIAN_POINT('Ctrl Pts',(-41.2017851206395,0.,99.1061824086812));
#3789=CARTESIAN_POINT('Ctrl Pts',(-41.466359514517,0.,98.7217357446201));
#3790=CARTESIAN_POINT('Ctrl Pts',(-41.7345524155045,0.,98.3315502623507));
#3791=CARTESIAN_POINT('Ctrl Pts',(-41.9996603280078,0.,97.9458530335548));
#3792=CARTESIAN_POINT('Ctrl Pts',(-42.2683040131866,0.,97.5545482023495));
#3793=CARTESIAN_POINT('Ctrl Pts',(-42.5403533464349,0.,97.1577915657024));
#3794=CARTESIAN_POINT('Ctrl Pts',(-42.8094444859036,0.,96.7653491576568));
#3795=CARTESIAN_POINT('Ctrl Pts',(-43.081867643303,0.,96.3675728147095));
#3796=CARTESIAN_POINT('Ctrl Pts',(-43.3574681390131,0.,95.9646554202181));
#3797=CARTESIAN_POINT('Ctrl Pts',(-43.6302282590413,0.,95.5658905464473));
#3798=CARTESIAN_POINT('Ctrl Pts',(-43.906100592588,0.,95.1620899983685));
#3799=CARTESIAN_POINT('Ctrl Pts',(-44.1849064171868,0.,94.7534829291735));
#3800=CARTESIAN_POINT('Ctrl Pts',(-44.466029633753,0.,94.3414795796412));
#3801=CARTESIAN_POINT('Ctrl Pts',(-44.7501353418732,0.,93.9245894275473));
#3802=CARTESIAN_POINT('Ctrl Pts',(-45.0370099906075,0.,93.5030918619759));
#3803=CARTESIAN_POINT('Ctrl Pts',(-45.3346126764013,0.,93.0658318666327));
#3804=CARTESIAN_POINT('Ctrl Pts',(-45.6351951561338,0.,92.6236135897429));
#3805=CARTESIAN_POINT('Ctrl Pts',(-45.9384873684807,0.,92.1767952844454));
#3806=CARTESIAN_POINT('Ctrl Pts',(-46.2557903777281,0.,91.7093358935145));
#3807=CARTESIAN_POINT('Ctrl Pts',(-46.5760591155756,0.,91.2368418729389));
#3808=CARTESIAN_POINT('Ctrl Pts',(-46.8989522753918,0.,90.7597702686429));
#3809=CARTESIAN_POINT('Ctrl Pts',(-47.2547019041552,0.,90.2341535407493));
#3810=CARTESIAN_POINT('Ctrl Pts',(-47.6136372382432,0.,89.7029802447539));
#3811=CARTESIAN_POINT('Ctrl Pts',(-47.9752644229378,0.,89.1669159965224));
#3812=CARTESIAN_POINT('Ctrl Pts',(-48.3755072127627,0.,88.5736092449332));
#3813=CARTESIAN_POINT('Ctrl Pts',(-48.779047166384,0.,87.9743116598099));
#3814=CARTESIAN_POINT('Ctrl Pts',(-49.1851728773082,0.,87.369986045023));
#3815=CARTESIAN_POINT('Ctrl Pts',(-49.6539154484798,0.,86.6724849145101));
#3816=CARTESIAN_POINT('Ctrl Pts',(-50.1261017841392,0.,85.9682870521459));
#3817=CARTESIAN_POINT('Ctrl Pts',(-50.6005928465424,0.,85.2589368317645));
#3818=CARTESIAN_POINT('Ctrl Pts',(-51.2193130933954,0.,84.3339682112037));
#3819=CARTESIAN_POINT('Ctrl Pts',(-51.8419476302716,0.,83.4002459280861));
#3820=CARTESIAN_POINT('Ctrl Pts',(-52.4659372560555,0.,82.4612355149979));
#3821=CARTESIAN_POINT('Ctrl Pts',(-52.8777019221356,0.,81.8415917048861));
#3822=CARTESIAN_POINT('Ctrl Pts',(-53.2900559321926,0.,81.2196460422548));
#3823=CARTESIAN_POINT('Ctrl Pts',(-53.7022797474229,0.,80.5963684061378));
#3824=CARTESIAN_POINT('Ctrl Pts',(-54.0726080940449,0.,80.0364362335126));
#3825=CARTESIAN_POINT('Ctrl Pts',(-54.4428310315628,0.,79.4754295450861));
#3826=CARTESIAN_POINT('Ctrl Pts',(-54.8124477806396,0.,78.9140191427594));
#3827=CARTESIAN_POINT('Ctrl Pts',(-55.1580279613242,0.,78.389117853089));
#3828=CARTESIAN_POINT('Ctrl Pts',(-55.5030780110813,0.,77.8638639674658));
#3829=CARTESIAN_POINT('Ctrl Pts',(-55.8472117123128,0.,77.3387704556992));
#3830=CARTESIAN_POINT('Ctrl Pts',(-56.1831315318502,0.,76.8262100261869));
#3831=CARTESIAN_POINT('Ctrl Pts',(-56.5181779451164,0.,76.3138028174824));
#3832=CARTESIAN_POINT('Ctrl Pts',(-56.8520183338083,0.,75.801985523762));
#3833=CARTESIAN_POINT('Ctrl Pts',(-57.1896331972208,0.,75.2843815082961));
#3834=CARTESIAN_POINT('Ctrl Pts',(-57.5260146237864,0.,74.7673808021064));
#3835=CARTESIAN_POINT('Ctrl Pts',(-57.8608485380807,0.,74.2513896750384));
#3836=CARTESIAN_POINT('Ctrl Pts',(-58.200660371687,0.,73.7277273949402));
#3837=CARTESIAN_POINT('Ctrl Pts',(-58.538878381729,0.,73.2051048691944));
#3838=CARTESIAN_POINT('Ctrl Pts',(-58.875204382648,0.,72.6839011200716));
#3839=CARTESIAN_POINT('Ctrl Pts',(-59.216928985248,0.,72.1543311684298));
#3840=CARTESIAN_POINT('Ctrl Pts',(-59.5567003988867,0.,71.6262258346791));
#3841=CARTESIAN_POINT('Ctrl Pts',(-59.8942360105212,0.,71.0999369602888));
#3842=CARTESIAN_POINT('Ctrl Pts',(-60.2376585768636,0.,70.5644690877129));
#3843=CARTESIAN_POINT('Ctrl Pts',(-60.5787667236959,0.,70.0308815105167));
#3844=CARTESIAN_POINT('Ctrl Pts',(-60.9172930197419,0.,69.499498972604));
#3845=CARTESIAN_POINT('Ctrl Pts',(-61.2622826202097,0.,68.9579710275338));
#3846=CARTESIAN_POINT('Ctrl Pts',(-61.604590897779,0.,68.4187330389741));
#3847=CARTESIAN_POINT('Ctrl Pts',(-61.9439651132205,0.,67.8820827588637));
#3848=CARTESIAN_POINT('Ctrl Pts',(-62.2904960101682,0.,67.3341156639802));
#3849=CARTESIAN_POINT('Ctrl Pts',(-62.6339678569822,0.,66.7888464716688));
#3850=CARTESIAN_POINT('Ctrl Pts',(-62.9741419796726,0.,66.246546078714));
#3851=CARTESIAN_POINT('Ctrl Pts',(-63.3223260982025,0.,65.6914762726805));
#3852=CARTESIAN_POINT('Ctrl Pts',(-63.6670554335333,0.,65.1395166164627));
#3853=CARTESIAN_POINT('Ctrl Pts',(-64.0081045539978,0.,64.5909113334854));
#3854=CARTESIAN_POINT('Ctrl Pts',(-64.3582430422556,0.,64.0276850622368));
#3855=CARTESIAN_POINT('Ctrl Pts',(-64.7045026179231,0.,63.467994221382));
#3856=CARTESIAN_POINT('Ctrl Pts',(-65.0466699769145,0.,62.9120566102299));
#3857=CARTESIAN_POINT('Ctrl Pts',(-65.399339418261,0.,62.3390557041049));
#3858=CARTESIAN_POINT('Ctrl Pts',(-65.7476616780406,0.,61.7700418167489));
#3859=CARTESIAN_POINT('Ctrl Pts',(-66.0914340087738,0.,61.2052066788609));
#3860=CARTESIAN_POINT('Ctrl Pts',(-66.4476404076579,0.,60.6199417449402));
#3861=CARTESIAN_POINT('Ctrl Pts',(-66.7989618994863,0.,60.0391631455538));
#3862=CARTESIAN_POINT('Ctrl Pts',(-67.1452039622654,0.,59.4630370767491));
#3863=CARTESIAN_POINT('Ctrl Pts',(-67.5044740836886,0.,58.8652330981304));
#3864=CARTESIAN_POINT('Ctrl Pts',(-67.8582754897323,0.,58.2724381282063));
#3865=CARTESIAN_POINT('Ctrl Pts',(-68.2064215911131,0.,57.6847911788067));
#3866=CARTESIAN_POINT('Ctrl Pts',(-68.5576751418091,0.,57.0918990662323));
#3867=CARTESIAN_POINT('Ctrl Pts',(-68.9031720003722,0.,56.5042472468267));
#3868=CARTESIAN_POINT('Ctrl Pts',(-69.2427495379276,0.,55.9219345045687));
#3869=CARTESIAN_POINT('Ctrl Pts',(-69.584070687737,0.,55.3366317894156));
#3870=CARTESIAN_POINT('Ctrl Pts',(-69.9194115837939,0.,54.7567230941131));
#3871=CARTESIAN_POINT('Ctrl Pts',(-70.2486361111288,0.,54.1822648556265));
#3872=CARTESIAN_POINT('Ctrl Pts',(-70.5795952782882,0.,53.6047798738227));
#3873=CARTESIAN_POINT('Ctrl Pts',(-70.9043734651224,0.,53.0328029081665));
#3874=CARTESIAN_POINT('Ctrl Pts',(-71.2228614964299,0.,52.46634747248));
#3875=CARTESIAN_POINT('Ctrl Pts',(-71.5595010730579,0.,51.8676081187113));
#3876=CARTESIAN_POINT('Ctrl Pts',(-71.8891128066155,0.,51.2750379935291));
#3877=CARTESIAN_POINT('Ctrl Pts',(-72.2116025346996,0.,50.6886009190132));
#3878=CARTESIAN_POINT('Ctrl Pts',(-72.524014458781,0.,50.120490003076));
#3879=CARTESIAN_POINT('Ctrl Pts',(-72.8297427593263,0.,49.5581344815685));
#3880=CARTESIAN_POINT('Ctrl Pts',(-73.1287331711802,0.,49.0014546543184));
#3881=CARTESIAN_POINT('Ctrl Pts',(-73.4265965776713,0.,48.4468731590742));
#3882=CARTESIAN_POINT('Ctrl Pts',(-73.717772854339,0.,47.8979245496123));
#3883=CARTESIAN_POINT('Ctrl Pts',(-74.0022381730917,0.,47.3544856753831));
#3884=CARTESIAN_POINT('Ctrl Pts',(-74.2883775033422,0.,46.8078487911897));
#3885=CARTESIAN_POINT('Ctrl Pts',(-74.5677266706474,0.,46.2667866483121));
#3886=CARTESIAN_POINT('Ctrl Pts',(-74.8402911909631,0.,45.7311298494773));
#3887=CARTESIAN_POINT('Ctrl Pts',(-75.1145090592961,0.,45.192223812241));
#3888=CARTESIAN_POINT('Ctrl Pts',(-75.3818597335404,0.,44.6587888616956));
#3889=CARTESIAN_POINT('Ctrl Pts',(-75.6423786868701,0.,44.1306085189199));
#3890=CARTESIAN_POINT('Ctrl Pts',(-75.9058351153963,0.,43.5964726913847));
#3891=CARTESIAN_POINT('Ctrl Pts',(-76.1623048818729,0.,43.0677106363354));
#3892=CARTESIAN_POINT('Ctrl Pts',(-76.4118551447427,0.,42.5440538093564));
#3893=CARTESIAN_POINT('Ctrl Pts',(-76.6677874149572,0.,42.0070049639622));
#3894=CARTESIAN_POINT('Ctrl Pts',(-76.9164417915436,0.,41.4753256996997));
#3895=CARTESIAN_POINT('Ctrl Pts',(-77.1579225793322,0.,40.9486799608908));
#3896=CARTESIAN_POINT('Ctrl Pts',(-77.4070548897093,0.,40.4053470073201));
#3897=CARTESIAN_POINT('Ctrl Pts',(-77.6485518902019,0.,39.8673714556259));
#3898=CARTESIAN_POINT('Ctrl Pts',(-77.8825604808084,0.,39.3343377047967));
#3899=CARTESIAN_POINT('Ctrl Pts',(-78.1253531983316,0.,38.7812951324705));
#3900=CARTESIAN_POINT('Ctrl Pts',(-78.3600848585778,0.,38.2335721375166));
#3901=CARTESIAN_POINT('Ctrl Pts',(-78.5869524663846,0.,37.6906578542785));
#3902=CARTESIAN_POINT('Ctrl Pts',(-78.8242583281251,0.,37.1227639046728));
#3903=CARTESIAN_POINT('Ctrl Pts',(-79.0529599546406,0.,36.5601311025818));
#3904=CARTESIAN_POINT('Ctrl Pts',(-79.2733165537909,0.,36.0021279512278));
#3905=CARTESIAN_POINT('Ctrl Pts',(-79.5067516478757,0.,35.4110064752287));
#3906=CARTESIAN_POINT('Ctrl Pts',(-79.730821893527,0.,34.8250801805446));
#3907=CARTESIAN_POINT('Ctrl Pts',(-79.9458704246763,0.,34.2435513170249));
#3908=CARTESIAN_POINT('Ctrl Pts',(-80.179695482415,0.,33.6112474395583));
#3909=CARTESIAN_POINT('Ctrl Pts',(-80.4028548238542,0.,32.9841419359999));
#3910=CARTESIAN_POINT('Ctrl Pts',(-80.6158271677525,0.,32.3611614736877));
#3911=CARTESIAN_POINT('Ctrl Pts',(-80.8649660036472,0.,31.6323878483209));
#3912=CARTESIAN_POINT('Ctrl Pts',(-81.1001644630173,0.,30.9092582752522));
#3913=CARTESIAN_POINT('Ctrl Pts',(-81.3222356765049,0.,30.1900020215434));
#3914=CARTESIAN_POINT('Ctrl Pts',(-81.6458987474377,0.,29.1417045668353));
#3915=CARTESIAN_POINT('Ctrl Pts',(-81.9416771437421,0.,28.1016287249291));
#3916=CARTESIAN_POINT('Ctrl Pts',(-82.2121792506351,0.,27.0642401869045));
#3917=CARTESIAN_POINT('Ctrl Pts',(-82.4086837620485,0.,26.3106359723136));
#3918=CARTESIAN_POINT('Ctrl Pts',(-82.5918520574031,0.,25.5584479243682));
#3919=CARTESIAN_POINT('Ctrl Pts',(-82.7626898621743,0.,24.8055854962096));
#3920=CARTESIAN_POINT('Ctrl Pts',(-82.9122432741699,0.,24.146520922972));
#3921=CARTESIAN_POINT('Ctrl Pts',(-83.0523478610443,0.,23.4869390159704));
#3922=CARTESIAN_POINT('Ctrl Pts',(-83.1836678977365,0.,22.8254775111783));
#3923=CARTESIAN_POINT('Ctrl Pts',(-83.3050870685748,0.,22.2138868546702));
#3924=CARTESIAN_POINT('Ctrl Pts',(-83.4189966874361,0.,21.600689001837));
#3925=CARTESIAN_POINT('Ctrl Pts',(-83.5259064598279,0.,20.9848497327686));
#3926=CARTESIAN_POINT('Ctrl Pts',(-83.6270092326043,0.,20.4024608987593));
#3927=CARTESIAN_POINT('Ctrl Pts',(-83.7218521350477,0.,19.8177095514625));
#3928=CARTESIAN_POINT('Ctrl Pts',(-83.8108483534956,0.,19.2297647814853));
#3929=CARTESIAN_POINT('Ctrl Pts',(-83.8960602455112,0.,18.6668207921319));
#3930=CARTESIAN_POINT('Ctrl Pts',(-83.9759122672705,0.,18.1009489901842));
#3931=CARTESIAN_POINT('Ctrl Pts',(-84.0507476416939,0.,17.5314645385644));
#3932=CARTESIAN_POINT('Ctrl Pts',(-84.1210072019562,0.,16.996801253249));
#3933=CARTESIAN_POINT('Ctrl Pts',(-84.1868449076247,0.,16.4589535811661));
#3934=CARTESIAN_POINT('Ctrl Pts',(-84.2485259796274,0.,15.917395953602));
#3935=CARTESIAN_POINT('Ctrl Pts',(-84.3081575386769,0.,15.3938329771763));
#3936=CARTESIAN_POINT('Ctrl Pts',(-84.3639042440549,0.,14.8668022894071));
#3937=CARTESIAN_POINT('Ctrl Pts',(-84.4159859068845,0.,14.3358708414878));
#3938=CARTESIAN_POINT('Ctrl Pts',(-84.4665867805961,0.,13.820034869936));
#3939=CARTESIAN_POINT('Ctrl Pts',(-84.5137281739557,0.,13.3005166251464));
#3940=CARTESIAN_POINT('Ctrl Pts',(-84.5575907759284,0.,12.7769619000172));
#3941=CARTESIAN_POINT('Ctrl Pts',(-84.6003632613354,0.,12.2664190723419));
#3942=CARTESIAN_POINT('Ctrl Pts',(-84.6400180040231,0.,11.7520377588744));
#3943=CARTESIAN_POINT('Ctrl Pts',(-84.676700825301,0.,11.2335333079763));
#3944=CARTESIAN_POINT('Ctrl Pts',(-84.7125737551617,0.,10.7264765126835));
#3945=CARTESIAN_POINT('Ctrl Pts',(-84.7456046299703,0.,10.2154765018796));
#3946=CARTESIAN_POINT('Ctrl Pts',(-84.7759074320614,0.,9.70031154724963));
#3947=CARTESIAN_POINT('Ctrl Pts',(-84.8053224270577,0.,9.2002398206429));
#3948=CARTESIAN_POINT('Ctrl Pts',(-84.8321668974829,0.,8.69624358166387));
#3949=CARTESIAN_POINT('Ctrl Pts',(-84.8565229271168,0.,8.18816356472763));
#3950=CARTESIAN_POINT('Ctrl Pts',(-84.8805168801316,0.,7.687636662874));
#3951=CARTESIAN_POINT('Ctrl Pts',(-84.9020959057754,0.,7.18314637449447));
#3952=CARTESIAN_POINT('Ctrl Pts',(-84.9213157314738,0.,6.67458469433896));
#3953=CARTESIAN_POINT('Ctrl Pts',(-84.9401245618233,0.,6.17689806000595));
#3954=CARTESIAN_POINT('Ctrl Pts',(-84.9566740502089,0.,5.67531224269613));
#3955=CARTESIAN_POINT('Ctrl Pts',(-84.9709936671404,0.,5.16976995731515));
#3956=CARTESIAN_POINT('Ctrl Pts',(-84.9819724257345,0.,4.78217392476189));
#3957=CARTESIAN_POINT('Ctrl Pts',(-84.9916399831558,0.,4.39225305719546));
#3958=CARTESIAN_POINT('Ctrl Pts',(-85.,0.,4.));
#3959=CARTESIAN_POINT('Origin',(-1.69542444340004E-40,0.,4.));
#3960=CARTESIAN_POINT('',(-2.50000000000085,17.3205080756887,134.000000059605));
#3961=CARTESIAN_POINT('Origin',(3.69778549322349E-31,0.,134.000000059605));
#3962=CARTESIAN_POINT('',(-5.38677978515082,19.9661179801712,129.000015318405));
#3963=CARTESIAN_POINT('Ctrl Pts',(-2.50000000000087,17.3205080756887,134.000000059605));
#3964=CARTESIAN_POINT('Ctrl Pts',(-2.96007989740876,17.7630214170621,133.203128584127));
#3965=CARTESIAN_POINT('Ctrl Pts',(-3.43765321901353,18.2102867011163,132.375958000103));
#3966=CARTESIAN_POINT('Ctrl Pts',(-4.41815172995716,19.1069409062647,130.677706675667));
#3967=CARTESIAN_POINT('Ctrl Pts',(-4.90180572961418,19.5394291384127,129.840004184211));
#3968=CARTESIAN_POINT('Ctrl Pts',(-5.38677978515089,19.9661179801709,129.000015318405));
#3969=CARTESIAN_POINT('',(5.3867187499992,19.966134447114,129.000015318405));
#3970=CARTESIAN_POINT('Origin',(8.88178419700125E-15,-1.62092561595273E-13,
129.000015318404));
#3971=CARTESIAN_POINT('',(2.49999999999915,17.3205080756889,134.000000059605));
#3972=CARTESIAN_POINT('Ctrl Pts',(5.38671874999926,19.9661344471137,129.000015318405));
#3973=CARTESIAN_POINT('Ctrl Pts',(4.90175508308127,19.5394418269486,129.840003950698));
#3974=CARTESIAN_POINT('Ctrl Pts',(4.41811141827656,19.1069503111904,130.677706253424));
#3975=CARTESIAN_POINT('Ctrl Pts',(3.43763267777539,18.2102895747643,132.375959241034));
#3976=CARTESIAN_POINT('Ctrl Pts',(2.96006953710528,17.7630222124107,133.203129680244));
#3977=CARTESIAN_POINT('Ctrl Pts',(2.49999999999915,17.3205080756889,134.000000059605));
#3978=CARTESIAN_POINT('Origin',(3.69778549322349E-31,0.,134.000000059605));
#3979=CARTESIAN_POINT('Ctrl Pts',(50.7565973526855,33.3442059757572,69.7941387058327));
#3980=CARTESIAN_POINT('Ctrl Pts',(48.7314835654261,34.9411194958483,71.0729842728458));
#3981=CARTESIAN_POINT('Ctrl Pts',(44.4337831701108,37.7557080380418,73.7930025024101));
#3982=CARTESIAN_POINT('Ctrl Pts',(37.4488967435647,40.6337511852074,78.4560589392476));
#3983=CARTESIAN_POINT('Ctrl Pts',(30.9644723615994,41.7003610594389,83.3805165226068));
#3984=CARTESIAN_POINT('Ctrl Pts',(26.2396107151817,41.0608348638565,88.0793185729753));
#3985=CARTESIAN_POINT('Ctrl Pts',(23.4204911084017,39.8168964651688,91.8105626584964));
#3986=CARTESIAN_POINT('Ctrl Pts',(20.9475467375235,38.0200860661624,95.9026476711983));
#3987=CARTESIAN_POINT('Ctrl Pts',(18.3423268500391,34.2076800562741,102.583976521452));
#3988=CARTESIAN_POINT('Ctrl Pts',(17.1222752103187,29.6659623375205,109.122685876208));
#3989=CARTESIAN_POINT('Ctrl Pts',(16.3733071931032,26.2788787522564,113.755747926126));
#3990=CARTESIAN_POINT('Ctrl Pts',(15.9905826717207,24.5174018532136,116.154138898159));
#3991=CARTESIAN_POINT('Ctrl Pts',(15.6452098815916,23.0076657609686,118.222970387942));
#3992=CARTESIAN_POINT('Ctrl Pts',(15.3412973506935,21.7631000215142,119.963730866626));
#3993=CARTESIAN_POINT('Ctrl Pts',(15.1925265977085,21.1527651528168,120.823751960316));
#3994=CARTESIAN_POINT('',(5.84908109349815,-16.4951261549772,133.997087803231));
#3995=CARTESIAN_POINT('Origin',(3.69778549322349E-31,0.,134.000000059605));
#3996=CARTESIAN_POINT('Ctrl Pts',(36.2354858379083,-38.2596807798691,82.1157269381867));
#3997=CARTESIAN_POINT('Ctrl Pts',(36.2381280680443,-37.7549697351512,82.6649200993221));
#3998=CARTESIAN_POINT('Ctrl Pts',(36.181680117985,-36.2285187497101,84.3733610858705));
#3999=CARTESIAN_POINT('Ctrl Pts',(35.7545415262191,-33.7165548763862,87.4485330751992));
#4000=CARTESIAN_POINT('Ctrl Pts',(34.5478755282917,-30.4377499414042,92.0419814649677));
#4001=CARTESIAN_POINT('Ctrl Pts',(32.3052308353264,-27.0936578575805,97.7248111158558));
#4002=CARTESIAN_POINT('Ctrl Pts',(28.9523027153189,-24.0909416598043,104.230190938501));
#4003=CARTESIAN_POINT('Ctrl Pts',(25.1010809009508,-21.6630491523096,110.668992910236));
#4004=CARTESIAN_POINT('Ctrl Pts',(21.6003289395177,-20.1006678210118,115.814662043622));
#4005=CARTESIAN_POINT('Ctrl Pts',(18.4776343869158,-18.9050478064667,120.238090923061));
#4006=CARTESIAN_POINT('Ctrl Pts',(15.5104965896418,-17.9457956078339,124.318833010377));
#4007=CARTESIAN_POINT('Ctrl Pts',(12.262233892304,-17.2277272736191,128.34690793896));
#4008=CARTESIAN_POINT('Ctrl Pts',(8.83516272795778,-16.692765919033,131.905304212042));
#4009=CARTESIAN_POINT('Ctrl Pts',(6.81312352003449,-16.5143252473237,133.459699718505));
#4010=CARTESIAN_POINT('Ctrl Pts',(5.85186272578837,-16.4951811323492,133.995538705301));
#4011=CARTESIAN_POINT('',(73.4468566486549,-42.290244567727,10.0963181397204));
#4012=CARTESIAN_POINT('',(73.531755710381,-42.4645254990515,6.89999471220802));
#4013=CARTESIAN_POINT('Ctrl Pts',(73.4468566484587,-42.290244566823,10.0963181497681));
#4014=CARTESIAN_POINT('Ctrl Pts',(73.4504413667742,-42.2840789064875,10.0958334774442));
#4015=CARTESIAN_POINT('Ctrl Pts',(73.4540265252812,-42.2779165974927,10.0953009707272));
#4016=CARTESIAN_POINT('Ctrl Pts',(73.4977370803868,-42.202835338456,10.0882259173599));
#4017=CARTESIAN_POINT('Ctrl Pts',(73.5377840815795,-42.1345615089245,10.075757958836));
#4018=CARTESIAN_POINT('Ctrl Pts',(73.6478895891661,-41.9482963474401,10.02482102996));
#4019=CARTESIAN_POINT('Ctrl Pts',(73.7165612234518,-41.8337868673527,9.97389773687994));
#4020=CARTESIAN_POINT('Ctrl Pts',(73.8788713335653,-41.567551726331,9.80459523735399));
#4021=CARTESIAN_POINT('Ctrl Pts',(73.9664708227021,-41.42803339654,9.66701500923254));
#4022=CARTESIAN_POINT('Ctrl Pts',(74.1046154764703,-41.2173632044697,9.35356523556033));
#4023=CARTESIAN_POINT('Ctrl Pts',(74.1570498982013,-41.1421286116882,9.18591334727409));
#4024=CARTESIAN_POINT('Ctrl Pts',(74.2343963092619,-41.0436831533831,8.81434695851958));
#4025=CARTESIAN_POINT('Ctrl Pts',(74.2565066703889,-41.0252400711717,8.61207636672338));
#4026=CARTESIAN_POINT('Ctrl Pts',(74.2629796974735,-41.0558218595564,8.19866342361006));
#4027=CARTESIAN_POINT('Ctrl Pts',(74.2454376979652,-41.1077931895136,7.99160427326953));
#4028=CARTESIAN_POINT('Ctrl Pts',(74.1712477540471,-41.2766618463788,7.61408606619216));
#4029=CARTESIAN_POINT('Ctrl Pts',(74.1160446303198,-41.3907090056221,7.44656618867408));
#4030=CARTESIAN_POINT('Ctrl Pts',(73.9747073725842,-41.6664736564517,7.16951050975656));
#4031=CARTESIAN_POINT('Ctrl Pts',(73.8899725317946,-41.8254698849381,7.06247590638251));
#4032=CARTESIAN_POINT('Ctrl Pts',(73.7491675244896,-42.0812734014384,6.95845785368713));
#4033=CARTESIAN_POINT('Ctrl Pts',(73.7006696540509,-42.1681528524238,6.93343392527044));
#4034=CARTESIAN_POINT('Ctrl Pts',(73.6161956088395,-42.317446107552,6.90741903417291));
#4035=CARTESIAN_POINT('Ctrl Pts',(73.5810088412283,-42.3790689782056,6.90145436999872));
#4036=CARTESIAN_POINT('Ctrl Pts',(73.5409239296031,-42.4486406118467,6.90007354448097));
#4037=CARTESIAN_POINT('Ctrl Pts',(73.536341570062,-42.4565846046268,6.89999471220802));
#4038=CARTESIAN_POINT('Ctrl Pts',(73.5317557103809,-42.4645254990518,6.89999471220802));
#4039=CARTESIAN_POINT('Ctrl Pts',(73.5317557103809,-42.4645254990518,6.89999471220802));
#4040=CARTESIAN_POINT('Ctrl Pts',(73.5022586244162,-42.5156027804727,6.89999471220802));
#4041=CARTESIAN_POINT('Ctrl Pts',(73.4726166574805,-42.5665518334483,6.90325623619401));
#4042=CARTESIAN_POINT('Ctrl Pts',(73.4066003214841,-42.6791833945834,6.91775112210459));
#4043=CARTESIAN_POINT('Ctrl Pts',(73.3703039469273,-42.7405429418809,6.93060446024138));
#4044=CARTESIAN_POINT('Ctrl Pts',(73.3343291548084,-42.8007972774213,6.94823687997589));
#4045=CARTESIAN_POINT('Ctrl Pts',(73.2599546361233,-42.925367481738,6.98469025896058));
#4046=CARTESIAN_POINT('Ctrl Pts',(73.1875023579858,-43.0442931294116,7.04130080407151));
#4047=CARTESIAN_POINT('Ctrl Pts',(73.0390385903232,-43.2827937695698,7.20436396754259));
#4048=CARTESIAN_POINT('Ctrl Pts',(72.9655544802215,-43.3973692733686,7.31658960288255));
#4049=CARTESIAN_POINT('Ctrl Pts',(72.8333868465787,-43.59603508652,7.58973461554638));
#4050=CARTESIAN_POINT('Ctrl Pts',(72.7771126751962,-43.6759178918554,7.75140250795163));
#4051=CARTESIAN_POINT('Ctrl Pts',(72.6912050273001,-43.7864852798129,8.11243701592224));
#4052=CARTESIAN_POINT('Ctrl Pts',(72.664315322872,-43.8126332628381,8.31044877043752));
#4053=CARTESIAN_POINT('Ctrl Pts',(72.64769697064,-43.8000657016322,8.72332258520214));
#4054=CARTESIAN_POINT('Ctrl Pts',(72.6608369903397,-43.7568562924254,8.93429748633411));
#4055=CARTESIAN_POINT('Ctrl Pts',(72.7281840590043,-43.6036093301732,9.32240860411667));
#4056=CARTESIAN_POINT('Ctrl Pts',(72.7808569179267,-43.4964840504833,9.49645166809941));
#4057=CARTESIAN_POINT('Ctrl Pts',(72.9185275562387,-43.2318608248923,9.78851581082025));
#4058=CARTESIAN_POINT('Ctrl Pts',(73.0021019665629,-43.0770485867822,9.90390336294713));
#4059=CARTESIAN_POINT('Ctrl Pts',(73.1460703815817,-42.8172688097449,10.0245479135732));
#4060=CARTESIAN_POINT('Ctrl Pts',(73.1989429910571,-42.7230268399867,10.0557198577732));
#4061=CARTESIAN_POINT('Ctrl Pts',(73.2884655126681,-42.5652342198579,10.0879468711069));
#4062=CARTESIAN_POINT('Ctrl Pts',(73.3240624201986,-42.5029247055163,10.0957449094855));
#4063=CARTESIAN_POINT('Ctrl Pts',(73.388825421833,-42.3903267037439,10.1010310855523));
#4064=CARTESIAN_POINT('Ctrl Pts',(73.4178266272116,-42.3401757566095,10.1002431577107));
#4065=CARTESIAN_POINT('Ctrl Pts',(73.4468566484587,-42.290244566823,10.0963181497681));
#4066=CARTESIAN_POINT('',(-73.4544562710263,-42.2770126789256,10.0965653428287));
#4067=CARTESIAN_POINT('',(-73.5412356970216,-42.4481056805351,6.89999471220804));
#4068=CARTESIAN_POINT('Ctrl Pts',(-73.4544562708322,-42.2770126781013,10.0965653522038));
#4069=CARTESIAN_POINT('Ctrl Pts',(-73.4226464898744,-42.3317658119192,10.1007211447401));
#4070=CARTESIAN_POINT('Ctrl Pts',(-73.3908808360121,-42.3867666964933,10.101106129498));
#4071=CARTESIAN_POINT('Ctrl Pts',(-73.3224290293548,-42.5059911729048,10.0937554846547));
#4072=CARTESIAN_POINT('Ctrl Pts',(-73.2859051789507,-42.5700519085345,10.0846420942054));
#4073=CARTESIAN_POINT('Ctrl Pts',(-73.1977351476425,-42.7258130675174,10.0497554921847));
#4074=CARTESIAN_POINT('Ctrl Pts',(-73.1470368572792,-42.8163576233528,10.0183609598712));
#4075=CARTESIAN_POINT('Ctrl Pts',(-73.0038530950394,-43.0751486762986,9.89504794277505));
#4076=CARTESIAN_POINT('Ctrl Pts',(-72.9195774855636,-43.2316550503986,9.7751899403825));
#4077=CARTESIAN_POINT('Ctrl Pts',(-72.7908806736607,-43.4801012418459,9.49212812849467));
#4078=CARTESIAN_POINT('Ctrl Pts',(-72.7437729648693,-43.5757854432389,9.33838859156582));
#4079=CARTESIAN_POINT('Ctrl Pts',(-72.6776269952735,-43.7231694270398,8.98980270441147));
#4080=CARTESIAN_POINT('Ctrl Pts',(-72.6613183073613,-43.7701201454017,8.79586743168665));
#4081=CARTESIAN_POINT('Ctrl Pts',(-72.6663695762604,-43.802056773421,8.38629550299292));
#4082=CARTESIAN_POINT('Ctrl Pts',(-72.6903939762038,-43.7821726077007,8.17411344500439));
#4083=CARTESIAN_POINT('Ctrl Pts',(-72.7778927496113,-43.672541047261,7.77583498872363));
#4084=CARTESIAN_POINT('Ctrl Pts',(-72.840065308284,-43.5846521063797,7.59328316215611));
#4085=CARTESIAN_POINT('Ctrl Pts',(-72.9932702743463,-43.3536576617509,7.28227597994636));
#4086=CARTESIAN_POINT('Ctrl Pts',(-73.0824076027851,-43.2135713253936,7.15595178056827));
#4087=CARTESIAN_POINT('Ctrl Pts',(-73.2348586450379,-42.9658506113975,7.01274319047849));
#4088=CARTESIAN_POINT('Ctrl Pts',(-73.2922550576583,-42.8710492619951,6.97259409045792));
#4089=CARTESIAN_POINT('Ctrl Pts',(-73.3507326603641,-42.7729383974523,6.94493872885438));
#4090=CARTESIAN_POINT('Ctrl Pts',(-73.3916307451276,-42.7043215891594,6.92559711307854));
#4091=CARTESIAN_POINT('Ctrl Pts',(-73.4329084782333,-42.6343366794896,6.91243726559629));
#4092=CARTESIAN_POINT('Ctrl Pts',(-73.496592464484,-42.5252335240103,6.90185645410257));
#4093=CARTESIAN_POINT('Ctrl Pts',(-73.5189585008384,-42.4867008665608,6.89999471220804));
#4094=CARTESIAN_POINT('Ctrl Pts',(-73.5412356970222,-42.4481056805341,6.89999471220804));
#4095=CARTESIAN_POINT('Ctrl Pts',(-73.5412356970222,-42.4481056805341,6.89999471220804));
#4096=CARTESIAN_POINT('Ctrl Pts',(-73.552496270408,-42.4285967656325,6.89999471220804));
#4097=CARTESIAN_POINT('Ctrl Pts',(-73.5637341491129,-42.4090718769183,6.90047039705323));
#4098=CARTESIAN_POINT('Ctrl Pts',(-73.6119642517412,-42.3250373983419,6.90456580719256));
#4099=CARTESIAN_POINT('Ctrl Pts',(-73.6485696317485,-42.2606502946088,6.91289622427918));
#4100=CARTESIAN_POINT('Ctrl Pts',(-73.7396411271484,-42.0989136819158,6.94700830488761));
#4101=CARTESIAN_POINT('Ctrl Pts',(-73.7929166746901,-42.0028343500207,6.97964407376449));
#4102=CARTESIAN_POINT('Ctrl Pts',(-73.9379791467322,-41.7369717449924,7.10615921371217));
#4103=CARTESIAN_POINT('Ctrl Pts',(-74.0213597284172,-41.5786809313157,7.22734280771028));
#4104=CARTESIAN_POINT('Ctrl Pts',(-74.1472471145472,-41.3288711106977,7.51228050601877));
#4105=CARTESIAN_POINT('Ctrl Pts',(-74.1927834607558,-41.2331416219861,7.66603067458289));
#4106=CARTESIAN_POINT('Ctrl Pts',(-74.2562609499402,-41.0860413518024,8.01388166919098));
#4107=CARTESIAN_POINT('Ctrl Pts',(-74.271641826306,-41.0392765730446,8.20702235302767));
#4108=CARTESIAN_POINT('Ctrl Pts',(-74.2660330433518,-41.0077770320687,8.61436392996471));
#4109=CARTESIAN_POINT('Ctrl Pts',(-74.2425700102936,-41.0277545739505,8.82515934229599));
#4110=CARTESIAN_POINT('Ctrl Pts',(-74.1572624328411,-41.1376470591611,9.2225421639247));
#4111=CARTESIAN_POINT('Ctrl Pts',(-74.0964048203192,-41.2261922641661,9.40539111893085));
#4112=CARTESIAN_POINT('Ctrl Pts',(-73.9459236319029,-41.458693865499,9.71687980517285));
#4113=CARTESIAN_POINT('Ctrl Pts',(-73.8581785211906,-41.5995645373978,9.84338885152501));
#4114=CARTESIAN_POINT('Ctrl Pts',(-73.7010320113727,-41.858762366816,9.99291041215365));
#4115=CARTESIAN_POINT('Ctrl Pts',(-73.6372349951879,-41.9655436067875,10.0362776848947));
#4116=CARTESIAN_POINT('Ctrl Pts',(-73.5337852724254,-42.1409784501338,10.0802435035974));
#4117=CARTESIAN_POINT('Ctrl Pts',(-73.4951608342262,-42.2069665742697,10.0910460805771));
#4118=CARTESIAN_POINT('Ctrl Pts',(-73.4558204582838,-42.2746646958503,10.0963853966759));
#4119=CARTESIAN_POINT('Ctrl Pts',(-73.4551383543957,-42.2758386300096,10.0964762413172));
#4120=CARTESIAN_POINT('Ctrl Pts',(-73.4544562708322,-42.2770126781013,10.0965653522038));
#4121=CARTESIAN_POINT('',(0.0100998808392968,84.7517955683231,10.0999998799155));
#4122=CARTESIAN_POINT('',(0.00947998663974638,84.9126326290788,6.89999471220801));
#4123=CARTESIAN_POINT('Ctrl Pts',(0.0100998808392927,84.751795568323,10.0999998799162));
#4124=CARTESIAN_POINT('Ctrl Pts',(-0.0200891515682485,84.7517984426687,
10.1000115761515));
#4125=CARTESIAN_POINT('Ctrl Pts',(-0.0502813722253789,84.7518380187536,
10.099168858362));
#4126=CARTESIAN_POINT('Ctrl Pts',(-0.164340744443041,84.7521266640177,10.0927485524646));
#4127=CARTESIAN_POINT('Ctrl Pts',(-0.24773717827494,84.7526225118592,10.081423547835));
#4128=CARTESIAN_POINT('Ctrl Pts',(-0.457790147906584,84.7546113687225,10.0358375966712));
#4129=CARTESIAN_POINT('Ctrl Pts',(-0.581825927408866,84.7564981359448,9.99247818895525));
#4130=CARTESIAN_POINT('Ctrl Pts',(-0.891040982532464,84.7632019702848,9.83972274507731));
#4131=CARTESIAN_POINT('Ctrl Pts',(-1.06191133553699,84.7690500942275,9.70742755571371));
#4132=CARTESIAN_POINT('Ctrl Pts',(-1.32522693544436,84.782910828024,9.402387737973));
#4133=CARTESIAN_POINT('Ctrl Pts',(-1.42240128687843,84.7904888107153,9.23853608575548));
#4134=CARTESIAN_POINT('Ctrl Pts',(-1.55937468624401,84.8078657510073,8.87310990225288));
#4135=CARTESIAN_POINT('Ctrl Pts',(-1.59381618252358,84.8176277206753,8.67302365129424));
#4136=CARTESIAN_POINT('Ctrl Pts',(-1.58654390953949,84.8383910803649,8.25988155004851));
#4137=CARTESIAN_POINT('Ctrl Pts',(-1.54072575896343,84.8492291001637,8.05075777414577));
#4138=CARTESIAN_POINT('Ctrl Pts',(-1.37146647141255,84.8697312135811,7.66534053464082));
#4139=CARTESIAN_POINT('Ctrl Pts',(-1.25076865122321,84.8792088109767,7.49228947120418));
#4140=CARTESIAN_POINT('Ctrl Pts',(-0.948835402990158,84.8953940484736,7.20162445451003));
#4141=CARTESIAN_POINT('Ctrl Pts',(-0.770230534733373,84.9019215755132,7.08711488546407));
#4142=CARTESIAN_POINT('Ctrl Pts',(-0.471423795532974,84.9086280481729,6.96996145935491));
#4143=CARTESIAN_POINT('Ctrl Pts',(-0.364368419314532,84.9103318666963,6.94034358585931));
#4144=CARTESIAN_POINT('Ctrl Pts',(-0.183234411865144,84.9120728530722,6.90997211018899));
#4145=CARTESIAN_POINT('Ctrl Pts',(-0.11062255444688,84.9124789728862,6.90284521338229));
#4146=CARTESIAN_POINT('Ctrl Pts',(-0.022234514075458,84.9126208460459,6.90023349019977));
#4147=CARTESIAN_POINT('Ctrl Pts',(-0.00668628185624618,84.9126326290785,
6.90000082844747));
#4148=CARTESIAN_POINT('Ctrl Pts',(0.00886287443578156,84.9126312415699,
6.89999483120073));
#4149=CARTESIAN_POINT('Ctrl Pts',(0.00906857924452038,84.9126312232141,
6.89999475186121));
#4150=CARTESIAN_POINT('Ctrl Pts',(0.00927428331632399,84.9126312025528,
6.899994712208));
#4151=CARTESIAN_POINT('Ctrl Pts',(0.00947998663975434,84.9126311795872,
6.899994712208));
#4152=CARTESIAN_POINT('Ctrl Pts',(0.00947998663975434,84.9126311795872,
6.899994712208));
#4153=CARTESIAN_POINT('Ctrl Pts',(0.0889576655042953,84.9126223063804,6.899994712208));
#4154=CARTESIAN_POINT('Ctrl Pts',(0.168323626609205,84.9122690919169,6.90591659333188));
#4155=CARTESIAN_POINT('Ctrl Pts',(0.353021107427453,84.9106406375549,6.93363241275063));
#4156=CARTESIAN_POINT('Ctrl Pts',(0.457244457083464,84.9090898489171,6.96018470562122));
#4157=CARTESIAN_POINT('Ctrl Pts',(0.752139634937729,84.9028578876057,7.06780742399732));
#4158=CARTESIAN_POINT('Ctrl Pts',(0.930659899625512,84.8966639221264,7.17557413603393));
#4159=CARTESIAN_POINT('Ctrl Pts',(1.22034522437137,84.8819429974974,7.43801948912126));
#4160=CARTESIAN_POINT('Ctrl Pts',(1.33452046803308,84.8738541908814,7.58444731022837));
#4161=CARTESIAN_POINT('Ctrl Pts',(1.51337232899984,84.855797216691,7.91978491876526));
#4162=CARTESIAN_POINT('Ctrl Pts',(1.57301525609938,84.845899223842,8.10797070476601));
#4163=CARTESIAN_POINT('Ctrl Pts',(1.62295985407397,84.8254167469463,8.50892339114119));
#4164=CARTESIAN_POINT('Ctrl Pts',(1.60809945992087,84.8150247462908,8.71869852469081));
#4165=CARTESIAN_POINT('Ctrl Pts',(1.49816316933815,84.7955614057918,9.1230810808701));
#4166=CARTESIAN_POINT('Ctrl Pts',(1.40324324832001,84.7866911568671,9.31355226593201));
#4167=CARTESIAN_POINT('Ctrl Pts',(1.14887621184726,84.7717443053742,9.64173723432071));
#4168=CARTESIAN_POINT('Ctrl Pts',(0.993815973934458,84.7657220886695,9.77785053975685));
#4169=CARTESIAN_POINT('Ctrl Pts',(0.688770304284634,84.7579255892284,9.9562750817705));
#4170=CARTESIAN_POINT('Ctrl Pts',(0.550360758155283,84.7554791564048,10.0131517647774));
#4171=CARTESIAN_POINT('Ctrl Pts',(0.319838748554442,84.7529587031788,10.0721329335353));
#4172=CARTESIAN_POINT('Ctrl Pts',(0.231904346195601,84.7523310539144,10.0869633390758));
#4173=CARTESIAN_POINT('Ctrl Pts',(0.0989121552823545,84.7518665224156,10.0981165236946));
#4174=CARTESIAN_POINT('Ctrl Pts',(0.0545094677305272,84.7517913400158,10.099982674165));
#4175=CARTESIAN_POINT('Ctrl Pts',(0.0100998808392927,84.751795568323,10.0999998799162));
#4176=CARTESIAN_POINT('',(-77.2742160863317,33.0694981388934,17.514793742581));
#4177=CARTESIAN_POINT('',(-77.2523743804619,33.054673760305,17.7106126678747));
#4178=CARTESIAN_POINT('Ctrl Pts',(-77.2742160863311,33.0694981388929,17.5147937425866));
#4179=CARTESIAN_POINT('Ctrl Pts',(-77.2996427176873,33.0895678883173,17.2764764675969));
#4180=CARTESIAN_POINT('Ctrl Pts',(-77.3208608300222,33.1170523458542,17.038079873602));
#4181=CARTESIAN_POINT('Ctrl Pts',(-77.4243014921204,33.3300454239973,15.5863718767334));
#4182=CARTESIAN_POINT('Ctrl Pts',(-77.3988797334287,33.6986966689869,14.4025923329002));
#4183=CARTESIAN_POINT('Ctrl Pts',(-77.1388440609766,34.7482891709303,12.284038342902));
#4184=CARTESIAN_POINT('Ctrl Pts',(-76.9198414543516,35.3998753685548,11.3527249521301));
#4185=CARTESIAN_POINT('Ctrl Pts',(-76.3490015958723,36.8378202250226,9.85854138291739));
#4186=CARTESIAN_POINT('Ctrl Pts',(-76.0206665082322,37.5884646896024,9.27191793013303));
#4187=CARTESIAN_POINT('Ctrl Pts',(-75.3158536459606,39.0743591199303,8.42998282442716));
#4188=CARTESIAN_POINT('Ctrl Pts',(-74.9577663867676,39.7875326866894,8.1407442909988));
#4189=CARTESIAN_POINT('Ctrl Pts',(-74.3444031693236,40.945060057046,7.84585533196828));
#4190=CARTESIAN_POINT('Ctrl Pts',(-74.1084874316912,41.3773617134061,7.77291600474496));
#4191=CARTESIAN_POINT('Ctrl Pts',(-73.6628847200881,42.170628272914,7.70682542726946));
#4192=CARTESIAN_POINT('Ctrl Pts',(-73.4557928419861,42.5307126877597,7.70255265172216));
#4193=CARTESIAN_POINT('Ctrl Pts',(-73.0077658122389,43.2918027938006,7.7484709136322));
#4194=CARTESIAN_POINT('Ctrl Pts',(-72.766570354162,43.6909389975862,7.805794713901));
#4195=CARTESIAN_POINT('Ctrl Pts',(-72.1393123148667,44.7023798121428,8.03784060255604));
#4196=CARTESIAN_POINT('Ctrl Pts',(-71.7529963811669,45.2996619168395,8.26075679527965));
#4197=CARTESIAN_POINT('Ctrl Pts',(-70.7103318571389,46.845602019255,9.08056242781582));
#4198=CARTESIAN_POINT('Ctrl Pts',(-70.0761795358651,47.7118235892499,9.82410579731736));
#4199=CARTESIAN_POINT('Ctrl Pts',(-68.9323616238349,49.1361733702695,11.6850735775644));
#4200=CARTESIAN_POINT('Ctrl Pts',(-68.4357545394761,49.6762274542463,12.7907051305626));
#4201=CARTESIAN_POINT('Ctrl Pts',(-67.6502017238638,50.3525289699768,15.2400804903338));
#4202=CARTESIAN_POINT('Ctrl Pts',(-67.3738796282234,50.4722959917901,16.5655432666724));
#4203=CARTESIAN_POINT('Ctrl Pts',(-67.2313425084711,50.3609898517728,17.8990018683881));
#4204=CARTESIAN_POINT('Ctrl Pts',(-67.1407125057755,50.2902175800493,18.7468607059871));
#4205=CARTESIAN_POINT('Ctrl Pts',(-67.1049493570522,50.1266587704383,19.5894970573125));
#4206=CARTESIAN_POINT('Ctrl Pts',(-67.1440544749597,49.6061396368023,21.2694946705906));
#4207=CARTESIAN_POINT('Ctrl Pts',(-67.2250347943936,49.2410632190741,22.0966483509449));
#4208=CARTESIAN_POINT('Ctrl Pts',(-67.5399092712324,48.2171738687982,23.8323115399988));
#4209=CARTESIAN_POINT('Ctrl Pts',(-67.8056067833741,47.5139849967636,24.6950370925762));
#4210=CARTESIAN_POINT('Ctrl Pts',(-68.5238342359936,45.8422024918348,26.1896994091662));
#4211=CARTESIAN_POINT('Ctrl Pts',(-68.9827811507836,44.8719824837324,26.787764735776));
#4212=CARTESIAN_POINT('Ctrl Pts',(-69.7688011488596,43.3381885453882,27.3724484819556));
#4213=CARTESIAN_POINT('Ctrl Pts',(-70.0431911983387,42.8209191313837,27.5140716350097));
#4214=CARTESIAN_POINT('Ctrl Pts',(-70.5237416902617,41.9445559525628,27.6623449004175));
#4215=CARTESIAN_POINT('Ctrl Pts',(-70.7231959581469,41.5886276679734,27.697509094304));
#4216=CARTESIAN_POINT('Ctrl Pts',(-71.1172036603771,40.9003772777354,27.7170387744289));
#4217=CARTESIAN_POINT('Ctrl Pts',(-71.3109518894787,40.5685697685556,27.704359925895));
#4218=CARTESIAN_POINT('Ctrl Pts',(-71.7576987916367,39.818354843357,27.6250566956036));
#4219=CARTESIAN_POINT('Ctrl Pts',(-72.011312630624,39.4030741752849,27.5443289349555));
#4220=CARTESIAN_POINT('Ctrl Pts',(-72.7224342245782,38.2676385086779,27.2191696753839));
#4221=CARTESIAN_POINT('Ctrl Pts',(-73.1776582187943,37.5742778818708,26.8970407156764));
#4222=CARTESIAN_POINT('Ctrl Pts',(-74.2418115444343,36.0307935776462,25.8682033249257));
#4223=CARTESIAN_POINT('Ctrl Pts',(-74.8267199567747,35.2483225637735,25.06687073682));
#4224=CARTESIAN_POINT('Ctrl Pts',(-75.8877796375351,33.9637613727216,23.0939185375937));
#4225=CARTESIAN_POINT('Ctrl Pts',(-76.3445940514716,33.4940427016949,21.9214842966501));
#4226=CARTESIAN_POINT('Ctrl Pts',(-76.9462747019074,33.0505722352273,19.7036116683351));
#4227=CARTESIAN_POINT('Ctrl Pts',(-77.1361826728825,32.9875904519594,18.7089087904981));
#4228=CARTESIAN_POINT('Ctrl Pts',(-77.2523743856297,33.0546737632885,17.7106126686767));
#4229=CARTESIAN_POINT('Ctrl Pts',(-77.2523743856297,33.0546737632885,17.7106126686767));
#4230=CARTESIAN_POINT('Ctrl Pts',(-77.259970089092,33.0590591443806,17.6453518929319));
#4231=CARTESIAN_POINT('Ctrl Pts',(-77.2672509905559,33.0640004492868,17.5800757935959));
#4232=CARTESIAN_POINT('Ctrl Pts',(-77.2742160863311,33.0694981388929,17.5147937425866));
#4233=CARTESIAN_POINT('Origin',(-1.74010073280574,-43.4513269157995,82.6977215001415));
#4234=CARTESIAN_POINT('Origin',(36.7598989206794,23.2326293756619,82.6977212184548));
#4235=CARTESIAN_POINT('Ctrl Pts',(54.2671215056153,21.6641176233068,100.21297415897));
#4236=CARTESIAN_POINT('Ctrl Pts',(52.2918406389332,23.1123328796642,99.6506371075772));
#4237=CARTESIAN_POINT('Ctrl Pts',(48.2393176627357,25.8700344944744,98.5761851916976));
#4238=CARTESIAN_POINT('Ctrl Pts',(42.1011583251265,29.4139037239152,97.2842311602734));
#4239=CARTESIAN_POINT('Ctrl Pts',(36.9328568654537,31.7789925391949,96.7076365598461));
#4240=CARTESIAN_POINT('Ctrl Pts',(33.8736006589177,32.5990442159809,97.1782870656883));
#4241=CARTESIAN_POINT('Ctrl Pts',(32.6063504372362,32.4926511356475,98.1585609903735));
#4242=CARTESIAN_POINT('Ctrl Pts',(31.9943595361012,31.8935488080881,99.6374975128366));
#4243=CARTESIAN_POINT('Ctrl Pts',(32.8227828997713,29.8458238429254,102.980720427777));
#4244=CARTESIAN_POINT('Ctrl Pts',(35.5685741297201,26.7112366011721,107.263745478607));
#4245=CARTESIAN_POINT('Ctrl Pts',(37.9124893393448,24.2448001705554,110.45584786662));
#4246=CARTESIAN_POINT('Ctrl Pts',(39.1574615101677,22.9719858362864,112.072611391015));
#4247=CARTESIAN_POINT('Ctrl Pts',(40.2250899829106,21.8970897518652,113.422587952531));
#4248=CARTESIAN_POINT('Ctrl Pts',(41.1187826120601,21.0185662972036,114.510879053364));
#4249=CARTESIAN_POINT('Ctrl Pts',(41.5729470574705,20.5760008078427,115.055801012804));
#4250=CARTESIAN_POINT('Ctrl Pts',(51.730197092261,21.9964896624999,94.312093005389));
#4251=CARTESIAN_POINT('Ctrl Pts',(50.0201340865317,23.6026305842238,94.0205265650013));
#4252=CARTESIAN_POINT('Ctrl Pts',(46.4039686336781,26.6681230443726,93.5657653730313));
#4253=CARTESIAN_POINT('Ctrl Pts',(40.6356063900531,30.5630812493172,93.3850413102415));
#4254=CARTESIAN_POINT('Ctrl Pts',(35.5131700676958,33.0529172676562,93.9126888579115));
#4255=CARTESIAN_POINT('Ctrl Pts',(32.2599325683657,33.7866170364621,95.2371990151624));
#4256=CARTESIAN_POINT('Ctrl Pts',(30.7430711050371,33.5308894486629,96.7541547424121));
#4257=CARTESIAN_POINT('Ctrl Pts',(29.8022957801227,32.7245099935585,98.7216226359036));
#4258=CARTESIAN_POINT('Ctrl Pts',(29.9807622168267,30.2544991035748,102.614766039287));
#4259=CARTESIAN_POINT('Ctrl Pts',(31.9632328896761,26.6244434428977,107.109406132207));
#4260=CARTESIAN_POINT('Ctrl Pts',(33.7199352553189,23.7614642212882,110.328829800704));
#4261=CARTESIAN_POINT('Ctrl Pts',(34.65587608919,22.268021029192,111.948686650181));
#4262=CARTESIAN_POINT('Ctrl Pts',(35.4551334731943,20.9923695586665,113.299210628308));
#4263=CARTESIAN_POINT('Ctrl Pts',(36.1205681775808,19.9341039596893,114.383274276778));
#4264=CARTESIAN_POINT('Ctrl Pts',(36.4599056626184,19.4020933241907,114.919374134716));
#4265=CARTESIAN_POINT('Ctrl Pts',(49.0027183114083,24.6682759773707,83.3776499420789));
#4266=CARTESIAN_POINT('Ctrl Pts',(47.5050828267598,26.4049889428357,83.7596086822637));
#4267=CARTESIAN_POINT('Ctrl Pts',(44.2135434812917,29.6825065213642,84.6957552847038));
#4268=CARTESIAN_POINT('Ctrl Pts',(38.5911927793971,33.6562332087819,86.6904715050643));
#4269=CARTESIAN_POINT('Ctrl Pts',(33.2711622879625,35.9512982169826,89.199244025437));
#4270=CARTESIAN_POINT('Ctrl Pts',(29.5616331602999,36.320771997562,92.0095802260032));
#4271=CARTESIAN_POINT('Ctrl Pts',(27.5625162822282,35.7282940421458,94.4681933572859));
#4272=CARTESIAN_POINT('Ctrl Pts',(26.0162125108239,34.5332824564684,97.309193856358));
#4273=CARTESIAN_POINT('Ctrl Pts',(25.0302433856291,31.4093361649184,102.258547583517));
#4274=CARTESIAN_POINT('Ctrl Pts',(25.6207804599651,27.1367651654421,107.352036176404));
#4275=CARTESIAN_POINT('Ctrl Pts',(26.2600078620349,23.7913516436719,110.880737943622));
#4276=CARTESIAN_POINT('Ctrl Pts',(26.5987242376662,22.0325401046923,112.661961300604));
#4277=CARTESIAN_POINT('Ctrl Pts',(26.8730365331419,20.5151064300024,114.159837777574));
#4278=CARTESIAN_POINT('Ctrl Pts',(27.0840500909994,19.2424325386771,115.375841426061));
#4279=CARTESIAN_POINT('Ctrl Pts',(27.1921445870326,18.6066940684777,115.972019310791));
#4280=CARTESIAN_POINT('Ctrl Pts',(49.7966286876433,30.4568858348734,73.5372254702948));
#4281=CARTESIAN_POINT('Ctrl Pts',(47.9890277953423,32.1094099052227,74.5822047183553));
#4282=CARTESIAN_POINT('Ctrl Pts',(44.0989335148587,35.0988142517124,76.8320637633891));
#4283=CARTESIAN_POINT('Ctrl Pts',(37.6421142969668,38.3720862493101,80.7782969570826));
#4284=CARTESIAN_POINT('Ctrl Pts',(31.5766256487693,39.8651698656137,85.0351761405052));
#4285=CARTESIAN_POINT('Ctrl Pts',(27.186085048685,39.559927177621,89.1954714006878));
#4286=CARTESIAN_POINT('Ctrl Pts',(24.62310055045,38.5222506572382,92.5542995252375));
#4287=CARTESIAN_POINT('Ctrl Pts',(22.431821126681,36.9083219206611,96.2732357403232));
#4288=CARTESIAN_POINT('Ctrl Pts',(20.3030814269749,33.2832223485709,102.419737461847));
#4289=CARTESIAN_POINT('Ctrl Pts',(19.5963659269185,28.7731507692879,108.483334344663));
#4290=CARTESIAN_POINT('Ctrl Pts',(19.2258920147658,25.3500377940364,112.74118883443));
#4291=CARTESIAN_POINT('Ctrl Pts',(19.0356513573071,23.5611514559924,114.929661411171));
#4292=CARTESIAN_POINT('Ctrl Pts',(18.8527043093287,22.0227525061731,116.80490448308));
#4293=CARTESIAN_POINT('Ctrl Pts',(18.6794690487373,20.7449434406819,118.368543514326));
#4294=CARTESIAN_POINT('Ctrl Pts',(18.5946415420026,20.1141117557999,119.139119603628));
#4295=CARTESIAN_POINT('Ctrl Pts',(50.7565973526855,33.3442059757572,69.7941387058327));
#4296=CARTESIAN_POINT('Ctrl Pts',(48.7314835654261,34.9411194958483,71.0729842728458));
#4297=CARTESIAN_POINT('Ctrl Pts',(44.4337831701108,37.7557080380418,73.7930025024101));
#4298=CARTESIAN_POINT('Ctrl Pts',(37.4488967435647,40.6337511852074,78.4560589392476));
#4299=CARTESIAN_POINT('Ctrl Pts',(30.9644723615994,41.7003610594389,83.3805165226068));
#4300=CARTESIAN_POINT('Ctrl Pts',(26.2396107151817,41.0608348638565,88.0793185729753));
#4301=CARTESIAN_POINT('Ctrl Pts',(23.4204911084017,39.8168964651688,91.8105626584964));
#4302=CARTESIAN_POINT('Ctrl Pts',(20.9475467375235,38.0200860661624,95.9026476711983));
#4303=CARTESIAN_POINT('Ctrl Pts',(18.3423268500391,34.2076800562741,102.583976521452));
#4304=CARTESIAN_POINT('Ctrl Pts',(17.1222752103187,29.6659623375205,109.122685876208));
#4305=CARTESIAN_POINT('Ctrl Pts',(16.3733071931032,26.2788787522564,113.755747926126));
#4306=CARTESIAN_POINT('Ctrl Pts',(15.9905826717207,24.5174018532136,116.154138898159));
#4307=CARTESIAN_POINT('Ctrl Pts',(15.6452098815916,23.0076657609686,118.222970387942));
#4308=CARTESIAN_POINT('Ctrl Pts',(15.3412973506935,21.7631000215142,119.963730866626));
#4309=CARTESIAN_POINT('Ctrl Pts',(15.1925265977085,21.1527651528168,120.823751960316));
#4310=CARTESIAN_POINT('Ctrl Pts',(41.5729470574705,20.5760008078427,115.055801012804));
#4311=CARTESIAN_POINT('Ctrl Pts',(41.1187826120601,21.0185662972036,114.510879053364));
#4312=CARTESIAN_POINT('Ctrl Pts',(40.2250899829106,21.8970897518652,113.422587952531));
#4313=CARTESIAN_POINT('Ctrl Pts',(39.1574615101677,22.9719858362864,112.072611391015));
#4314=CARTESIAN_POINT('Ctrl Pts',(37.9124893393448,24.2448001705554,110.45584786662));
#4315=CARTESIAN_POINT('Ctrl Pts',(35.5685741297201,26.7112366011721,107.263745478607));
#4316=CARTESIAN_POINT('Ctrl Pts',(32.8227828997713,29.8458238429254,102.980720427777));
#4317=CARTESIAN_POINT('Ctrl Pts',(31.9943595361012,31.8935488080881,99.6374975128366));
#4318=CARTESIAN_POINT('Ctrl Pts',(32.6063504372362,32.4926511356475,98.1585609903735));
#4319=CARTESIAN_POINT('Ctrl Pts',(33.8736006589177,32.5990442159809,97.1782870656883));
#4320=CARTESIAN_POINT('Ctrl Pts',(36.9328568654537,31.7789925391949,96.7076365598461));
#4321=CARTESIAN_POINT('Ctrl Pts',(42.1011583251265,29.4139037239152,97.2842311602734));
#4322=CARTESIAN_POINT('Ctrl Pts',(48.2393176623854,25.8700344946767,98.5761851916239));
#4323=CARTESIAN_POINT('Ctrl Pts',(52.2918406382394,23.1123328801364,99.6506371073933));
#4324=CARTESIAN_POINT('Ctrl Pts',(54.2671215046008,21.6641176240506,100.212974158681));
#4325=CARTESIAN_POINT('Origin',(44.3972079017087,9.585622672547,103.775945555976));
#4326=CARTESIAN_POINT('',(38.3214076060752,8.35908679321149,115.590354576502));
#4327=CARTESIAN_POINT('Origin',(46.5216303620239,8.3590867932115,105.502919483634));
#4328=CARTESIAN_POINT('Origin',(36.1969851457599,9.585622672547,113.863380648844));
#4329=CARTESIAN_POINT('Origin',(44.3972079017087,9.585622672547,103.775945555976));
#4330=CARTESIAN_POINT('Origin',(28.1099690392917,18.9890644141191,90.5358121105978));
#4331=CARTESIAN_POINT('Ctrl Pts',(2.96713137039006,-46.2912316225138,115.055802296394));
#4332=CARTESIAN_POINT('Ctrl Pts',(2.35677524802903,-46.1191960939895,114.510879561055));
#4333=CARTESIAN_POINT('Ctrl Pts',(1.15073177287019,-45.7851824594512,113.423699291347));
#4334=CARTESIAN_POINT('Ctrl Pts',(-1.19921160613206,-45.1630046148787,111.259405731572));
#4335=CARTESIAN_POINT('Ctrl Pts',(-5.10884497207384,-44.2019487516484,107.52000364476));
#4336=CARTESIAN_POINT('Ctrl Pts',(-8.75592894456837,-43.4889386490845,103.686568984632));
#4337=CARTESIAN_POINT('Ctrl Pts',(-11.3345012077008,-43.5569925551037,100.158387819573));
#4338=CARTESIAN_POINT('Ctrl Pts',(-11.9858527324099,-44.1876749959778,98.3957128160051));
#4339=CARTESIAN_POINT('Ctrl Pts',(-11.2902936589371,-45.6376372494009,97.180941574471));
#4340=CARTESIAN_POINT('Ctrl Pts',(-9.05995360872317,-47.8715205766476,96.7045079803096));
#4341=CARTESIAN_POINT('Ctrl Pts',(-4.4205103445532,-51.1687534999434,97.2856628246586));
#4342=CARTESIAN_POINT('Ctrl Pts',(1.7142329130362,-54.7107850169113,98.5753610954554));
#4343=CARTESIAN_POINT('Ctrl Pts',(6.13004835876052,-56.8422334106695,99.6506333716814));
#4344=CARTESIAN_POINT('Ctrl Pts',(8.37188332998452,-57.8287704876772,100.21297148553));
#4345=CARTESIAN_POINT('Ctrl Pts',(1.42724536446662,-41.2762527914232,114.919375603298));
#4346=CARTESIAN_POINT('Ctrl Pts',(0.796840929735745,-41.2483830889713,114.383275028672));
#4347=CARTESIAN_POINT('Ctrl Pts',(-0.450950359489876,-41.201930397635,113.300396899492));
#4348=CARTESIAN_POINT('Ctrl Pts',(-2.86462210986316,-41.112768751467,111.136065324304));
#4349=CARTESIAN_POINT('Ctrl Pts',(-6.83332222218936,-40.9809705831112,107.379999997598));
#4350=CARTESIAN_POINT('Ctrl Pts',(-10.5231936636015,-41.0831766696892,103.353486647622));
#4351=CARTESIAN_POINT('Ctrl Pts',(-13.1436526982395,-41.949775581787,99.3474398100384));
#4352=CARTESIAN_POINT('Ctrl Pts',(-13.8155246533482,-43.0212601100063,97.127141077565));
#4353=CARTESIAN_POINT('Ctrl Pts',(-13.1256172348063,-44.8336796787049,95.2394107813964));
#4354=CARTESIAN_POINT('Ctrl Pts',(-10.8729601352241,-47.2792627935264,93.9099462026424));
#4355=CARTESIAN_POINT('Ctrl Pts',(-6.14864115875765,-50.4743131691412,93.3863489289711));
#4356=CARTESIAN_POINT('Ctrl Pts',(0.105535206973204,-53.5201755546974,93.565012345499));
#4357=CARTESIAN_POINT('Ctrl Pts',(4.56958548614481,-55.1200263831687,94.0205222324487));
#4358=CARTESIAN_POINT('Ctrl Pts',(6.81557911942807,-55.7979147038282,94.312089463641));
#4359=CARTESIAN_POINT('Ctrl Pts',(-2.51775346637903,-32.8523990277665,115.971968707444));
#4360=CARTESIAN_POINT('Ctrl Pts',(-3.12236729351531,-33.0766558885908,115.375790082173));
#4361=CARTESIAN_POINT('Ctrl Pts',(-4.32852677515051,-33.5307833952307,114.160486563575));
#4362=CARTESIAN_POINT('Ctrl Pts',(-6.65647696282299,-34.3624634269618,111.760561049199));
#4363=CARTESIAN_POINT('Ctrl Pts',(-10.4560797464176,-35.6512349999433,107.661324391057));
#4364=CARTESIAN_POINT('Ctrl Pts',(-14.0220504749653,-37.1235563009666,103.092578557299));
#4365=CARTESIAN_POINT('Ctrl Pts',(-16.6010092203482,-39.3589981309924,98.1291535902776));
#4366=CARTESIAN_POINT('Ctrl Pts',(-17.2954407028961,-41.2198644598271,95.0789006280067));
#4367=CARTESIAN_POINT('Ctrl Pts',(-16.6695843895156,-43.7635427362664,92.0111432029818));
#4368=CARTESIAN_POINT('Ctrl Pts',(-14.5038949795739,-46.7874452123357,89.1971270531529));
#4369=CARTESIAN_POINT('Ctrl Pts',(-9.84949971597838,-50.2496451486388,86.6915631396254));
#4370=CARTESIAN_POINT('Ctrl Pts',(-3.60031481592884,-53.1308765417966,84.6952007694696));
#4371=CARTESIAN_POINT('Ctrl Pts',(0.885189481087214,-54.3429395596108,83.7595847779302));
#4372=CARTESIAN_POINT('Ctrl Pts',(3.13804804631466,-54.7715737193369,83.3776260018152));
#4373=CARTESIAN_POINT('Ctrl Pts',(-8.12201082621981,-26.1604847866372,119.139123947114));
#4374=CARTESIAN_POINT('Ctrl Pts',(-8.6259140786872,-26.5493638156661,118.368546900078));
#4375=CARTESIAN_POINT('Ctrl Pts',(-9.64442919171942,-27.3387865792228,116.805378435603));
#4376=CARTESIAN_POINT('Ctrl Pts',(-11.6357258516986,-28.8215808199592,113.802687177364));
#4377=CARTESIAN_POINT('Ctrl Pts',(-14.9115161172014,-31.1761919197141,108.853708379656));
#4378=CARTESIAN_POINT('Ctrl Pts',(-18.0823231463528,-33.7638778717183,103.410411510984));
#4379=CARTESIAN_POINT('Ctrl Pts',(-20.4612856583942,-37.2350117072605,97.3025605722063));
#4380=CARTESIAN_POINT('Ctrl Pts',(-21.1571904011569,-39.8937533319977,93.3916227770049));
#4381=CARTESIAN_POINT('Ctrl Pts',(-20.6630715130537,-43.3256889450593,89.196661341602));
#4382=CARTESIAN_POINT('Ctrl Pts',(-18.7401399475376,-47.2771273525667,85.0333683386558));
#4383=CARTESIAN_POINT('Ctrl Pts',(-14.4083361568724,-51.785606150201,80.7794039604123));
#4384=CARTESIAN_POINT('Ctrl Pts',(-8.34815676710905,-55.7398120930234,76.8315483378023));
#4385=CARTESIAN_POINT('Ctrl Pts',(-3.81305233963437,-57.6144267335865,74.5821976833087));
#4386=CARTESIAN_POINT('Ctrl Pts',(-1.47812060603639,-58.3535935697681,73.5372175299302));
#4387=CARTESIAN_POINT('Ctrl Pts',(-10.7225683664196,-23.7334927809224,120.82375723473));
#4388=CARTESIAN_POINT('Ctrl Pts',(-11.176749148375,-24.1674999231216,119.963735066755));
#4389=CARTESIAN_POINT('Ctrl Pts',(-12.1011507482553,-25.0533651126948,118.223356003376));
#4390=CARTESIAN_POINT('Ctrl Pts',(-13.9228855993213,-26.7385140509792,114.911255170316));
#4391=CARTESIAN_POINT('Ctrl Pts',(-16.9352637333309,-29.4517726811658,109.522753276148));
#4392=CARTESIAN_POINT('Ctrl Pts',(-19.90154016746,-32.4529991777764,103.651597020724));
#4393=CARTESIAN_POINT('Ctrl Pts',(-22.1730144966238,-36.4191136192134,97.0239555752902));
#4394=CARTESIAN_POINT('Ctrl Pts',(-22.8661551806092,-39.4182922959985,92.7415091624376));
#4395=CARTESIAN_POINT('Ctrl Pts',(-22.4364069674263,-43.2564498876394,88.0803861088838));
#4396=CARTESIAN_POINT('Ctrl Pts',(-20.6352540430904,-47.6646582961016,83.3788116220887));
#4397=CARTESIAN_POINT('Ctrl Pts',(-16.4637447522776,-52.7490414779175,78.4571025970924));
#4398=CARTESIAN_POINT('Ctrl Pts',(-10.4815799616736,-57.3582638938182,73.7925522802658));
#4399=CARTESIAN_POINT('Ctrl Pts',(-5.89415644243511,-59.6732674000333,71.0729766980701));
#4400=CARTESIAN_POINT('Ctrl Pts',(-3.49862828349865,-60.6286114587993,69.7941299249242));
#4401=CARTESIAN_POINT('',(8.37188332830445,-57.8287704867021,100.212971484142));
#4402=CARTESIAN_POINT('Origin',(-5.44142810507555,-94.2958793077913,91.3055363047383));
#4403=CARTESIAN_POINT('',(2.96713137039001,-46.2912316225138,115.055802296394));
#4404=CARTESIAN_POINT('Ctrl Pts',(8.37188332865026,-57.8287704870901,100.212971485195));
#4405=CARTESIAN_POINT('Ctrl Pts',(6.13004835788448,-56.8422334102467,99.650633371468));
#4406=CARTESIAN_POINT('Ctrl Pts',(1.71423291263052,-54.7107850166771,98.5753610953701));
#4407=CARTESIAN_POINT('Ctrl Pts',(-4.4205103445532,-51.1687534999434,97.2856628246586));
#4408=CARTESIAN_POINT('Ctrl Pts',(-9.05995360872317,-47.8715205766476,96.7045079803096));
#4409=CARTESIAN_POINT('Ctrl Pts',(-11.2902936589371,-45.6376372494009,97.180941574471));
#4410=CARTESIAN_POINT('Ctrl Pts',(-11.9858527324099,-44.1876749959778,98.3957128160051));
#4411=CARTESIAN_POINT('Ctrl Pts',(-11.3345012077008,-43.5569925551037,100.158387819573));
#4412=CARTESIAN_POINT('Ctrl Pts',(-8.75592894456837,-43.4889386490845,103.686568984632));
#4413=CARTESIAN_POINT('Ctrl Pts',(-5.10884497207384,-44.2019487516484,107.52000364476));
#4414=CARTESIAN_POINT('Ctrl Pts',(-1.19921160613206,-45.1630046148787,111.259405731572));
#4415=CARTESIAN_POINT('Ctrl Pts',(1.15073177287019,-45.7851824594512,113.423699291347));
#4416=CARTESIAN_POINT('Ctrl Pts',(2.35677524802903,-46.1191960939895,114.510879561055));
#4417=CARTESIAN_POINT('Ctrl Pts',(2.96713137039006,-46.2912316225138,115.055802296394));
#4418=CARTESIAN_POINT('Origin',(-24.3580599579067,-53.9144932830387,143.255444147438));
#4419=CARTESIAN_POINT('Ctrl Pts',(-10.7225683664194,-23.7334927809222,120.823757234731));
#4420=CARTESIAN_POINT('Ctrl Pts',(-9.96780158327461,-23.0122509591762,122.252959417969));
#4421=CARTESIAN_POINT('Ctrl Pts',(-8.46759959983622,-21.7279125895788,124.927049133009));
#4422=CARTESIAN_POINT('Ctrl Pts',(-5.64536965080606,-19.7771414380709,129.236069547269));
#4423=CARTESIAN_POINT('Ctrl Pts',(-3.08483963944818,-18.4088445403345,132.253815857626));
#4424=CARTESIAN_POINT('Ctrl Pts',(-1.31803673622526,-17.6897197959396,133.636514963985));
#4425=CARTESIAN_POINT('Ctrl Pts',(1.46738190217631,-16.7146617794775,135.361983772531));
#4426=CARTESIAN_POINT('Ctrl Pts',(3.52353090029477,-16.4488109355902,135.293428907175));
#4427=CARTESIAN_POINT('Ctrl Pts',(6.81312352003404,-16.5143252473237,133.459699718505));
#4428=CARTESIAN_POINT('Ctrl Pts',(8.83516272795765,-16.6927659190331,131.905304212043));
#4429=CARTESIAN_POINT('Ctrl Pts',(12.2622338923038,-17.227727273619,128.346907938961));
#4430=CARTESIAN_POINT('Ctrl Pts',(15.5104965896418,-17.9457956078339,124.318833010377));
#4431=CARTESIAN_POINT('Ctrl Pts',(18.4776343869159,-18.9050478064667,120.238090923061));
#4432=CARTESIAN_POINT('Ctrl Pts',(21.6003289395178,-20.1006678210118,115.814662043622));
#4433=CARTESIAN_POINT('Ctrl Pts',(25.1010809009507,-21.6630491523095,110.668992910237));
#4434=CARTESIAN_POINT('Ctrl Pts',(28.9523027153191,-24.0909416598045,104.2301909385));
#4435=CARTESIAN_POINT('Ctrl Pts',(32.3052308353263,-27.0936578575803,97.724811115856));
#4436=CARTESIAN_POINT('Ctrl Pts',(34.5478755282916,-30.4377499414042,92.0419814649675));
#4437=CARTESIAN_POINT('Ctrl Pts',(35.7545415262192,-33.7165548763861,87.4485330751992));
#4438=CARTESIAN_POINT('Ctrl Pts',(36.440254292619,-37.7491703550132,82.5117637628295));
#4439=CARTESIAN_POINT('Ctrl Pts',(36.0512988148077,-41.9038938580917,78.2898060205329));
#4440=CARTESIAN_POINT('Ctrl Pts',(34.6683857414913,-46.0055927537703,74.6838806072485));
#4441=CARTESIAN_POINT('Ctrl Pts',(32.6944363369065,-49.8878455731281,71.5795908305122));
#4442=CARTESIAN_POINT('Ctrl Pts',(27.7417271486319,-56.1393979477678,67.2756794692029));
#4443=CARTESIAN_POINT('Ctrl Pts',(18.3999128346024,-61.6341580826656,64.7616555556687));
#4444=CARTESIAN_POINT('Ctrl Pts',(6.52175911456354,-63.292227624275,65.6760096053128));
#4445=CARTESIAN_POINT('Ctrl Pts',(-0.363968201286567,-61.8787236206538,
68.1206994058099));
#4446=CARTESIAN_POINT('Ctrl Pts',(-3.49862828400584,-60.628611458597,69.794129925195));
#4447=CARTESIAN_POINT('Ctrl Pts',(-7.25515831281979,-26.9694821218753,118.577579517909));
#4448=CARTESIAN_POINT('Ctrl Pts',(-6.62506320407176,-26.3034932583736,119.725702215844));
#4449=CARTESIAN_POINT('Ctrl Pts',(-5.37508345065578,-25.0924208721038,121.851979299833));
#4450=CARTESIAN_POINT('Ctrl Pts',(-3.07230486460843,-23.1762044563468,125.219099337464));
#4451=CARTESIAN_POINT('Ctrl Pts',(-1.08681666499789,-21.7523611847684,127.52347054943));
#4452=CARTESIAN_POINT('Ctrl Pts',(0.208495445115727,-20.9941872343749,128.597037274933));
#4453=CARTESIAN_POINT('Ctrl Pts',(2.23111805880792,-19.963896145457,129.96095334775));
#4454=CARTESIAN_POINT('Ctrl Pts',(3.67277412801469,-19.7245576385977,130.05256805408));
#4455=CARTESIAN_POINT('Ctrl Pts',(6.37150040241843,-19.8006843208587,128.906477935268));
#4456=CARTESIAN_POINT('Ctrl Pts',(8.11030115258765,-19.9672807210049,127.867373858198));
#4457=CARTESIAN_POINT('Ctrl Pts',(11.2989954137919,-20.3562505696632,125.263857601202));
#4458=CARTESIAN_POINT('Ctrl Pts',(14.4634500575215,-20.808126581335,122.083019107677));
#4459=CARTESIAN_POINT('Ctrl Pts',(17.375750508073,-21.4607792775424,118.699433856564));
#4460=CARTESIAN_POINT('Ctrl Pts',(20.4342292251718,-22.3063149453023,114.917747424102));
#4461=CARTESIAN_POINT('Ctrl Pts',(23.9249430086462,-23.4655924084893,110.26568839469));
#4462=CARTESIAN_POINT('Ctrl Pts',(27.7393813418542,-25.6490761588327,104.137507737888));
#4463=CARTESIAN_POINT('Ctrl Pts',(30.7793251069586,-28.6586260849668,97.9609970031859));
#4464=CARTESIAN_POINT('Ctrl Pts',(32.5572410389092,-31.9622788066628,92.7572521133837));
#4465=CARTESIAN_POINT('Ctrl Pts',(33.3486711429573,-35.0794217814211,88.6598687070398));
#4466=CARTESIAN_POINT('Ctrl Pts',(33.5944749260779,-38.8001925016177,84.3412660737972));
#4467=CARTESIAN_POINT('Ctrl Pts',(32.8978632436968,-42.4734481762059,80.7460004435194));
#4468=CARTESIAN_POINT('Ctrl Pts',(31.39694659274,-45.9773478792712,77.7392275192915));
#4469=CARTESIAN_POINT('Ctrl Pts',(29.443073687266,-49.2273712702102,75.1907980679982));
#4470=CARTESIAN_POINT('Ctrl Pts',(24.8901431851394,-54.3112391906051,71.7537753546006));
#4471=CARTESIAN_POINT('Ctrl Pts',(16.9626975440394,-58.5542517560956,69.9548580324976));
#4472=CARTESIAN_POINT('Ctrl Pts',(7.28096183753144,-59.7351595745159,71.0511385684937));
#4473=CARTESIAN_POINT('Ctrl Pts',(1.7299601959639,-58.5884862175807,73.2872413137328));
#4474=CARTESIAN_POINT('Ctrl Pts',(-0.804618047822183,-57.5952542733928,
74.7849133982579));
#4475=CARTESIAN_POINT('Ctrl Pts',(-1.81383266100454,-34.0123158703719,115.67538315707));
#4476=CARTESIAN_POINT('Ctrl Pts',(-1.40143573882474,-33.4972353951834,116.351298372037));
#4477=CARTESIAN_POINT('Ctrl Pts',(-0.581425125960781,-32.5387308775759,
117.568296853098));
#4478=CARTESIAN_POINT('Ctrl Pts',(0.884950118119626,-30.9484325390232,119.410496536876));
#4479=CARTESIAN_POINT('Ctrl Pts',(2.04156703942918,-29.6784493023899,120.585648277498));
#4480=CARTESIAN_POINT('Ctrl Pts',(2.71418943235006,-28.9500795498904,121.165294151799));
#4481=CARTESIAN_POINT('Ctrl Pts',(3.74626793266945,-27.9159396129817,121.942566142775));
#4482=CARTESIAN_POINT('Ctrl Pts',(4.42979265730297,-27.5490136715179,122.239648642308));
#4483=CARTESIAN_POINT('Ctrl Pts',(6.28693118533665,-27.19602380423,122.06925177319));
#4484=CARTESIAN_POINT('Ctrl Pts',(7.58448766340263,-27.0391725432858,121.775397018893));
#4485=CARTESIAN_POINT('Ctrl Pts',(10.2754988874791,-26.720096082082,120.580077610232));
#4486=CARTESIAN_POINT('Ctrl Pts',(13.1454271692697,-26.3976563312263,118.680410947018));
#4487=CARTESIAN_POINT('Ctrl Pts',(15.8299167752153,-26.3202829723947,116.378834421265));
#4488=CARTESIAN_POINT('Ctrl Pts',(18.6637882468283,-26.412864002453,113.608459896603));
#4489=CARTESIAN_POINT('Ctrl Pts',(22.0589830065345,-26.784899717331,109.738100564012));
#4490=CARTESIAN_POINT('Ctrl Pts',(25.777509738911,-28.5095073155567,104.121012999638));
#4491=CARTESIAN_POINT('Ctrl Pts',(28.3048739875585,-31.5613412969461,98.5498526832233));
#4492=CARTESIAN_POINT('Ctrl Pts',(29.3450850759398,-34.8678072981061,94.2541008783915));
#4493=CARTESIAN_POINT('Ctrl Pts',(29.4972257341158,-37.8011018605139,91.110529170679));
#4494=CARTESIAN_POINT('Ctrl Pts',(29.0846211537472,-41.1212721472425,87.9906511016543));
#4495=CARTESIAN_POINT('Ctrl Pts',(27.9598671851014,-44.1361798676596,85.6247871192169));
#4496=CARTESIAN_POINT('Ctrl Pts',(26.3405397110069,-46.8098431488721,83.8039920079019));
#4497=CARTESIAN_POINT('Ctrl Pts',(24.4863730615933,-49.178660730845,82.3614627776398));
#4498=CARTESIAN_POINT('Ctrl Pts',(20.6777778991082,-52.632817203766,80.6618468393878));
#4499=CARTESIAN_POINT('Ctrl Pts',(15.070112376289,-55.1702535885827,80.3318693035816));
#4500=CARTESIAN_POINT('Ctrl Pts',(8.85525102027231,-55.82501865952,81.8956791476053));
#4501=CARTESIAN_POINT('Ctrl Pts',(5.38108542114578,-55.1834266142234,83.8053875790818));
#4502=CARTESIAN_POINT('Ctrl Pts',(3.77140309536417,-54.6221927718398,85.0006376736652));
#4503=CARTESIAN_POINT('Ctrl Pts',(1.81221686594738,-42.5299974991957,114.953482276572));
#4504=CARTESIAN_POINT('Ctrl Pts',(2.01767779748909,-42.2139721238268,115.263050062844));
#4505=CARTESIAN_POINT('Ctrl Pts',(2.43776210719644,-41.6306690273827,115.815621430143));
#4506=CARTESIAN_POINT('Ctrl Pts',(3.24328376665492,-40.6425501054987,116.660951931658));
#4507=CARTESIAN_POINT('Ctrl Pts',(3.9676374253479,-39.8114237674347,117.217068127994));
#4508=CARTESIAN_POINT('Ctrl Pts',(4.46925281602382,-39.2274637741528,117.519899768471));
#4509=CARTESIAN_POINT('Ctrl Pts',(5.28080358876911,-38.3028631756516,117.947568597898));
#4510=CARTESIAN_POINT('Ctrl Pts',(5.92693045614704,-37.6106571956843,118.195141689786));
#4511=CARTESIAN_POINT('Ctrl Pts',(7.41650236653279,-36.3386697626669,118.241445964893));
#4512=CARTESIAN_POINT('Ctrl Pts',(8.43008408199497,-35.5309134193123,118.169578875179));
#4513=CARTESIAN_POINT('Ctrl Pts',(10.5121384477093,-34.0351740018718,117.574600488434));
#4514=CARTESIAN_POINT('Ctrl Pts',(12.8180522162792,-32.6259086555984,116.392143095127));
#4515=CARTESIAN_POINT('Ctrl Pts',(15.0295507429863,-31.6221951052509,114.819019368707));
#4516=CARTESIAN_POINT('Ctrl Pts',(17.4268943587376,-30.8185009523902,112.793899070878));
#4517=CARTESIAN_POINT('Ctrl Pts',(20.5724668960924,-30.3173954690568,109.533439755263));
#4518=CARTESIAN_POINT('Ctrl Pts',(24.1346798282466,-31.5495180974139,104.359635239526));
#4519=CARTESIAN_POINT('Ctrl Pts',(26.228500832522,-34.6840584056379,99.4341157161226));
#4520=CARTESIAN_POINT('Ctrl Pts',(26.7096728781781,-38.094634144543,96.1350805620609));
#4521=CARTESIAN_POINT('Ctrl Pts',(26.4409436740632,-40.991216271604,94.0351910397191));
#4522=CARTESIAN_POINT('Ctrl Pts',(25.6613097816082,-44.1426692779236,92.2136615775012));
#4523=CARTESIAN_POINT('Ctrl Pts',(24.4187582010263,-46.8279400855442,91.1493673357018));
#4524=CARTESIAN_POINT('Ctrl Pts',(22.9396292555804,-49.0999498246963,90.5418676431369));
#4525=CARTESIAN_POINT('Ctrl Pts',(21.3780496278193,-51.0606898974131,90.2045580347364));
#4526=CARTESIAN_POINT('Ctrl Pts',(18.454861613954,-53.8265925865695,90.1724881200106));
#4527=CARTESIAN_POINT('Ctrl Pts',(14.625387600737,-55.8665158205528,91.1437338565329));
#4528=CARTESIAN_POINT('Ctrl Pts',(10.5652916367159,-56.7109082508235,93.1412612396998));
#4529=CARTESIAN_POINT('Ctrl Pts',(8.28354516621364,-56.5503366508253,94.8226813182763));
#4530=CARTESIAN_POINT('Ctrl Pts',(7.20465516989987,-56.3056286489515,95.7873099677311));
#4531=CARTESIAN_POINT('Ctrl Pts',(2.96713137038993,-46.2912316225137,115.055802296394));
#4532=CARTESIAN_POINT('Ctrl Pts',(3.08789199142053,-46.0612373121344,115.234993007742));
#4533=CARTESIAN_POINT('Ctrl Pts',(3.34591849799167,-45.6430188807879,115.561553857819));
#4534=CARTESIAN_POINT('Ctrl Pts',(3.90756576156962,-44.9268399673115,116.102903818679));
#4535=CARTESIAN_POINT('Ctrl Pts',(4.5250795479713,-44.3016242342784,116.508901279103));
#4536=CARTESIAN_POINT('Ctrl Pts',(5.03875879687664,-43.7873903751041,116.743201999028));
#4537=CARTESIAN_POINT('Ctrl Pts',(5.900558641749,-42.9182060745135,117.076769443191));
#4538=CARTESIAN_POINT('Ctrl Pts',(6.66589559595842,-42.0752803376709,117.252337827413));
#4539=CARTESIAN_POINT('Ctrl Pts',(8.09833094849627,-40.3806806070393,117.232049031622));
#4540=CARTESIAN_POINT('Ctrl Pts',(9.02833889190472,-39.2748931318239,117.144168784726));
#4541=CARTESIAN_POINT('Ctrl Pts',(10.8420017396177,-37.2479320930508,116.632623380759));
#4542=CARTESIAN_POINT('Ctrl Pts',(12.8629030389419,-35.3540885772357,115.63643818728));
#4543=CARTESIAN_POINT('Ctrl Pts',(14.8287931297388,-33.9400449758958,114.30010450127));
#4544=CARTESIAN_POINT('Ctrl Pts',(17.0006081829415,-32.7417814387425,112.538700415558));
#4545=CARTESIAN_POINT('Ctrl Pts',(20.0097694894614,-31.8593697436938,109.505503734113));
#4546=CARTESIAN_POINT('Ctrl Pts',(23.4934866175476,-32.877326571882,104.508039355035));
#4547=CARTESIAN_POINT('Ctrl Pts',(25.4181055645823,-36.0528104316916,99.8647618059708));
#4548=CARTESIAN_POINT('Ctrl Pts',(25.6975199787952,-39.5219953740424,97.0037781735158));
#4549=CARTESIAN_POINT('Ctrl Pts',(25.2953214035419,-42.4247848301913,95.358156700802));
#4550=CARTESIAN_POINT('Ctrl Pts',(24.4213136753254,-45.540577721569,94.0949542225158));
#4551=CARTESIAN_POINT('Ctrl Pts',(23.1951974142468,-48.1402816606017,93.5769649392827));
#4552=CARTESIAN_POINT('Ctrl Pts',(21.8308612584904,-50.317000407187,93.462479770951));
#4553=CARTESIAN_POINT('Ctrl Pts',(20.434134640027,-52.1895686616886,93.5641015174951));
#4554=CARTESIAN_POINT('Ctrl Pts',(17.9134861816833,-54.8367493241219,94.1677908024773));
#4555=CARTESIAN_POINT('Ctrl Pts',(14.7130522501766,-56.8919908432296,95.5895100675136));
#4556=CARTESIAN_POINT('Ctrl Pts',(11.2764647448818,-57.9406836589038,97.7245378360046));
#4557=CARTESIAN_POINT('Ctrl Pts',(9.3102836928678,-57.9678026453308,99.3269346544369));
#4558=CARTESIAN_POINT('Ctrl Pts',(8.37188332769328,-57.8287704864195,100.212971483934));
#4559=CARTESIAN_POINT('Ctrl Pts',(5.84385171050799,-16.495022799212,134.000000059605));
#4560=CARTESIAN_POINT('Ctrl Pts',(5.45474202823718,-16.6325426347167,134.000000059605));
#4561=CARTESIAN_POINT('Ctrl Pts',(5.06055066450171,-16.7600708105793,134.000000059605));
#4562=CARTESIAN_POINT('Ctrl Pts',(4.27004458289133,-16.9869862298821,134.000000059605));
#4563=CARTESIAN_POINT('Ctrl Pts',(3.87407644453342,-17.0865580997337,134.000000059605));
#4564=CARTESIAN_POINT('Ctrl Pts',(3.1852300326607,-17.2312966558147,134.000000059605));
#4565=CARTESIAN_POINT('Ctrl Pts',(2.89703640699519,-17.283427137385,134.000000059626));
#4566=CARTESIAN_POINT('Ctrl Pts',(2.31079422652631,-17.3717494130208,134.000000059626));
#4567=CARTESIAN_POINT('Ctrl Pts',(2.01569820289333,-17.4072299764885,134.000000059604));
#4568=CARTESIAN_POINT('Ctrl Pts',(1.28868025098037,-17.4735115318545,134.000000059604));
#4569=CARTESIAN_POINT('Ctrl Pts',(0.859743297145795,-17.4946872685545,134.000000059605));
#4570=CARTESIAN_POINT('Ctrl Pts',(0.0422891552839443,-17.5066418101573,
134.000000059605));
#4571=CARTESIAN_POINT('Ctrl Pts',(-0.345228111535869,-17.5002905960149,
134.000000059605));
#4572=CARTESIAN_POINT('Ctrl Pts',(-0.731253876495429,-17.4843138822763,
134.000000059605));
#4573=CARTESIAN_POINT('',(5.01247828856232,-43.8134272789459,116.727781397705));
#4574=CARTESIAN_POINT('Ctrl Pts',(2.96713137038993,-46.2912316225137,115.055802296394));
#4575=CARTESIAN_POINT('Ctrl Pts',(3.08789199142053,-46.0612373121344,115.234993007742));
#4576=CARTESIAN_POINT('Ctrl Pts',(3.34591849799167,-45.6430188807879,115.561553857819));
#4577=CARTESIAN_POINT('Ctrl Pts',(3.90756576156962,-44.9268399673115,116.102903818679));
#4578=CARTESIAN_POINT('Ctrl Pts',(4.46508883196071,-44.3623631850706,116.469459117834));
#4579=CARTESIAN_POINT('Ctrl Pts',(4.90653133539474,-43.9198491304543,116.681325445424));
#4580=CARTESIAN_POINT('Ctrl Pts',(5.01247828856232,-43.8134272789459,116.727781397705));
#4581=CARTESIAN_POINT('Ctrl Pts',(5.01247828856232,-43.8134272789459,116.727781397705));
#4582=CARTESIAN_POINT('Ctrl Pts',(5.07981578613693,-43.7457879466802,116.757307754816));
#4583=CARTESIAN_POINT('Ctrl Pts',(5.14820058285623,-43.6770108214664,116.785562434633));
#4584=CARTESIAN_POINT('Ctrl Pts',(5.900558641749,-42.9182060745135,117.076769443191));
#4585=CARTESIAN_POINT('Ctrl Pts',(6.66589559595842,-42.0752803376709,117.252337827413));
#4586=CARTESIAN_POINT('Ctrl Pts',(8.09833094849627,-40.3806806070393,117.232049031622));
#4587=CARTESIAN_POINT('Ctrl Pts',(9.02833889190472,-39.2748931318239,117.144168784726));
#4588=CARTESIAN_POINT('Ctrl Pts',(10.8420017396177,-37.2479320930508,116.632623380759));
#4589=CARTESIAN_POINT('Ctrl Pts',(12.8629030389419,-35.3540885772357,115.63643818728));
#4590=CARTESIAN_POINT('Ctrl Pts',(14.8287931297388,-33.9400449758958,114.30010450127));
#4591=CARTESIAN_POINT('Ctrl Pts',(17.0006081829415,-32.7417814387425,112.538700415558));
#4592=CARTESIAN_POINT('Ctrl Pts',(20.0097694894614,-31.8593697436938,109.505503734113));
#4593=CARTESIAN_POINT('Ctrl Pts',(23.4934866175476,-32.877326571882,104.508039355035));
#4594=CARTESIAN_POINT('Ctrl Pts',(25.4181055645823,-36.0528104316916,99.8647618059708));
#4595=CARTESIAN_POINT('Ctrl Pts',(25.6975199787952,-39.5219953740424,97.0037781735158));
#4596=CARTESIAN_POINT('Ctrl Pts',(25.2953214035419,-42.4247848301913,95.358156700802));
#4597=CARTESIAN_POINT('Ctrl Pts',(24.4213136753254,-45.540577721569,94.0949542225158));
#4598=CARTESIAN_POINT('Ctrl Pts',(23.1951974142468,-48.1402816606017,93.5769649392827));
#4599=CARTESIAN_POINT('Ctrl Pts',(21.8308612584904,-50.317000407187,93.462479770951));
#4600=CARTESIAN_POINT('Ctrl Pts',(20.434134640027,-52.1895686616886,93.5641015174951));
#4601=CARTESIAN_POINT('Ctrl Pts',(17.9134861816833,-54.8367493241219,94.1677908024773));
#4602=CARTESIAN_POINT('Ctrl Pts',(14.7130522501766,-56.8919908432296,95.5895100675136));
#4603=CARTESIAN_POINT('Ctrl Pts',(11.2764647449976,-57.9406836588684,97.7245378359327));
#4604=CARTESIAN_POINT('Ctrl Pts',(9.3102836930887,-57.9678026453278,99.3269346542569));
#4605=CARTESIAN_POINT('Ctrl Pts',(8.37188332800956,-57.8287704864664,100.212971483635));
#4606=CARTESIAN_POINT('Origin',(13.8972079017087,-43.2419269583038,103.775945555976));
#4607=CARTESIAN_POINT('',(7.82140760607515,-44.4684628376393,115.590354576502));
#4608=CARTESIAN_POINT('Origin',(16.0216303620239,-44.4684628376393,105.502919483634));
#4609=CARTESIAN_POINT('Origin',(5.69698514575993,-43.2419269583038,113.863380648844));
#4610=CARTESIAN_POINT('Origin',(13.8972079017087,-43.2419269583038,103.775945555976));
#4611=CARTESIAN_POINT('Origin',(-2.39003096070828,-33.8384852167316,90.5358121105978));
#4612=CARTESIAN_POINT('Origin',(46.5216303620239,8.35908679321149,105.502919483634));
#4613=CARTESIAN_POINT('Origin',(16.0216303620239,-44.4684628376393,105.502919483634));
#4614=CARTESIAN_POINT('Origin',(72.5948636099483,-41.9236105926646,8.49999735610401));
#4615=CARTESIAN_POINT('',(72.5948636099483,-41.9236105926646,6.89999471220803));
#4616=CARTESIAN_POINT('Origin',(-72.6043647087233,-41.9072029632464,8.49999735610401));
#4617=CARTESIAN_POINT('',(-72.6043647087233,-41.9072029632464,6.89999471220803));
#4618=CARTESIAN_POINT('Origin',(0.00947998663974658,83.8308239158697,8.499997356104));
#4619=CARTESIAN_POINT('',(0.00947998663974638,83.8308239158697,6.89999471220801));
#4620=CARTESIAN_POINT('Origin',(-58.8897274573418,34.,17.7106126226729));
#4621=CARTESIAN_POINT('',(-63.8897274573418,25.3397459621556,17.7106126226729));
#4622=CARTESIAN_POINT('Origin',(11.9110704141837,-6.88030515134463,134.000000059605));
#4623=CARTESIAN_POINT('',(14.9110704141837,-6.88030515134463,134.000000059605));
#4624=CARTESIAN_POINT('Origin',(11.9110704141837,-6.88030515134463,134.000000059605));
#4625=CARTESIAN_POINT('',(14.9110704141837,-6.88030515134463,128.000001907349));
#4626=CARTESIAN_POINT('',(14.9110704141837,-6.88030515134463,134.000000059605));
#4627=CARTESIAN_POINT('Origin',(11.9110704141837,-6.88030515134463,128.000001907349));
#4628=CARTESIAN_POINT('Origin',(-11.9140542539452,-6.87513698927599,134.000000059605));
#4629=CARTESIAN_POINT('',(-8.91405425394525,-6.87513698927599,134.000000059605));
#4630=CARTESIAN_POINT('Origin',(-11.9140542539452,-6.87513698927599,134.000000059605));
#4631=CARTESIAN_POINT('',(-8.91405425394525,-6.87513698927599,128.000001907349));
#4632=CARTESIAN_POINT('',(-8.9140542539452,-6.87513698927599,134.000000059605));
#4633=CARTESIAN_POINT('Origin',(-11.9140542539452,-6.87513698927599,128.000001907349));
#4634=CARTESIAN_POINT('Origin',(0.00298383976153264,13.7554421406206,134.000000059605));
#4635=CARTESIAN_POINT('',(2.49999999999914,12.0926401994646,134.000000059605));
#4636=CARTESIAN_POINT('',(2.49999999999914,15.4182440817767,134.000000059605));
#4637=CARTESIAN_POINT('Origin',(0.00298383976153264,13.7554421406206,138.324994553688));
#4638=CARTESIAN_POINT('Origin',(0.00298383976153264,13.7554421406206,134.000000059605));
#4639=CARTESIAN_POINT('Origin',(0.00298383976153264,13.7554421406206,134.000000059605));
#4640=CARTESIAN_POINT('',(3.00298383976153,13.7554421406206,129.000015318405));
#4641=CARTESIAN_POINT('Origin',(0.00298383976153264,13.7554421406206,129.000015318405));
#4642=CARTESIAN_POINT('',(3.00298383976153,13.7554421406206,128.000001907349));
#4643=CARTESIAN_POINT('',(3.00298383976153,13.7554421406206,134.000000059605));
#4644=CARTESIAN_POINT('Origin',(0.00298383976153264,13.7554421406206,128.000001907349));
#4645=CARTESIAN_POINT('Origin',(0.00298383976153264,13.7554421406206,134.000000059605));
#4646=CARTESIAN_POINT('',(-2.50000000000085,15.4092474187258,134.000000059605));
#4647=CARTESIAN_POINT('',(-2.50000000000085,12.1016368625155,134.000000059605));
#4648=CARTESIAN_POINT('Origin',(0.00298383976153264,13.7554421406206,138.33523930115));
#4649=CARTESIAN_POINT('Origin',(0.00298383976153264,13.7554421406206,134.000000059605));
#4650=CARTESIAN_POINT('Origin',(-17.5,0.,134.000000059605));
#4651=CARTESIAN_POINT('',(-2.50000000000086,0.,134.000000059605));
#4652=CARTESIAN_POINT('',(2.49999999999915,0.,134.000000059605));
#4653=CARTESIAN_POINT('',(2.49999999999915,-6.,134.000000059605));
#4654=CARTESIAN_POINT('',(2.49999999999915,0.,134.000000059605));
#4655=CARTESIAN_POINT('',(-2.50000000000085,-6.,134.000000059605));
#4656=CARTESIAN_POINT('',(-8.7500152587879,-6.,134.000000059605));
#4657=CARTESIAN_POINT('',(-2.50000000000086,0.,134.000000059605));
#4658=CARTESIAN_POINT('Origin',(-5.38677978515082,0.,129.000015318405));
#4659=CARTESIAN_POINT('',(-5.38677978515082,-6.,129.000015318405));
#4660=CARTESIAN_POINT('',(-5.38677978515082,-6.,129.000015318405));
#4661=CARTESIAN_POINT('',(-5.38677978515082,0.,129.000015318405));
#4662=CARTESIAN_POINT('Origin',(-3.05175758086307E-5,-6.,131.500007689005));
#4663=CARTESIAN_POINT('',(5.3867187499992,-6.,129.000015318405));
#4664=CARTESIAN_POINT('',(2.49999999999915,-6.,134.000000059605));
#4665=CARTESIAN_POINT('',(5.3867187499992,-6.,129.000015318405));
#4666=CARTESIAN_POINT('Origin',(5.3867187499992,0.,129.000015318405));
#4667=CARTESIAN_POINT('',(5.3867187499992,0.,129.000015318405));
#4668=CARTESIAN_POINT('Origin',(2.49999999999915,0.,134.000000059605));
#4669=CARTESIAN_POINT('Origin',(-82.9995404253589,0.,4.));
#4670=CARTESIAN_POINT('Origin',(3.53320606160357E-31,0.,128.000001907349));
#4671=CARTESIAN_POINT('',(0.,0.,0.));
#4672=CARTESIAN_POINT('',(0.,0.,0.));
#4673=CARTESIAN_POINT('',(0.,0.,0.));
#4674=UNCERTAINTY_MEASURE_WITH_UNIT(LENGTH_MEASURE(0.01),#4682,
'DISTANCE_ACCURACY_VALUE',
'Maximum model space distance between geometric entities at asserted c
onnectivities');
#4675=UNCERTAINTY_MEASURE_WITH_UNIT(LENGTH_MEASURE(0.01),#4682,
'DISTANCE_ACCURACY_VALUE',
'Maximum model space distance between geometric entities at asserted c
onnectivities');
#4676=UNCERTAINTY_MEASURE_WITH_UNIT(LENGTH_MEASURE(0.01),#4682,
'DISTANCE_ACCURACY_VALUE',
'Maximum model space distance between geometric entities at asserted c
onnectivities');
#4677=UNCERTAINTY_MEASURE_WITH_UNIT(LENGTH_MEASURE(0.01),#4682,
'DISTANCE_ACCURACY_VALUE',
'Maximum model space distance between geometric entities at asserted c
onnectivities');
#4678=(
GEOMETRIC_REPRESENTATION_CONTEXT(3)
GLOBAL_UNCERTAINTY_ASSIGNED_CONTEXT((#4674))
GLOBAL_UNIT_ASSIGNED_CONTEXT((#4682,#4684,#4685))
REPRESENTATION_CONTEXT('','3D')
);
#4679=(
GEOMETRIC_REPRESENTATION_CONTEXT(3)
GLOBAL_UNCERTAINTY_ASSIGNED_CONTEXT((#4675))
GLOBAL_UNIT_ASSIGNED_CONTEXT((#4682,#4684,#4685))
REPRESENTATION_CONTEXT('','3D')
);
#4680=(
GEOMETRIC_REPRESENTATION_CONTEXT(3)
GLOBAL_UNCERTAINTY_ASSIGNED_CONTEXT((#4676))
GLOBAL_UNIT_ASSIGNED_CONTEXT((#4682,#4684,#4685))
REPRESENTATION_CONTEXT('','3D')
);
#4681=(
GEOMETRIC_REPRESENTATION_CONTEXT(3)
GLOBAL_UNCERTAINTY_ASSIGNED_CONTEXT((#4677))
GLOBAL_UNIT_ASSIGNED_CONTEXT((#4682,#4684,#4685))
REPRESENTATION_CONTEXT('','3D')
);
#4682=(
LENGTH_UNIT()
NAMED_UNIT(*)
SI_UNIT(.MILLI.,.METRE.)
);
#4683=(
LENGTH_UNIT()
NAMED_UNIT(*)
SI_UNIT($,.METRE.)
);
#4684=(
NAMED_UNIT(*)
PLANE_ANGLE_UNIT()
SI_UNIT($,.RADIAN.)
);
#4685=(
NAMED_UNIT(*)
SI_UNIT($,.STERADIAN.)
SOLID_ANGLE_UNIT()
);
#4686=SHAPE_DEFINITION_REPRESENTATION(#4689,#4694);
#4687=SHAPE_DEFINITION_REPRESENTATION(#4690,#4695);
#4688=SHAPE_DEFINITION_REPRESENTATION(#4691,#4696);
#4689=PRODUCT_DEFINITION_SHAPE('',$,#4698);
#4690=PRODUCT_DEFINITION_SHAPE('',$,#4699);
#4691=PRODUCT_DEFINITION_SHAPE('',$,#4700);
#4692=PRODUCT_DEFINITION_SHAPE($,$,#17);
#4693=PRODUCT_DEFINITION_SHAPE($,$,#18);
#4694=SHAPE_REPRESENTATION('',(#1459,#1591,#1592),#4678);
#4695=SHAPE_REPRESENTATION('',(#1460),#4679);
#4696=SHAPE_REPRESENTATION('',(#1590),#4680);
#4697=PRODUCT_DEFINITION_CONTEXT('part definition',#4708,'design');
#4698=PRODUCT_DEFINITION('Dome','dome_mod',#4701,#4697);
#4699=PRODUCT_DEFINITION('2026-08-03-15-43-26-614','Component1',#4702,#4697);
#4700=PRODUCT_DEFINITION('2026-08-03-15-43-38-333','Component2',#4703,#4697);
#4701=PRODUCT_DEFINITION_FORMATION('',$,#4710);
#4702=PRODUCT_DEFINITION_FORMATION('',$,#4711);
#4703=PRODUCT_DEFINITION_FORMATION('',$,#4712);
#4704=PRODUCT_RELATED_PRODUCT_CATEGORY('dome_mod','dome_mod',(#4710));
#4705=PRODUCT_RELATED_PRODUCT_CATEGORY('Component1','Component1',(#4711));
#4706=PRODUCT_RELATED_PRODUCT_CATEGORY('Component2','Component2',(#4712));
#4707=APPLICATION_PROTOCOL_DEFINITION('international standard',
'automotive_design',2009,#4708);
#4708=APPLICATION_CONTEXT(
'Core Data for Automotive Mechanical Design Process');
#4709=PRODUCT_CONTEXT('part definition',#4708,'mechanical');
#4710=PRODUCT('Dome','dome_mod',$,(#4709));
#4711=PRODUCT('2026-08-03-15-43-26-614','Component1',$,(#4709));
#4712=PRODUCT('2026-08-03-15-43-38-333','Component2',$,(#4709));
#4713=PRESENTATION_STYLE_ASSIGNMENT((#4715));
#4714=PRESENTATION_STYLE_ASSIGNMENT((#4716));
#4715=SURFACE_STYLE_USAGE(.BOTH.,#4717);
#4716=SURFACE_STYLE_USAGE(.BOTH.,#4718);
#4717=SURFACE_SIDE_STYLE('',(#4719));
#4718=SURFACE_SIDE_STYLE('',(#4720));
#4719=SURFACE_STYLE_FILL_AREA(#4721);
#4720=SURFACE_STYLE_FILL_AREA(#4722);
#4721=FILL_AREA_STYLE('Steel - Satin',(#4723));
#4722=FILL_AREA_STYLE('Opaque(89,89,89)',(#4724));
#4723=FILL_AREA_STYLE_COLOUR('Steel - Satin',#4725);
#4724=FILL_AREA_STYLE_COLOUR('Opaque(89,89,89)',#4726);
#4725=COLOUR_RGB('Steel - Satin',0.627450980392157,0.627450980392157,0.627450980392157);
#4726=COLOUR_RGB('Opaque(89,89,89)',0.349019607843137,0.349019607843137,
0.349019607843137);
ENDSEC;
END-ISO-10303-21;
